Event_type,lat,lon,intensity,year,month,day,hour,dayofweek,is_weekend,cluster
Typhoon,8.3,151.5,3.58351893845611,2026,1,1,0,3,0,5132
Typhoon,8.2,151.2,3.713572066704308,2026,1,1,0,3,0,5132
Typhoon,8.2,151.0,3.828641396489095,2026,1,1,0,3,0,5132
Typhoon,8.1,150.9,4.02535169073515,2026,1,1,0,3,0,5132
Typhoon,8.0,151.0,4.110873864173311,2026,1,1,0,3,0,5132
Typhoon,8.5,151.5,4.330733340286331,2026,1,1,0,3,0,5132
Typhoon,8.8,151.4,4.394449154672439,2026,1,1,0,3,0,5132
Typhoon,9.0,151.1,4.454347296253507,2026,1,1,0,3,0,5132
Typhoon,9.3,151.5,4.564348191467836,2026,1,1,0,3,0,5132
Typhoon,9.9,151.2,4.709530201312334,2026,1,1,0,3,0,5132
Typhoon,10.3,150.6,4.875197323201151,2026,1,1,0,3,0,5132
Fire,42.9227232,-88.483243,7.227299324582662,2026,1,1,0,3,0,4774
Wildfire,36.568752,-96.849207,8.504107951867582,2026,1,1,0,3,0,-1
Wildfire,36.471122,-96.232358,8.629092283913646,2026,1,1,0,3,0,-1
Fire,31.56518,-95.13378,6.2166061010848646,2026,1,1,0,3,0,4769
Wildfire,34.435,-78.5313889,6.637258031284457,2026,1,1,0,3,0,-1
Fire,35.95415,-92.167783,7.103322062526113,2026,1,1,0,3,0,4769
Wildfire,36.695248,-96.059996,7.238496840894365,2026,1,1,0,3,0,-1
Fire,31.5102,-88.8983,6.368187186350492,2026,1,1,0,3,0,4769
Fire,31.142233,-92.634817,6.641182169740591,2026,1,1,0,3,0,4769
Fire,33.655288,-83.27194,6.778784897685177,2026,1,1,0,3,0,4770
Wildfire,35.68405,-104.67037,7.255591274253665,2026,1,1,0,3,0,-1
Other,30.492511,-94.638858,6.2166061010848646,2026,1,1,0,3,0,-1
Wildfire,36.779277,-96.225036,7.138866999945524,2026,1,1,0,3,0,-1
Fire,38.2051,-86.6266,7.154615356913663,2026,1,1,0,3,0,-1
Fire,35.1749,-93.426325,6.698268054115413,2026,1,1,0,3,0,4769
Fire,31.05635,-88.859583,7.215975002651466,2026,1,1,0,3,0,4769
Fire,32.5163,-89.6524,7.528869256642251,2026,1,1,0,3,0,4769
Fire,34.8459,-89.0287,6.839476438228843,2026,1,1,0,3,0,4770
Fire,31.402,-90.984,6.893656354602635,2026,1,1,0,3,0,4769
Fire,31.174617,-93.626833,8.201385955238608,2026,1,1,0,3,0,4769
Fire,30.529633,-95.652333,7.938445551164788,2026,1,1,0,3,0,4769
Fire,30.536367,-95.569167,6.664409020350408,2026,1,1,0,3,0,4769
Fire,34.761897,-94.096898,7.379632152609552,2026,1,1,0,3,0,4769
Fire,35.734,-93.9,7.215239978730097,2026,1,1,0,3,0,4769
Fire,34.933333,-93.666667,8.143807976771484,2026,1,1,0,3,0,4769
Fire,35.845119,-93.523297,7.466227556215481,2026,1,1,0,3,0,4769
Fire,33.155833,-86.091944,6.302618975744905,2026,1,1,0,3,0,4770
Fire,33.407033,-83.376383,7.072421900537371,2026,1,1,0,3,0,4770
Fire,46.164317,-113.877617,6.68586094706836,2026,1,1,0,3,0,-1
Fire,31.635,-90.73,6.695798917058491,2026,1,1,0,3,0,4769
Fire,32.4037,-89.5682,7.167809184316444,2026,1,1,0,3,0,4769
Fire,32.4098,-89.6599,6.658011045870748,2026,1,1,0,3,0,4769
Fire,34.7893,-89.2329,6.251903883165888,2026,1,1,0,3,0,4770
Fire,35.6695,-94.3093,7.186901020411631,2026,1,1,0,3,0,4769
Fire,35.218256,-93.395096,7.6093665379542115,2026,1,1,0,3,0,4769
Wildfire,36.539489,-96.362972,6.311734809152915,2026,1,1,0,3,0,-1
Fire,34.783517,-94.254627,8.402231172946555,2026,1,1,0,3,0,4769
Fire,30.52045,-95.728667,7.368970402194793,2026,1,1,0,3,0,4769
Fire,34.525556,-93.738056,7.738488122494646,2026,1,1,0,3,0,4769
Fire,30.524133,-95.57925,6.569481420414296,2026,1,1,0,3,0,4769
Fire,35.808903,-93.464358,6.858565034791365,2026,1,1,0,3,0,4769
Wildfire,36.463582,-96.616347,7.742835955430749,2026,1,1,0,3,0,-1
Fire,31.197633,-92.562217,7.374001859350161,2026,1,1,0,3,0,4769
Fire,34.671333,-93.484417,7.288927694521257,2026,1,1,0,3,0,4769
Wildfire,35.468784,-101.832244,7.141245122350491,2026,1,1,0,3,0,-1
Fire,43.0403647,-88.3992015,6.459904454377535,2026,1,1,0,3,0,4774
Fire,36.969,-84.229,7.543273346705446,2026,1,1,0,3,0,-1
Fire,33.36415,-83.464333,7.463363045520021,2026,1,1,0,3,0,4770
Fire,33.198667,-83.505083,7.428333194190806,2026,1,1,0,3,0,4770
Fire,34.766957,-94.260589,6.693323668269949,2026,1,1,0,3,0,4769
Fire,34.524444,-93.649722,6.656726524178391,2026,1,1,0,3,0,4769
Fire,34.49759,-89.382263,7.656337166430183,2026,1,1,0,3,0,4770
Wildfire,26.4713889,-81.0269444,6.333279628139691,2026,1,1,0,3,0,-1
Cyclone,-13.8,171.8,3.713572066704308,2026,1,1,0,3,0,1913
Cyclone,-14.5,172.3,4.02535169073515,2026,1,1,0,3,0,1913
Cyclone,-14.9,172.4,4.110873864173311,2026,1,1,0,3,0,1913
Cyclone,-15.1,172.6,4.330733340286331,2026,1,1,0,3,0,1913
Cyclone,-15.7,173.1,4.394449154672439,2026,1,1,0,3,0,1913
Cyclone,-16.1,173.6,4.51085950651685,2026,1,1,0,3,0,1913
Cyclone,-16.5,173.8,4.564348191467836,2026,1,1,0,3,0,1913
Cyclone,-17.1,174.4,4.564348191467836,2026,1,1,0,3,0,1913
Cyclone,-18.1,174.8,4.61512051684126,2026,1,1,0,3,0,1913
Cyclone,-19.2,175.3,4.61512051684126,2026,1,1,0,3,0,1913
Cyclone,-20.0,175.9,4.564348191467836,2026,1,1,0,3,0,1913
Cyclone,-21.1,177.0,4.51085950651685,2026,1,1,0,3,0,1913
Cyclone,-22.2,177.4,4.394449154672439,2026,1,1,0,3,0,1913
Cyclone,-23.4,177.8,4.330733340286331,2026,1,1,0,3,0,1913
Cyclone,-24.4,178.4,4.330733340286331,2026,1,1,0,3,0,1913
Cyclone,-25.4,178.5,4.110873864173311,2026,1,1,0,3,0,1913
Cyclone,-26.2,178.8,4.02535169073515,2026,1,1,0,3,0,1913
Cyclone,-26.8,179.0,4.02535169073515,2026,1,1,0,3,0,1913
Wildfire,32.76539,-87.04236,7.409136443920128,2026,1,1,0,3,0,-1
Cyclone,-9.1,155.1,3.58351893845611,2026,1,1,0,3,0,1914
Cyclone,-9.1,154.9,3.713572066704308,2026,1,1,0,3,0,1914
Cyclone,-9.0,154.7,3.9318256327243257,2026,1,1,0,3,0,1914
Cyclone,-8.9,154.4,4.110873864173311,2026,1,1,0,3,0,1914
Cyclone,-8.8,154.2,4.189654742026425,2026,1,1,0,3,0,1914
Cyclone,-9.2,154.4,4.189654742026425,2026,1,1,0,3,0,1914
Cyclone,-9.3,154.6,4.330733340286331,2026,1,1,0,3,0,1914
Cyclone,-9.5,154.6,4.454347296253507,2026,1,1,0,3,0,1914
Cyclone,-9.5,154.7,4.51085950651685,2026,1,1,0,3,0,1914
Cyclone,-9.7,155.3,4.454347296253507,2026,1,1,0,3,0,1914
Cyclone,-9.7,155.5,4.564348191467836,2026,1,1,0,3,0,1914
Cyclone,-9.9,156.1,4.51085950651685,2026,1,1,0,3,0,1914
Cyclone,-9.9,156.4,4.51085950651685,2026,1,1,0,3,0,1914
Cyclone,-9.9,156.5,4.61512051684126,2026,1,1,0,3,0,1914
Cyclone,-9.7,156.3,4.709530201312334,2026,1,1,0,3,0,1914
Cyclone,-9.5,156.0,4.836281906951478,2026,1,1,0,3,0,1914
Cyclone,-9.0,155.9,4.7535901911063645,2026,1,1,0,3,0,1914
Cyclone,-8.6,155.9,4.709530201312334,2026,1,1,0,3,0,1914
Cyclone,-8.6,155.7,4.663439094112067,2026,1,1,0,3,0,1914
Cyclone,-8.6,155.5,4.61512051684126,2026,1,1,0,3,0,1914
Cyclone,-8.5,155.1,4.61512051684126,2026,1,1,0,3,0,1914
Cyclone,-8.5,154.7,4.564348191467836,2026,1,1,0,3,0,1914
Cyclone,-8.3,154.4,4.454347296253507,2026,1,1,0,3,0,1914
Cyclone,-8.2,154.4,4.394449154672439,2026,1,1,0,3,0,1914
Cyclone,-8.1,154.6,4.262679877041316,2026,1,1,0,3,0,1914
Cyclone,-8.3,154.5,4.02535169073515,2026,1,1,0,3,0,1914
Cyclone,-8.4,154.3,3.828641396489095,2026,1,1,0,3,0,1914
Cyclone,-8.2,154.2,3.713572066704308,2026,1,1,0,3,0,1914
Cyclone,-7.8,154.6,3.58351893845611,2026,1,1,0,3,0,1914
Fire,27.607297,-81.172485,7.496097345175956,2026,1,1,0,3,0,4771
Wildfire,26.228889,-81.279167,6.238324625039508,2026,1,1,0,3,0,-1
Wildfire,33.891678,-117.078415,8.337348564497175,2026,1,1,0,3,0,-1
Fire,42.8455985,-88.630401,6.688728243179767,2026,1,1,0,3,0,4774
Wildfire,27.652481,-81.350623,7.905810312658931,2026,1,1,0,3,0,-1
Fire,45.7153853,-92.6888328,6.487227293196927,2026,1,1,0,3,0,-1
Fire,31.407942,-95.537898,6.90875477931522,2026,1,1,0,3,0,4769
Fire,34.800258,-94.327475,7.246368080102461,2026,1,1,0,3,0,4769
Wildfire,38.396085,-75.97625,7.313886831633462,2026,1,1,0,3,0,-1
Fire,32.667308,-94.104296,6.234410725718371,2026,1,1,0,3,0,4769
Fire,34.421667,-81.528333,6.40902290290353,2026,1,1,0,3,0,4770
Wildfire,35.0475,-95.3977778,6.226536669287466,2026,1,1,0,3,0,4872
Wildfire,33.4077778,-86.5408333,7.824445930877619,2026,1,1,0,3,0,-1
Wildfire,32.2358333,-87.915,6.3473892096560105,2026,1,1,0,3,0,-1
Fire,34.805454,-94.248164,7.543802867501509,2026,1,1,0,3,0,4769
Fire,31.347207,-95.258555,7.2254814727822945,2026,1,1,0,3,0,4769
Fire,34.564167,-93.801389,8.241703159729818,2026,1,1,0,3,0,4769
Fire,31.5429,-88.8988,7.275864600546533,2026,1,1,0,3,0,4769
Fire,33.1173,-83.6958,6.218600119691729,2026,1,1,0,3,0,4770
Fire,31.413583,-94.193667,7.419380582918692,2026,1,1,0,3,0,4769
Wildfire,31.4411111,-82.5197222,7.154615356913663,2026,1,1,0,3,0,-1
Wildfire,36.31295,-81.1739,6.398594934535208,2026,1,1,0,3,0,-1
Fire,39.474996,-82.146232,7.604396348796338,2026,1,1,0,3,0,-1
Fire,39.449275,-82.124323,6.591673732008658,2026,1,1,0,3,0,-1
Fire,38.3132,-86.6787,6.452048954437226,2026,1,1,0,3,0,-1
Fire,33.376697,-83.41644,7.31455283232408,2026,1,1,0,3,0,4770
Wildfire,40.496668,-99.615742,7.090909822079984,2026,1,1,0,3,0,-1
Fire,44.2254153,-90.2632005,6.413786772282569,2026,1,1,0,3,0,-1
Fire,36.800278,-92.754167,7.666221925662725,2026,1,1,0,3,0,4769
Wildfire,36.5468,-96.077,7.501634457883413,2026,1,1,0,3,0,-1
Wildfire,36.820957,-96.45943,7.976251943745623,2026,1,1,0,3,0,-1
Fire,45.526033,-113.921867,7.170888478512505,2026,1,1,0,3,0,-1
Wildfire,35.146209,-103.285447,8.207674424355282,2026,1,1,0,3,0,-1
Wildfire,33.374444,-89.955556,7.313886831633462,2026,1,1,0,3,0,-1
Fire,30.3957,-94.34081,6.478509642208569,2026,1,1,0,3,0,4769
Fire,48.604201,-118.293279,6.2766434893416445,2026,1,1,0,3,0,-1
Wildfire,33.3744444,-89.9555556,7.313886831633462,2026,1,1,0,3,0,-1
Wildfire,38.20875,-98.47647,6.2166061010848646,2026,1,1,0,3,0,-1
Wildfire,35.0533333,-95.3672222,7.097548850614793,2026,1,1,0,3,0,4872
Wildfire,36.9369444,-95.0955556,6.398594934535208,2026,1,1,0,3,0,-1
Wildfire,36.4778,-96.6398,7.818832443803404,2026,1,1,0,3,0,-1
Wildfire,36.005,-98.3569444,6.431331081933479,2026,1,1,0,3,0,-1
Wildfire,47.885474,-95.257567,6.490723534502507,2026,1,1,0,3,0,-1
Fire,31.736,-90.734,6.320768294250582,2026,1,1,0,3,0,4769
Wildfire,42.001111,-101.760772,9.53285855926342,2026,1,1,0,3,0,-1
Wildfire,42.021944,-101.927778,10.52274596768403,2026,1,1,0,3,0,-1
Fire,32.036667,-92.825556,7.504942068396171,2026,1,1,0,3,0,4769
Fire,31.103717,-94.35225,8.519390774959724,2026,1,1,0,3,0,4769
Fire,31.135,-92.646933,6.83087423464618,2026,1,1,0,3,0,4769
Fire,34.588056,-81.635,6.966024187106113,2026,1,1,0,3,0,4770
Wildfire,34.7991667,-95.5319444,7.104144092987527,2026,1,1,0,3,0,4872
Wildfire,37.846389,-104.638056,6.459904454377535,2026,1,1,0,3,0,-1
Wildfire,31.131093,-95.158513,6.704414354964107,2026,1,1,0,3,0,-1
Fire,33.240418,-83.476397,6.778784897685177,2026,1,1,0,3,0,4770
Wildfire,31.83,-86.9869444,6.563855526532128,2026,1,1,0,3,0,-1
Fire,34.365,-87.2674,6.697034247666484,2026,1,1,0,3,0,4770
Fire,31.189088,-94.886818,8.351138607086154,2026,1,1,0,3,0,4769
Fire,40.400583,-89.8787,7.467942332285852,2026,1,1,0,3,0,-1
Fire,34.818241,-94.318322,8.09101504171053,2026,1,1,0,3,0,4769
Fire,34.425278,-93.545833,8.246171559857563,2026,1,1,0,3,0,4769
Fire,34.669806,-93.46725,7.828834527588089,2026,1,1,0,3,0,4769
Fire,37.878829,-83.68166,6.9865664594064265,2026,1,1,0,3,0,-1
Wildfire,29.0691667,-82.5494444,6.352594552506953,2026,1,1,0,3,0,-1
Fire,33.117915,-83.494928,6.922643891475888,2026,1,1,0,3,0,4770
Fire,34.130612,-109.79702,6.922643891475888,2026,1,1,0,3,0,4772
Fire,47.625617,-108.900717,7.701200180857446,2026,1,1,0,3,0,-1
Fire,38.718611,-82.506944,6.741700694652055,2026,1,1,0,3,0,-1
Wildfire,36.1373333,-95.1038333,7.177782416195197,2026,1,1,0,3,0,4872
Wildfire,36.627446,-96.125892,6.54965074223381,2026,1,1,0,3,0,-1
Wildfire,35.71033333,-101.4915333,7.9854843567338225,2026,1,1,0,3,0,-1
Wildfire,36.4916,-96.15697,6.343880434126331,2026,1,1,0,3,0,-1
Fire,34.822777,-94.194099,8.009695357742922,2026,1,1,0,3,0,4769
Fire,35.7401,-94.3509,7.759614150696903,2026,1,1,0,3,0,4769
Fire,34.584167,-93.668056,6.54965074223381,2026,1,1,0,3,0,4769
Fire,34.6885,-95.6025,7.222566018822171,2026,1,1,0,3,0,4769
Fire,37.598086,-80.063054,7.085064293952548,2026,1,1,0,3,0,-1
Fire,33.169817,-83.674067,7.716906135298388,2026,1,1,0,3,0,4770
Wildfire,35.0336111,-95.2988889,6.398594934535208,2026,1,1,0,3,0,4872
Wildfire,35.6228333,-94.7365,6.569481420414296,2026,1,1,0,3,0,4872
Wildfire,36.1103333,-94.7343333,7.131698510466912,2026,1,1,0,3,0,4872
Wildfire,35.5188889,-96.4380556,7.634820677745543,2026,1,1,0,3,0,4872
Wildfire,34.2797222,-85.4469444,6.2166061010848646,2026,1,1,0,3,0,-1
Fire,37.977383,-80.131283,6.647688373563329,2026,1,1,0,3,0,-1
Fire,37.024717,-91.245283,6.492239835020471,2026,1,1,0,3,0,4769
Wildfire,35.207222,-95.987222,7.614312146452,2026,1,1,0,3,0,4872
Wildfire,35.203333,-95.803611,6.523562306149512,2026,1,1,0,3,0,4872
Fire,32.3396,-89.3958,7.48324441607385,2026,1,1,0,3,0,4769
Wildfire,35.6081667,-94.7688333,6.398594934535208,2026,1,1,0,3,0,4872
Fire,30.671033,-89.0925,6.688354713946762,2026,1,1,0,3,0,4769
Fire,37.99645,-90.96295,7.293017679772782,2026,1,1,0,3,0,4769
Fire,36.059167,-93.163889,6.55250788703459,2026,1,1,0,3,0,4769
Fire,31.529,-88.913,7.378383712996714,2026,1,1,0,3,0,4769
Fire,35.2159,-83.5877,6.933423025730715,2026,1,1,0,3,0,4770
Wildfire,35.6419444,-94.6327778,6.329720905522696,2026,1,1,0,3,0,4872
Wildfire,36.0330556,-94.8066667,7.027669375647474,2026,1,1,0,3,0,4872
Fire,34.636389,-81.650833,7.032624261028007,2026,1,1,0,3,0,4770
Fire,33.17875,-79.537472,7.0587581525186645,2026,1,1,0,3,0,-1
Wildfire,35.015,-96.9775,6.754604099487962,2026,1,1,0,3,0,4872
Fire,37.384629,-88.701897,7.232010331664759,2026,1,1,0,3,0,4769
Fire,33.161772,-83.789,7.093404625868766,2026,1,1,0,3,0,4770
Wildfire,36.0866667,-99.2852778,6.436150368369428,2026,1,1,0,3,0,-1
Wildfire,34.8483333,-88.7819444,6.688354713946762,2026,1,1,0,3,0,-1
Wildfire,30.5072222,-85.3222222,6.2166061010848646,2026,1,1,0,3,0,-1
Fire,33.1396,-83.7338,6.697034247666484,2026,1,1,0,3,0,4770
Fire,33.320013,-83.461761,6.825460036255307,2026,1,1,0,3,0,4770
Fire,36.892,-82.462667,7.322510433997394,2026,1,1,0,3,0,-1
Fire,38.416361,-79.283194,7.322510433997394,2026,1,1,0,3,0,-1
Fire,34.555278,-93.309722,8.182559264068665,2026,1,1,0,3,0,4769
Fire,34.778333,-77.1,6.829793737512425,2026,1,1,0,3,0,-1
Wildfire,34.3602778,-95.5191667,7.378383712996714,2026,1,1,0,3,0,4872
Wildfire,44.860117,-108.222067,7.557994958530806,2026,1,1,0,3,0,-1
Wildfire,37.6749,-96.5991,7.351158226430694,2026,1,1,0,3,0,-1
Fire,33.41174,-83.414038,7.165493475060845,2026,1,1,0,3,0,4770
Fire,34.806,-94.216,6.481577129276431,2026,1,1,0,3,0,4769
Fire,34.882067,-93.870917,6.941190055068375,2026,1,1,0,3,0,4769
Fire,31.740833,-92.445278,7.283448228756631,2026,1,1,0,3,0,4769
Wildfire,33.364143,-85.917891,6.928537818164665,2026,1,1,0,3,0,-1
Wildfire,34.2769444,-85.4477778,6.234410725718371,2026,1,1,0,3,0,-1
Fire,32.674783,-87.055383,7.170888478512505,2026,1,1,0,3,0,4770
Fire,35.220783,-84.254,7.55171221535131,2026,1,1,0,3,0,4770
Wildfire,36.426885,-96.280622,8.517393171418904,2026,1,1,0,3,0,-1
Fire,36.90875,-82.450217,7.244941546337007,2026,1,1,0,3,0,-1
Fire,34.644444,-81.683333,6.410174881966167,2026,1,1,0,3,0,4770
Fire,37.655333,-80.07,6.220590170099739,2026,1,1,0,3,0,-1
Fire,33.0131,-83.6682,6.35088571671474,2026,1,1,0,3,0,4770
Fire,33.1793,-83.480883,7.696667081526462,2026,1,1,0,3,0,4770
Fire,33.705185,-96.789282,6.616065185132817,2026,1,1,0,3,0,4769
Wildfire,42.90757,-106.14654,8.746398334109042,2026,1,1,0,3,0,-1
Fire,37.830978,-89.513588,7.1846291527173145,2026,1,1,0,3,0,4769
Fire,34.882067,-93.870917,6.731018100482083,2026,1,1,0,3,0,4769
Fire,34.768276,-93.97866,7.3864708488298945,2026,1,1,0,3,0,4769
Wildfire,36.4266,-96.280967,8.517393171418904,2026,1,1,0,3,0,-1
Fire,32.45655,-107.62402,8.071218539969863,2026,1,1,0,3,0,-1
Fire,33.441667,-85.908056,7.8009820712577405,2026,1,1,0,3,0,4770
Fire,36.955356,-90.68759,6.555356891810665,2026,1,1,0,3,0,4769
Fire,31.372,-91.077,6.648984550024776,2026,1,1,0,3,0,4769
Fire,31.469917,-93.809533,7.755338812846501,2026,1,1,0,3,0,4769
Fire,31.4912,-88.7483,7.00850518208228,2026,1,1,0,3,0,4769
Fire,34.30163,-87.2295,6.75110146893676,2026,1,1,0,3,0,4770
Fire,35.220262,-93.365711,6.51471269087253,2026,1,1,0,3,0,4769
Fire,32.888971,-87.028753,6.955592608396297,2026,1,1,0,3,0,4770
Fire,34.638603,-93.411794,7.644440761556566,2026,1,1,0,3,0,4769
Fire,34.411944,-94.313611,6.823286122355687,2026,1,1,0,3,0,4769
Fire,34.338967,-94.71035,6.2166061010848646,2026,1,1,0,3,0,4769
Fire,33.943442,-82.402642,6.35088571671474,2026,1,1,0,3,0,4770
Fire,33.931944,-82.478506,6.558197802812269,2026,1,1,0,3,0,4770
Fire,34.467222,-81.575,7.165493475060845,2026,1,1,0,3,0,4770
Fire,37.432883,-91.098967,7.252053951852814,2026,1,1,0,3,0,4769
Fire,33.1448,-83.7738,6.234410725718371,2026,1,1,0,3,0,4770
Fire,37.44427,-88.552696,6.76849321164863,2026,1,1,0,3,0,4769
Fire,36.890617,-90.526367,7.271703706887368,2026,1,1,0,3,0,4769
Wildfire,30.310367,-84.812867,7.469083884921234,2026,1,1,0,3,0,-1
Fire,33.235117,-83.812067,7.5480289699350145,2026,1,1,0,3,0,4770
Fire,34.5875,-93.784444,7.655864017616056,2026,1,1,0,3,0,4769
Fire,34.314694,-87.3185,6.694562058521095,2026,1,1,0,3,0,4770
Fire,33.380666,-85.906632,7.434257382133135,2026,1,1,0,3,0,4770
Fire,32.127716,-92.874123,7.24850407237061,2026,1,1,0,3,0,4769
Fire,31.25011,-95.187895,8.301521654940728,2026,1,1,0,3,0,4769
Fire,31.27175,-93.7682,7.732369222284388,2026,1,1,0,3,0,4769
Fire,34.642028,-93.5005,7.4318919168078,2026,1,1,0,3,0,4769
Fire,33.81055556,-95.70388889,6.621405651764134,2026,1,1,0,3,0,4769
Fire,34.768276,-93.97866,7.820439515262181,2026,1,1,0,3,0,4769
Fire,30.525217,-95.635033,6.881411303642535,2026,1,1,0,3,0,4769
Fire,35.257,-93.4343,7.409741954080923,2026,1,1,0,3,0,4769
Fire,32.981519,-87.507098,7.291656209174461,2026,1,1,0,3,0,4770
Fire,31.1053,-92.616,6.639875833826536,2026,1,1,0,3,0,4769
Fire,35.7,-93.911,7.244941546337007,2026,1,1,0,3,0,4769
Fire,36.4452,-94.0487,6.2878585601617845,2026,1,1,0,3,0,4769
Fire,34.958417,-93.514833,7.53955882930103,2026,1,1,0,3,0,4769
Wildfire,36.3578,-96.3132,8.517393171418904,2026,1,1,0,3,0,-1
Fire,31.356667,-110.305833,7.135687347028144,2026,1,1,0,3,0,-1
Fire,31.581389,-110.331944,6.447305862541213,2026,1,1,0,3,0,-1
Fire,33.2402,-83.520117,7.204892510204673,2026,1,1,0,3,0,4770
Wildfire,38.527029,-104.963722,8.90734159541251,2026,1,1,0,3,0,-1
Fire,34.3097,-110.8792,6.776506992372183,2026,1,1,0,3,0,4772
Fire,31.302,-90.998,6.854354502255021,2026,1,1,0,3,0,4769
Fire,33.9493,-88.9175,6.945051063725834,2026,1,1,0,3,0,4770
Fire,32.3932,-89.6363,7.668561108015897,2026,1,1,0,3,0,4769
Fire,31.277529,-95.202153,7.434847875211999,2026,1,1,0,3,0,4769
Fire,31.478816,-95.287414,7.15305163493748,2026,1,1,0,3,0,4769
Fire,30.535383,-95.71155,7.416378479192928,2026,1,1,0,3,0,4769
Fire,33.2,-86.1,6.511745329644728,2026,1,1,0,3,0,4770
Fire,36.285056,-94.821583,7.078341579557671,2026,1,1,0,3,0,4769
Fire,34.7039,-95.5726,7.336285660021297,2026,1,1,0,3,0,4769
Fire,31.714333,-93.958717,7.245655067594535,2026,1,1,0,3,0,4769
Fire,35.1505,-93.3897,6.86171134048073,2026,1,1,0,3,0,4769
Fire,38.026954,-89.511504,6.3784261836515865,2026,1,1,0,3,0,4769
Fire,35.687897,-93.028483,7.037905963447182,2026,1,1,0,3,0,4769
Fire,31.015383,-92.61045,6.933423025730715,2026,1,1,0,3,0,4769
Wildfire,35.285278,-95.921667,6.935175874558129,2026,1,1,0,3,0,4872
Fire,33.002553,-87.498451,7.379632152609552,2026,1,1,0,3,0,4770
Fire,31.44231,-92.340505,6.8501261661455,2026,1,1,0,3,0,4769
Fire,34.716671,-94.038643,6.637258031284457,2026,1,1,0,3,0,4769
Fire,36.023633,-92.4196,7.467371066917559,2026,1,1,0,3,0,4769
Fire,34.830681,-94.335138,7.527255919373784,2026,1,1,0,3,0,4769
Fire,34.306,-94.671,8.358431899031295,2026,1,1,0,3,0,4769
Fire,34.338967,-94.71035,6.692083742506628,2026,1,1,0,3,0,4769
Fire,35.6835,-93.339556,7.252053951852814,2026,1,1,0,3,0,4769
Fire,37.461583,-91.325139,8.064321960910803,2026,1,1,0,3,0,4769
Wildfire,30.152413,-84.945431,8.70682132339263,2026,1,1,0,3,0,-1
Fire,35.454286,-92.769925,7.270312886079025,2026,1,1,0,3,0,4769
Fire,35.176148,-93.449379,7.256297239690681,2026,1,1,0,3,0,4769
Fire,34.8134,-94.432402,7.920446505142607,2026,1,1,0,3,0,4769
Fire,34.952467,-93.558917,7.87587915949631,2026,1,1,0,3,0,4769
Fire,36.633611,-93.710556,6.962243464266207,2026,1,1,0,3,0,4769
Fire,34.7232,-95.5615,7.491087593534876,2026,1,1,0,3,0,4769
Fire,34.64513,-93.877288,8.183397369998433,2026,1,1,0,3,0,4769
Wildfire,34.9902778,-95.1716667,6.746412128573375,2026,1,1,0,3,0,4872
Fire,34.305967,-110.21895,6.315358001522335,2026,1,1,0,3,0,4772
Fire,34.317467,-110.286367,6.3835066348840055,2026,1,1,0,3,0,4772
Wildfire,35.664722,-96.503611,6.513230110912307,2026,1,1,0,3,0,4872
Wildfire,34.0369444,-97.445,6.621405651764134,2026,1,1,0,3,0,-1
Wildfire,34.7436111,-99.4272222,8.204398418149381,2026,1,1,0,3,0,-1
Wildfire,35.46241,-102.24943,7.313886831633462,2026,1,1,0,3,0,-1
Wildfire,45.1172222,-101.2283333,6.899823908655857,2026,1,1,0,3,0,-1
Fire,33.211278,-86.105806,7.382124365737512,2026,1,1,0,3,0,4770
Wildfire,40.871877,-100.432885,11.768373560088287,2026,1,1,0,3,0,-1
Wildfire,36.72568,-96.16634,6.375024819828097,2026,1,1,0,3,0,-1
Fire,34.265139,-87.302722,7.080867896690782,2026,1,1,0,3,0,4770
Wildfire,36.589167,-96.121944,7.581209826196346,2026,1,1,0,3,0,-1
Fire,30.562583,-95.606283,6.429719478039138,2026,1,1,0,3,0,4769
Fire,34.778867,-94.774167,6.583409222158765,2026,1,1,0,3,0,4769
Fire,30.557617,-95.680217,7.894318063841624,2026,1,1,0,3,0,4769
Fire,34.441389,-93.951389,8.612503371220562,2026,1,1,0,3,0,4769
Fire,35.683333,-93.25,7.508787170634276,2026,1,1,0,3,0,4769
Fire,34.814723,-93.850334,7.375255778009754,2026,1,1,0,3,0,4769
Fire,33.25,-86.0961,6.421622267806518,2026,1,1,0,3,0,4770
Fire,37.86162,-89.517,6.2166061010848646,2026,1,1,0,3,0,4769
Fire,34.928513,-93.689228,8.030409562130485,2026,1,1,0,3,0,4769
Fire,30.984533,-92.960167,7.332369205929062,2026,1,1,0,3,0,4769
Fire,34.924722,-83.110833,6.55250788703459,2026,1,1,0,3,0,4770
Wildfire,33.62975,-82.116889,6.450470422144176,2026,1,1,0,3,0,-1
Fire,37.466167,-91.037117,6.565264970035361,2026,1,1,0,3,0,4769
Fire,37.41545,-91.225133,7.575584651557793,2026,1,1,0,3,0,4769
Fire,36.919713,-90.561728,7.426549072397305,2026,1,1,0,3,0,4769
Wildfire,36.525833,-96.575,8.525161361065415,2026,1,1,0,3,0,-1
Fire,36.502833,-93.771333,6.877296071497429,2026,1,1,0,3,0,4769
Fire,34.540371,-97.100129,6.434546518787453,2026,1,1,0,3,0,4769
Wildfire,39.638844,-96.477814,6.68586094706836,2026,1,1,0,3,0,-1
Fire,34.566389,-93.849167,7.464509834636527,2026,1,1,0,3,0,4769
Fire,34.388889,-93.860278,7.060476365999801,2026,1,1,0,3,0,4769
Wildfire,41.47436,-102.15696,13.258300623640752,2026,1,1,0,3,0,-1
Fire,35.55,-93.216667,6.523562306149512,2026,1,1,0,3,0,4769
Fire,35.533333,-93.166667,7.045776576879511,2026,1,1,0,3,0,4769
Fire,34.025692,-82.333742,6.218600119691729,2026,1,1,0,3,0,4770
Fire,30.487333,-95.147617,6.842683282238422,2026,1,1,0,3,0,4769
Fire,36.022,-92.20455,8.078688229229872,2026,1,1,0,3,0,4769
Fire,37.1494,-91.2017,7.0587581525186645,2026,1,1,0,3,0,4769
Fire,37.3829,-91.4934,6.920671504248683,2026,1,1,0,3,0,4769
Fire,35.698,-93.879,7.668561108015897,2026,1,1,0,3,0,4769
Fire,34.907222,-83.167778,7.206377291472252,2026,1,1,0,3,0,4770
Fire,34.610278,-81.625556,6.923628628138427,2026,1,1,0,3,0,4770
Wildfire,42.802367,-100.9613,8.699681400989514,2026,1,1,0,3,0,-1
Wildfire,43.748119,-103.566727,9.038483865029992,2026,1,1,0,3,0,-1
Wildfire,41.846617,-100.4097,10.48612207904855,2026,1,1,0,3,0,-1
Wildfire,45.1775,-101.2286111,6.899823908655857,2026,1,1,0,3,0,-1
Fire,34.5366,-97.1009,6.748759547491679,2026,1,1,0,3,0,4769
Fire,34.952,-83.253,7.442492722794441,2026,1,1,0,3,0,4770
Fire,34.456667,-81.436944,6.504288173536645,2026,1,1,0,3,0,4770
Fire,33.779997,-82.180303,7.944846711001996,2026,1,1,0,3,0,4770
Wildfire,35.6423,-102.16138,9.04793908261736,2026,1,1,0,3,0,-1
Fire,34.974698,-93.885147,7.833600223661103,2026,1,1,0,3,0,4769
Fire,33.178082,-83.741364,7.382746449738912,2026,1,1,0,3,0,4770
Fire,34.091561,-82.306856,7.097548850614793,2026,1,1,0,3,0,4770
Fire,37.93312,-79.97011,6.249975242259483,2026,1,1,0,3,0,-1
Wildfire,35.422,-100.753,8.853808274977197,2026,1,1,0,3,0,-1
Fire,33.66365,-83.324183,6.42648845745769,2026,1,1,0,3,0,4770
Wildfire,43.699,-105.647467,7.820531843396435,2026,1,1,0,3,0,-1
Fire,38.840033,-111.438133,7.824445930877619,2026,1,1,0,3,0,-1
Wildfire,47.54961,-110.27752,6.55250788703459,2026,1,1,0,3,0,-1
Wildfire,47.909896,-112.26804,6.2166061010848646,2026,1,1,0,3,0,-1
Fire,41.35475,-88.15605,6.413458957167357,2026,1,1,0,3,0,4774
Fire,34.74737,-98.700088,7.098375638590786,2026,1,1,0,3,0,4769
Wildfire,29.6138889,-83.2216667,6.621405651764134,2026,1,1,0,3,0,-1
Wildfire,27.6811111,-81.8244444,8.101071503119543,2026,1,1,0,3,0,-1
Fire,32.4147,-89.6184,7.339537695407674,2026,1,1,0,3,0,4769
Fire,33.1551,-83.69,6.879355804460439,2026,1,1,0,3,0,4770
Fire,33.673932,-83.34578,6.498282149476434,2026,1,1,0,3,0,4770
Fire,33.366933,-83.4938,6.942156705699469,2026,1,1,0,3,0,4770
Fire,31.49,-90.89,6.311734809152915,2026,1,1,0,3,0,4769
Fire,31.33446,-110.29857,7.057036981697891,2026,1,1,0,3,0,-1
Fire,33.1925,-86.158333,6.888572459565364,2026,1,1,0,3,0,4770
Fire,34.688717,-90.70045,6.759255270663693,2026,1,1,0,3,0,4770
Fire,34.340635,-87.292821,6.852242569051878,2026,1,1,0,3,0,4770
Fire,33.170333,-83.697383,7.381501894506707,2026,1,1,0,3,0,4770
Fire,33.1114,-83.6781,6.689599269178967,2026,1,1,0,3,0,4770
Fire,33.262,-83.535,7.175489713624222,2026,1,1,0,3,0,4770
Fire,41.846617,-100.4097,7.090909822079984,2026,1,1,0,3,0,-1
Fire,33.19,-86.186944,6.761572768804055,2026,1,1,0,3,0,4770
Fire,33.714167,-85.59,7.751045117971802,2026,1,1,0,3,0,4770
Fire,33.054667,-83.677117,6.78105762593618,2026,1,1,0,3,0,4770
Fire,34.692778,-81.427222,6.827629234502852,2026,1,1,0,3,0,4770
Wildfire,26.4147222,-81.0430556,6.60934924316738,2026,1,1,0,3,0,-1
Wildfire,35.646833,-75.826833,7.252053951852814,2026,1,1,0,3,0,-1
Fire,33.731667,-85.7495,7.820840879907344,2026,1,1,0,3,0,4770
Wildfire,33.4419444,-90.0327778,6.267200548541362,2026,1,1,0,3,0,-1
Fire,35.57711667,-84.85038333,6.298949246855942,2026,1,1,0,3,0,4770
Fire,34.579722,-93.641389,7.763446388727362,2026,1,1,0,3,0,4769
Fire,31.471667,-88.898611,7.398174092970465,2026,1,1,0,3,0,4769
Fire,33.795,-85.546667,7.1284959456800365,2026,1,1,0,3,0,4770
Fire,35.6394,-99.899717,6.46302945692067,2026,1,1,0,3,0,4769
Fire,32.898367,-87.46862,6.756932389247553,2026,1,1,0,3,0,4770
Fire,31.492633,-93.192117,7.126087273299125,2026,1,1,0,3,0,4769
Wildfire,36.031828,-104.768501,7.032624261028007,2026,1,1,0,3,0,-1
Wildfire,30.4752778,-89.6402778,7.10002716662926,2026,1,1,0,3,0,-1
Fire,34.374444,-93.51,7.121252453244542,2026,1,1,0,3,0,4769
Wildfire,39.9608333,-100.9008333,7.327780538421631,2026,1,1,0,3,0,-1
Fire,34.0435,-88.9558,6.833031732786201,2026,1,1,0,3,0,4770
Wildfire,30.115633,-85.027485,7.565793282428515,2026,1,1,0,3,0,-1
Fire,34.949564,-94.000847,7.56164174558878,2026,1,1,0,3,0,4769
Fire,32.67485,-93.263904,6.68586094706836,2026,1,1,0,3,0,4769
Fire,32.905806,-93.008003,7.959625305098115,2026,1,1,0,3,0,4769
Fire,33.750005,-85.560401,7.768533300926033,2026,1,1,0,3,0,4770
Fire,33.212778,-86.08,7.2254814727822945,2026,1,1,0,3,0,4770
Fire,31.5434,-88.7995,7.959275960116396,2026,1,1,0,3,0,4769
Fire,32.487481,-85.5645,6.333279628139691,2026,1,1,0,3,0,4770
Fire,32.900163,-87.390211,6.698268054115413,2026,1,1,0,3,0,4770
Fire,34.737222,-94.310556,8.043020885298283,2026,1,1,0,3,0,4769
Fire,34.588991,-85.078569,6.970730078143525,2026,1,1,0,3,0,4770
Fire,33.033678,-83.716345,7.146772179452637,2026,1,1,0,3,0,4770
Fire,41.34486700000008,-88.048,6.76849321164863,2026,1,1,0,3,0,4774
Fire,35.12033300000007,-83.82495,7.579678823090456,2026,1,1,0,3,0,4770
Fire,31.093738,-86.631821,7.973844375944687,2026,1,1,0,3,0,4773
Fire,33.325000000000045,-86.068889,7.022868086082641,2026,1,1,0,3,0,4770
Fire,33.81825600000008,-85.489226,6.582025138892826,2026,1,1,0,3,0,4770
Fire,34.6214,-95.8295,7.2305631534092925,2026,1,1,0,3,0,4769
Fire,32.951617,-87.386417,7.301822342137932,2026,1,1,0,3,0,4770
Fire,32.67698800000005,-93.281531,7.090909822079984,2026,1,1,0,3,0,4769
Complex,34.41472200000004,-85.593056,6.2166061010848646,2026,1,1,0,3,0,-1
Fire,31.122318000000064,-86.576534,7.575584651557793,2026,1,1,0,3,0,4773
Fire,34.54694400000005,-93.693889,7.903965634032166,2026,1,1,0,3,0,4769
Fire,31.62357700000007,-92.441277,7.195187320178709,2026,1,1,0,3,0,4769
Fire,34.64138300000008,-93.3748,7.05617528410041,2026,1,1,0,3,0,4769
Fire,34.771306,-94.664571,6.311734809152915,2026,1,1,0,3,0,4769
Fire,34.70250000000004,-94.205,7.232010331664759,2026,1,1,0,3,0,4769
Fire,37.6896,-92.1398,7.696667081526462,2026,1,1,0,3,0,4769
Wildfire,30.8553797,-100.646594,6.683360945766275,2026,1,1,0,3,0,-1
Wildfire,35.0777778,-95.3933333,6.68586094706836,2026,1,1,0,3,0,4872
Fire,36.06403300000005,-92.223,7.8050670442584895,2026,1,1,0,3,0,4769
Fire,37.4177,-91.2232,6.811244378601294,2026,1,1,0,3,0,4769
Fire,34.94650400000006,-93.844135,8.063377822367027,2026,1,1,0,3,0,4769
Fire,34.74373000000003,-98.700088,7.745435610274381,2026,1,1,0,3,0,4769
Fire,35.807322000000056,-93.016036,8.635153989049803,2026,1,1,0,3,0,4769
Fire,35.04527800000005,-93.266111,8.014996894348302,2026,1,1,0,3,0,4769
Fire,34.74666700000006,-93.708333,8.471149252914831,2026,1,1,0,3,0,4769
Fire,34.564722000000074,-93.389444,8.12651816878071,2026,1,1,0,3,0,4769
Fire,34.083444,-94.646917,7.01301578963963,2026,1,1,0,3,0,4769
Wildfire,34.34916670000007,-95.9663889,7.815207062189088,2026,1,1,0,3,0,4872
Fire,37.703333,-92.355833,6.333279628139691,2026,1,1,0,3,0,4769
Wildfire,27.70027780000004,-82.0230556,7.601402334583733,2026,1,1,0,3,0,-1
Fire,35.450000000000045,-92.866667,6.725033642166843,2026,1,1,0,3,0,4769
Fire,34.95899300000008,-93.991881,7.632885505395133,2026,1,1,0,3,0,4769
Fire,37.10968200000008,-91.205578,7.116394144093465,2026,1,1,0,3,0,4769
Fire,37.494667,-92.026333,7.349230824613334,2026,1,1,0,3,0,4769
Fire,36.888042,-91.150517,8.325063693631197,2026,1,1,0,3,0,4769
Fire,31.640270000000044,-92.452683,7.292337176173877,2026,1,1,0,3,0,4769
Fire,35.964444,-92.929167,6.970730078143525,2026,1,1,0,3,0,4769
Fire,35.65416400000004,-93.736714,6.621405651764134,2026,1,1,0,3,0,4769
Fire,34.38010000000003,-94.66835,7.913155185928068,2026,1,1,0,3,0,4769
Wildfire,35.504167,-96.156944,6.555356891810665,2026,1,1,0,3,0,4872
Fire,34.708889000000056,-93.779722,6.618738983517219,2026,1,1,0,3,0,4769
Fire,31.88222200000007,-92.7625,7.445417556701687,2026,1,1,0,3,0,4769
Fire,30.246944444000064,-94.14638889,6.2166061010848646,2026,1,1,0,3,0,4769
Fire,31.325900000000047,-94.9552,6.90875477931522,2026,1,1,0,3,0,4769
Fire,31.36591000000004,-95.00019,6.311734809152915,2026,1,1,0,3,0,4769
Fire,31.30750000000006,-94.9326,6.90875477931522,2026,1,1,0,3,0,4769
Fire,31.971722000000057,-95.880324,6.366470447731438,2026,1,1,0,3,0,4769
Fire,33.805833333000066,-95.70222222,6.55250788703459,2026,1,1,0,3,0,4769
Fire,33.272777778000034,-94.70361111,6.2166061010848646,2026,1,1,0,3,0,4769
Fire,30.98778300000004,-93.16275,7.460490305825338,2026,1,1,0,3,0,4769
Wildfire,46.30904,-108.43738,8.529319371214077,2026,1,1,0,3,0,-1
Fire,46.497328,-112.098152,6.55250788703459,2026,1,1,0,3,0,-1
Fire,35.23238300000003,-93.4717,6.561030665896573,2026,1,1,0,3,0,4769
Fire,35.00735600000007,-93.830645,7.289610521451167,2026,1,1,0,3,0,4769
Wildfire,35.308056,-96.116667,6.284134161070802,2026,1,1,0,3,0,4872
Fire,34.71777000000003,-94.05651,6.947937068614969,2026,1,1,0,3,0,4769
Fire,35.453047000000026,-92.875139,6.90875477931522,2026,1,1,0,3,0,4769
Fire,31.10800000000006,-92.588,7.05617528410041,2026,1,1,0,3,0,4769
Fire,35.736428000000046,-93.362228,7.0317412587631285,2026,1,1,0,3,0,4769
Fire,35.72730000000007,-94.3199,7.00397413672268,2026,1,1,0,3,0,4769
Fire,34.588333000000034,-93.725833,8.193953023563742,2026,1,1,0,3,0,4769
Fire,35.67181100000005,-93.325531,7.529406457837013,2026,1,1,0,3,0,4769
Fire,36.13611100000003,-92.468611,8.006700845440367,2026,1,1,0,3,0,4769
Fire,34.3986,-94.67,7.305860032684009,2026,1,1,0,3,0,4769
Fire,34.72388900000004,-93.584722,8.039802343736485,2026,1,1,0,3,0,4769
Wildfire,35.79583330000003,-96.2105556,6.598509028614515,2026,1,1,0,3,0,4872
Wildfire,31.124167,-89.0786,6.398594934535208,2026,1,1,0,3,0,-1
Wildfire,36.39913,-96.34903,6.55250788703459,2026,1,1,0,3,0,-1
Wildfire,30.446944400000064,-89.6483333,6.293419278846481,2026,1,1,0,3,0,-1
Fire,36.31854100000004,-94.815864,7.479299637782834,2026,1,1,0,3,0,4769
Fire,36.644533,-91.107667,7.203405521083095,2026,1,1,0,3,0,4769
Fire,42.45129700000007,-88.186847,6.289715570908998,2026,1,1,0,3,0,4774
Wildfire,34.6688889,-95.22,6.80903930604298,2026,1,1,0,3,0,4872
Fire,36.79764800000004,-91.096444,7.56734567601324,2026,1,1,0,3,0,4769
Fire,35.73333300000007,-93.35,6.90875477931522,2026,1,1,0,3,0,4769
Fire,32.97016200000007,-87.363315,7.005789019253503,2026,1,1,0,3,0,4770
Fire,33.33258,-86.01308,7.242797922793756,2026,1,1,0,3,0,4770
Fire,34.82732400000003,-93.832312,6.432940092739179,2026,1,1,0,3,0,4769
Fire,32.91171700000007,-87.405038,6.913737350659685,2026,1,1,0,3,0,4770
Fire,34.769488000000024,-94.105611,6.803505257608338,2026,1,1,0,3,0,4769
Fire,35.68300000000005,-93.862,7.947325027016463,2026,1,1,0,3,0,4769
Fire,34.53638900000004,-93.391944,7.602401335665818,2026,1,1,0,3,0,4769
Fire,33.20190000000002,-83.73645,6.928537818164665,2026,1,1,0,3,0,4770
Fire,34.26746300000008,-94.7796,6.761572768804055,2026,1,1,0,3,0,4769
Fire,33.02550000000008,-83.6737,6.5998704992128365,2026,1,1,0,3,0,4770
Fire,34.75750000000005,-93.839722,7.541683099882111,2026,1,1,0,3,0,4769
Fire,34.615,-93.346278,7.21890970761906,2026,1,1,0,3,0,4769
Fire,33.11890000000005,-92.1868,6.398594934535208,2026,1,1,0,3,0,4769
Fire,34.70891700000004,-93.397389,7.138866999945524,2026,1,1,0,3,0,4769
Wildfire,37.374833,-92.1983,6.311734809152915,2026,1,1,0,3,0,-1
Wildfire,30.440144,-98.746777,7.057036981697891,2026,1,1,0,3,0,-1
Wildfire,36.29863,-102.24182,6.293419278846481,2026,1,1,0,3,0,-1
Wildfire,35.37527800000004,-96.207222,6.606650186198215,2026,1,1,0,3,0,4872
Wildfire,31.0586,-94.3567,7.193685818395112,2026,1,1,0,3,0,-1
Fire,34.72555600000004,-93.725278,7.0825485693553,2026,1,1,0,3,0,4769
Fire,36.03586100000007,-92.072583,6.925595197110468,2026,1,1,0,3,0,4769
Fire,34.959516000000065,-93.847919,8.005700678662542,2026,1,1,0,3,0,4769
Fire,36.05916700000006,-93.163889,6.55250788703459,2026,1,1,0,3,0,4769
Fire,37.33600000000007,-88.941,7.601402334583733,2026,1,1,0,3,0,4769
Fire,34.61138900000003,-93.451667,7.581719640125308,2026,1,1,0,3,0,4769
Fire,33.07590000000005,-83.73,6.452048954437226,2026,1,1,0,3,0,4770
Fire,32.965332000000046,-87.435335,8.046549357283078,2026,1,1,0,3,0,4770
Wildfire,34.75194440000007,-95.58,7.24850407237061,2026,1,1,0,3,0,4872
Wildfire,31.510818,-95.111848,6.246106765481563,2026,1,1,0,3,0,-1
Fire,31.633333,-110.216667,7.536363938404511,2026,1,1,0,3,0,-1
Fire,34.26913500000006,-87.266682,6.678342114654332,2026,1,1,0,3,0,4770
Fire,34.28917300000006,-87.266349,6.61472560020376,2026,1,1,0,3,0,4770
Fire,34.982759000000044,-93.829095,7.816819965764552,2026,1,1,0,3,0,4769
Fire,32.988440000000026,-87.352546,7.246368080102461,2026,1,1,0,3,0,4770
Fire,33.01784900000007,-87.451253,7.741099090035366,2026,1,1,0,3,0,4770
Fire,34.57138900000007,-93.530278,6.617402977974478,2026,1,1,0,3,0,4769
Fire,34.652972000000034,-93.47575,7.98514393119862,2026,1,1,0,3,0,4769
Fire,34.66055600000004,-93.965833,6.542471960506805,2026,1,1,0,3,0,4769
Fire,34.924972000000025,-93.103583,7.428333194190806,2026,1,1,0,3,0,4769
Fire,34.84198300000003,-94.846833,8.039157390473237,2026,1,1,0,3,0,4769
Wildfire,26.11905,-81.336917,9.235325624670091,2026,1,1,0,3,0,-1
Wildfire,30.88055560000004,-82.0136111,6.548219102762372,2026,1,1,0,3,0,-1
Fire,31.026977,-86.810544,7.637234388789473,2026,1,1,0,3,0,4773
Fire,36.54566700000004,-93.827667,8.307212626628308,2026,1,1,0,3,0,4769
Wildfire,31.090807,-89.061656,7.678326356506885,2026,1,1,0,3,0,-1
Fire,31.12100000000004,-93.7729,6.331501849893691,2026,1,1,0,3,0,4769
Fire,36.772965000000056,-98.176574,6.270988431858299,2026,1,1,0,3,0,-1
Fire,34.700015000000064,-94.168021,8.11522197256233,2026,1,1,0,3,0,4769
Fire,36.08075000000008,-92.37075,8.284504227258497,2026,1,1,0,3,0,4769
Fire,37.20481600000005,-89.350101,7.327123292259293,2026,1,1,0,3,0,4769
Fire,34.63016700000003,-93.342783,6.489204931325317,2026,1,1,0,3,0,4769
Wildfire,28.090833300000043,-81.1619444,6.621405651764134,2026,1,1,0,3,0,-1
Wildfire,31.297777800000063,-88.4905556,6.320768294250582,2026,1,1,0,3,0,-1
Fire,35.584754,-96.001897,6.373319789577012,2026,1,1,0,3,0,4769
Fire,36.883271,-91.204848,7.138866999945524,2026,1,1,0,3,0,4769
Fire,31.378585000000044,-95.09872,8.026823576217629,2026,1,1,0,3,0,4769
Fire,34.424722,-93.864444,9.019179866515024,2026,1,1,0,3,0,4769
Fire,34.633639,-93.363667,7.066466970136958,2026,1,1,0,3,0,4769
Fire,34.933417,-93.100028,7.586803535162581,2026,1,1,0,3,0,4769
Fire,37.92864800000007,-90.949829,6.652863029353347,2026,1,1,0,3,0,4769
Fire,37.44178300000005,-91.239783,6.601230118728877,2026,1,1,0,3,0,4769
Fire,35.001844,-93.869617,6.699500340161678,2026,1,1,0,3,0,4769
Fire,34.82457,-94.231248,6.96979066990159,2026,1,1,0,3,0,4769
Fire,31.384045,-95.037088,7.498869733976931,2026,1,1,0,3,0,4769
Fire,35.791717,-93.0302,6.507277712385012,2026,1,1,0,3,0,4769
Fire,34.521667,-93.547778,6.467698726104354,2026,1,1,0,3,0,4769
Fire,35.169,-93.7065,7.596894438144544,2026,1,1,0,3,0,4769
Fire,36.9066,-91.1278,7.932721027481948,2026,1,1,0,3,0,4769
Fire,36.0,-92.11,7.537962659768208,2026,1,1,0,3,0,4769
Fire,34.641383,-93.3748,6.324358962381311,2026,1,1,0,3,0,4769
Fire,34.7939,-94.7656,6.52649485957079,2026,1,1,0,3,0,4769
Fire,34.759167,-94.311944,8.37309184744198,2026,1,1,0,3,0,4769
Fire,37.56600000000003,-89.438,6.393590753950631,2026,1,1,0,3,0,4769
Wildfire,34.74805560000004,-95.5269444,9.165970424240244,2026,1,1,0,3,0,4872
Wildfire,31.094010000000026,-89.140899,7.496097345175956,2026,1,1,0,3,0,-1
Fire,37.55166700000007,-92.005,6.492239835020471,2026,1,1,0,3,0,4769
Wildfire,36.69750000000005,-100.8355556,6.710523109452428,2026,1,1,0,3,0,-1
Fire,34.747884,-94.151752,7.098375638590786,2026,1,1,0,3,0,4769
Fire,31.49908,-95.288702,6.533788837933344,2026,1,1,0,3,0,4769
Fire,31.47275,-95.342861,6.634633357861686,2026,1,1,0,3,0,4769
Fire,30.5323,-95.130367,7.441906728051625,2026,1,1,0,3,0,4769
Fire,31.489,-90.967,6.78332520060396,2026,1,1,0,3,0,4769
Fire,34.61111100000005,-93.491944,7.484368643286131,2026,1,1,0,3,0,4769
Fire,33.505,-85.884167,6.606650186198215,2026,1,1,0,3,0,4770
Fire,34.627778,-93.573611,7.030857476116121,2026,1,1,0,3,0,4769
Fire,33.740833000000066,-85.5925,6.980075940561763,2026,1,1,0,3,0,4770
Wildfire,36.44888890000004,-94.8433333,6.285998094508865,2026,1,1,0,3,0,-1
Fire,31.075666,-86.742073,6.679599185844383,2026,1,1,0,3,0,4773
Fire,33.1503,-83.530183,6.977281341630747,2026,1,1,0,3,0,4770
Wildfire,36.770772,-96.135252,6.501289670540389,2026,1,1,0,3,0,-1
Fire,35.27,-92.5122,7.097548850614793,2026,1,1,0,3,0,4769
Fire,31.47275,-95.342861,6.4457198193855785,2026,1,1,0,3,0,4769
Fire,30.68835000000007,-89.231267,6.873163834212518,2026,1,1,0,3,0,4769
Fire,31.20405,-94.405467,6.884486652042782,2026,1,1,0,3,0,4769
Fire,33.44498,-98.526914,6.517671272912275,2026,1,1,0,3,0,4769
Fire,31.259533,-93.761467,6.505784060128229,2026,1,1,0,3,0,4769
Fire,37.6449,-89.4351,7.62608275807238,2026,1,1,0,3,0,4769
Fire,33.245,-86.071944,7.15305163493748,2026,1,1,0,3,0,4770
Fire,31.430717,-93.136617,6.962243464266207,2026,1,1,0,3,0,4769
Fire,31.548951,-92.582292,7.237059026124737,2026,1,1,0,3,0,4769
Fire,30.591333,-95.7345,7.95892649305011,2026,1,1,0,3,0,4769
Fire,36.90850000000006,-92.057,7.187657164114956,2026,1,1,0,3,0,4769
Fire,33.80716700000005,-85.506833,6.61472560020376,2026,1,1,0,3,0,4770
Fire,36.02,-92.2,7.668561108015897,2026,1,1,0,3,0,4769
Fire,31.010417,-93.057167,7.356279876550748,2026,1,1,0,3,0,4769
Fire,36.904333,-92.026333,7.875119281040293,2026,1,1,0,3,0,4769
Fire,39.8935,-90.9399,7.170888478512505,2026,1,1,0,3,0,-1
Fire,33.333,-83.474,6.651571873589727,2026,1,1,0,3,0,4770
Fire,34.021889,-82.351211,6.342121418721152,2026,1,1,0,3,0,4770
Wildfire,36.91888890000007,-101.31,9.464594918315443,2026,1,1,0,3,0,-1
Wildfire,35.796667,-103.887294,8.242229891372231,2026,1,1,0,3,0,-1
Wildfire,36.92194440000003,-101.1269444,8.210939733379021,2026,1,1,0,3,0,-1
Wildfire,28.0833333,-81.3416667,7.170888478512505,2026,1,1,0,3,0,-1
Wildfire,36.42194440000003,-99.4369444,7.67786350067821,2026,1,1,0,3,0,-1
Wildfire,35.4217811,-102.2734346,9.39274525863144,2026,1,1,0,3,0,-1
Fire,34.269135,-87.266682,6.529418838262226,2026,1,1,0,3,0,4770
Wildfire,36.8108333,-100.5038889,12.554205206991094,2026,1,1,0,3,0,-1
Fire,27.34778549,-97.60233308,6.807934943699926,2026,1,1,0,3,0,-1
Fire,30.698133,-88.86195,6.692083742506628,2026,1,1,0,3,0,4769
Fire,31.075666,-86.742073,6.679599185844383,2026,1,1,0,3,0,4773
Fire,31.246967,-92.62855,6.901737206656574,2026,1,1,0,3,0,4769
Fire,31.451217,-93.0008,7.54274354536855,2026,1,1,0,3,0,4769
Fire,33.390278,-85.925,7.04141166379481,2026,1,1,0,3,0,4770
Fire,33.198357,-83.545453,6.97914527506881,2026,1,1,0,3,0,4770
Fire,31.9688,-95.6354,6.2166061010848646,2026,1,1,0,3,0,4769
Fire,31.62638889,-98.95305556,7.208600337960199,2026,1,1,0,3,0,4775
Fire,33.21483,-99.10124,6.563855526532128,2026,1,1,0,3,0,-1
Wildfire,27.7991667,-81.3183333,6.68586094706836,2026,1,1,0,3,0,-1
Wildfire,29.405,-81.3225,6.2166061010848646,2026,1,1,0,3,0,-1
Fire,34.28163900000004,-87.229556,6.729824070489475,2026,1,1,0,3,0,4770
Wildfire,27.0969444,-80.8683333,9.061027968789174,2026,1,1,0,3,0,-1
Fire,30.76638889,-95.27888889,6.655955018418123,2026,1,1,0,3,0,4769
Fire,32.94625300000007,-87.397756,7.578145472419466,2026,1,1,0,3,0,4770
Fire,32.920492,-87.433916,7.285506548522785,2026,1,1,0,3,0,4770
Fire,33.156667,-86.176111,6.261491684321042,2026,1,1,0,3,0,4770
Fire,35.692514,-93.317111,6.610696044717759,2026,1,1,0,3,0,4769
Fire,33.766667,-85.541667,6.852242569051878,2026,1,1,0,3,0,4770
Iceberg_D,-66.84,81.05,4.04602928527588,2026,1,1,0,3,0,1786
Wildfire,35.6644444,-94.5127778,6.683360945766275,2026,1,1,0,3,0,4872
Wildfire,30.259444,-84.9725,6.516193076042964,2026,1,1,0,3,0,-1
Fire,30.875470000000064,-95.10661,6.2166061010848646,2026,1,1,0,3,0,4769
Fire,30.86240000000004,-95.04583,6.2166061010848646,2026,1,1,0,3,0,4769
Fire,34.841983,-94.918017,6.90875477931522,2026,1,1,0,3,0,4769
Fire,33.32525715400004,-99.11569854,7.22983877815125,2026,1,1,0,3,0,-1
Fire,36.0622,-92.2889,7.566828479208331,2026,1,1,0,3,0,4769
Fire,35.1746,-93.4994,6.251903883165888,2026,1,1,0,3,0,4769
Fire,32.985688,-87.312004,7.735870319952567,2026,1,1,0,3,0,4770
Fire,32.976389,-87.4458,6.579251212010101,2026,1,1,0,3,0,4770
Fire,33.443056,-85.8675,7.802618063442671,2026,1,1,0,3,0,4770
Fire,37.9455,-91.0577,7.138866999945524,2026,1,1,0,3,0,4769
Fire,34.742778,-94.4,7.408530566894626,2026,1,1,0,3,0,4769
Fire,35.672,-93.89,6.336825731146441,2026,1,1,0,3,0,4769
Wildfire,27.83333330000005,-81.8788889,7.104144092987527,2026,1,1,0,3,0,-1
Wildfire,36.8444444,-100.8380556,7.592870287844818,2026,1,1,0,3,0,-1
Fire,30.87071000000003,-94.99761,6.2166061010848646,2026,1,1,0,3,0,4769
Wildfire,26.3227778,-81.0991667,7.8636512654486515,2026,1,1,0,3,0,-1
Fire,33.816667,-85.508333,7.115582126184454,2026,1,1,0,3,0,4770
Fire,35.73546400000004,-93.746108,8.066207568006265,2026,1,1,0,3,0,4769
Fire,36.04530000000005,-92.15445,6.255750041753367,2026,1,1,0,3,0,4769
Fire,35.498369,-92.783083,6.716594773520978,2026,1,1,0,3,0,4769
Fire,36.565833000000055,-93.794167,6.663132695990803,2026,1,1,0,3,0,4769
Fire,36.6025,-92.863333,6.799055862058796,2026,1,1,0,3,0,4769
Fire,35.69800000000004,-93.901,7.2115567333138015,2026,1,1,0,3,0,4769
Wildfire,35.1380556,-95.4386111,6.779921907472252,2026,1,1,0,3,0,4872
Fire,33.17575,-83.502417,7.115582126184454,2026,1,1,0,3,0,4770
Wildfire,35.27199,-104.02023,8.121777419161074,2026,1,1,0,3,0,-1
Fire,34.073833,-87.273667,6.473890696352274,2026,1,1,0,3,0,4770
Wildfire,35.030833,-96.206389,6.2422232654551655,2026,1,1,0,3,0,4872
Fire,36.052583,-92.403389,7.218176838403408,2026,1,1,0,3,0,4769
Fire,33.361778,-85.935778,6.61338421837956,2026,1,1,0,3,0,4770
Wildfire,33.379033,-85.98225,6.450470422144176,2026,1,1,0,3,0,-1
Fire,31.45065,-93.232767,7.937374696163295,2026,1,1,0,3,0,4769
Wildfire,35.16633,-103.33152,7.891704659330107,2026,1,1,0,3,0,-1
Fire,34.2614,-87.4077,6.965080345601407,2026,1,1,0,3,0,4770
Fire,34.549444,-93.57,6.539585955617669,2026,1,1,0,3,0,4769
Fire,34.6993,-95.685,6.338594078203183,2026,1,1,0,3,0,4769
Fire,30.995,-93.167,6.939253946041508,2026,1,1,0,3,0,4769
Fire,31.598904,-92.465403,7.60339933974067,2026,1,1,0,3,0,4769
Fire,31.776917,-93.970133,7.618742377670413,2026,1,1,0,3,0,4769
Fire,34.736111,-93.616944,6.343880434126331,2026,1,1,0,3,0,4769
Fire,32.5053,-89.6126,6.638567789166521,2026,1,1,0,3,0,4769
Fire,31.00105,-93.118017,7.251344983372214,2026,1,1,0,3,0,4769
Fire,33.788611,-85.619444,6.634633357861686,2026,1,1,0,3,0,4770
Fire,31.661012,-92.466435,7.330405211844402,2026,1,1,0,3,0,4769
Fire,31.435833,-93.069617,7.511524648390866,2026,1,1,0,3,0,4769
Fire,31.906283,-92.796,7.396335293800808,2026,1,1,0,3,0,4769
Wildfire,34.8591667,-95.4122222,6.710523109452428,2026,1,1,0,3,0,4872
Wildfire,34.3811111,-95.9836111,6.773080375655535,2026,1,1,0,3,0,4872
Wildfire,26.3225,-80.7569444,8.358900612421644,2026,1,1,0,3,0,-1
Fire,30.590252,-99.759704,6.406879986069314,2026,1,1,0,3,0,4775
Wildfire,29.819656,-94.613746,6.523562306149512,2026,1,1,0,3,0,-1
Fire,31.28406,-95.220978,7.900266036767701,2026,1,1,0,3,0,4769
Fire,32.092,-92.8505,7.052721049232323,2026,1,1,0,3,0,4769
Fire,34.9769,-95.7683,6.710523109452428,2026,1,1,0,3,0,4769
Fire,31.46855,-93.1975,8.00202481821611,2026,1,1,0,3,0,4769
Fire,36.707273,-98.192779,7.824445930877619,2026,1,1,0,3,0,-1
Fire,31.13,-92.5668,7.403061091090091,2026,1,1,0,3,0,4769
Fire,31.691145,-92.438513,7.254884810077338,2026,1,1,0,3,0,4769
Fire,32.940117,-87.417117,7.831220214604293,2026,1,1,0,3,0,4770
Fire,31.108067,-92.559,7.682943169878292,2026,1,1,0,3,0,4769
Fire,31.150885,-86.604308,6.369900982828227,2026,1,1,0,3,0,4773
Fire,28.94944444,-95.43611111,6.478509642208569,2026,1,1,0,3,0,-1
Fire,33.012583,-87.375917,7.624130585661289,2026,1,1,0,3,0,4770
Fire,31.4202,-90.980717,6.3818160174060985,2026,1,1,0,3,0,4769
Fire,30.632483,-88.901833,7.454141078146678,2026,1,1,0,3,0,4769
Fire,35.441667,-94.991389,6.2166061010848646,2026,1,1,0,3,0,4769
Fire,31.708243,-92.483859,7.449498005382849,2026,1,1,0,3,0,4769
Fire,31.1722,-92.6717,6.408528791059498,2026,1,1,0,3,0,4769
Fire,31.4693,-88.819,7.529943370601589,2026,1,1,0,3,0,4769
Fire,31.021,-86.541,6.272877006546167,2026,1,1,0,3,0,4773
Fire,32.061111,-92.867778,7.042286171939743,2026,1,1,0,3,0,4769
Fire,31.4738,-93.075333,7.908754738783246,2026,1,1,0,3,0,4769
Fire,31.354762,-95.057002,8.228443883004033,2026,1,1,0,3,0,4769
Fire,32.9175,-87.4792,7.70796153183549,2026,1,1,0,3,0,4770
Fire,30.152833,-84.631667,8.555066843844319,2026,1,1,0,3,0,4776
Fire,33.533889,-85.844167,6.660575149839686,2026,1,1,0,3,0,4770
Fire,33.734,-85.601333,7.140453043101158,2026,1,1,0,3,0,4770
Fire,33.390278,-85.925,6.912742820493176,2026,1,1,0,3,0,4770
Fire,33.768667,-85.578333,6.812345094177479,2026,1,1,0,3,0,4770
Fire,33.826333,-85.62,7.313886831633462,2026,1,1,0,3,0,4770
Fire,33.505,-85.884167,6.505784060128229,2026,1,1,0,3,0,4770
Fire,30.632483,-88.901833,6.86484777797086,2026,1,1,0,3,0,4769
Fire,35.5951,-99.27062,6.298949246855942,2026,1,1,0,3,0,4769
Fire,31.375,-91.064,6.689599269178967,2026,1,1,0,3,0,4769
Fire,30.490783,-95.137283,7.57455848420248,2026,1,1,0,3,0,4769
Fire,31.084385,-86.527776,6.692083742506628,2026,1,1,0,3,0,4773
Fire,37.486731,-106.128965,6.739336627357174,2026,1,1,0,3,0,-1
Fire,32.975,-87.408333,7.896924656268864,2026,1,1,0,3,0,4770
Wildfire,27.5925,-81.237778,8.022240916806537,2026,1,1,0,3,0,-1
Wildfire,30.6852778,-89.3847222,6.398594934535208,2026,1,1,0,3,0,-1
Wildfire,30.05,-85.3877778,6.478509642208569,2026,1,1,0,3,0,-1
Wildfire,33.48196667,-98.2305,6.605839046502531,2026,1,1,0,3,0,-1
Fire,33.4125,-85.883333,7.306531398939505,2026,1,1,0,3,0,4770
Fire,33.79,-85.556667,6.452048954437226,2026,1,1,0,3,0,4770
Fire,46.709167,-111.722167,6.85751406254539,2026,1,1,0,3,0,-1
Fire,31.557,-88.9697,7.220373836723949,2026,1,1,0,3,0,4769
Fire,30.628983,-88.891783,6.539585955617669,2026,1,1,0,3,0,4769
Fire,34.270908,-87.38604,7.838737559599282,2026,1,1,0,3,0,4770
Fire,31.726,-92.542757,7.816416983691801,2026,1,1,0,3,0,4769
Fire,34.090856,-87.382584,6.542471960506805,2026,1,1,0,3,0,4770
Fire,32.917133,-87.375367,6.78105762593618,2026,1,1,0,3,0,4770
Fire,30.56055,-95.676333,7.898782356970309,2026,1,1,0,3,0,4769
Fire,30.993,-93.016,6.911747300251674,2026,1,1,0,3,0,4769
Fire,31.918056,-92.747222,7.426549072397305,2026,1,1,0,3,0,4769
Fire,31.507367,-93.097133,8.03689677268507,2026,1,1,0,3,0,4769
Fire,30.357,-84.631,7.826842098158293,2026,1,1,0,3,0,4776
Fire,33.474722,-85.855278,6.944087208229528,2026,1,1,0,3,0,4770
Fire,33.724541,-85.637011,7.350516171833998,2026,1,1,0,3,0,4770
Fire,30.585,-95.751667,6.483107351457199,2026,1,1,0,3,0,4769
Fire,32.5117,-89.5911,6.602587892189336,2026,1,1,0,3,0,4769
Fire,33.245,-86.071944,6.709304340258298,2026,1,1,0,3,0,4770
Fire,33.792667,-85.538333,6.257667587882639,2026,1,1,0,3,0,4770
Fire,32.775,-87.016667,6.595780513961311,2026,1,1,0,3,0,4770
Wildfire,31.096348,-89.136223,6.478509642208569,2026,1,1,0,3,0,-1
Fire,32.8968,-87.35286,6.566672429803241,2026,1,1,0,3,0,4770
Fire,31.34468,-95.252622,7.564757012905729,2026,1,1,0,3,0,4769
Fire,30.6841,-88.856717,6.391917113392602,2026,1,1,0,3,0,4769
Fire,31.403297,-95.199912,7.23561914106675,2026,1,1,0,3,0,4769
Fire,33.466667,-85.9,6.633318433280377,2026,1,1,0,3,0,4770
Fire,33.819111,-85.572972,6.380122536899765,2026,1,1,0,3,0,4770
Fire,26.642667,-80.392267,8.294299608857235,2026,1,1,0,3,0,4771
Fire,39.582367,-118.4403,7.972810784121404,2026,1,1,0,3,0,-1
Fire,27.723452,-81.320114,6.635946555686647,2026,1,1,0,3,0,4771
Fire,34.925833,-76.808333,6.553933404025811,2026,1,1,0,3,0,-1
Fire,30.147026,-84.845245,8.818630229100354,2026,1,1,0,3,0,4776
Fire,33.522333,-85.69,7.080026499922591,2026,1,1,0,3,0,4770
Fire,31.129558,-86.605613,6.928537818164665,2026,1,1,0,3,0,4773
Fire,31.51914,-110.339,6.728628613084702,2026,1,1,0,3,0,-1
Fire,31.11305556,-93.77722222,6.398594934535208,2026,1,1,0,3,0,4769
Fire,31.11194444,-93.77722222,6.2166061010848646,2026,1,1,0,3,0,4769
Fire,31.008333,-86.641667,6.740519359606223,2026,1,1,0,3,0,4773
Fire,31.008309,-86.683717,6.723832440821209,2026,1,1,0,3,0,4773
Fire,25.959733,-81.5506,7.526178913346146,2026,1,1,0,3,0,4771
Fire,31.013889,-86.669444,7.558516743045645,2026,1,1,0,3,0,4773
Fire,31.122133,-86.569467,7.9294865233142895,2026,1,1,0,3,0,4773
Fire,27.601514,-81.205616,6.843749949006225,2026,1,1,0,3,0,4771
Fire,34.0385,-106.617583,8.006700845440367,2026,1,1,0,3,0,-1
Fire,27.70138889,-97.16666667,7.600902459542082,2026,1,1,0,3,0,-1
Fire,27.701885,-81.242182,6.983789965258135,2026,1,1,0,3,0,4771
Wildfire,26.0911111,-81.345,6.386879319362645,2026,1,1,0,3,0,-1
Wildfire,29.5875,-94.535,6.736966958001855,2026,1,1,0,3,0,-1
Fire,30.158,-84.782,8.392536586816682,2026,1,1,0,3,0,4776
Wildfire,30.0744444,-84.6047222,8.475120414994329,2026,1,1,0,3,0,-1
Fire,36.0677,-93.1981,6.356107660695892,2026,1,1,0,3,0,4769
Fire,34.890104,-93.896543,7.089243155027514,2026,1,1,0,3,0,4769
Fire,33.6985,-85.615167,7.9561263512135,2026,1,1,0,3,0,4770
Fire,35.668694,-93.615833,6.654152520183219,2026,1,1,0,3,0,4769
Wildfire,34.795917,-114.538383,8.260751354700513,2026,1,1,0,3,0,-1
Fire,34.593554,-89.288343,7.130098510125578,2026,1,1,0,3,0,4770
Fire,32.93305,-87.374133,6.981934677156389,2026,1,1,0,3,0,4770
Fire,32.980217,-87.378367,6.297109319933935,2026,1,1,0,3,0,4770
Fire,38.849631,-123.222185,6.51025834052315,2026,1,1,0,3,0,-1
Fire,35.00509,-94.047957,6.248042874508429,2026,1,1,0,3,0,4769
Fire,30.6123,-99.4524,6.68586094706836,2026,1,1,0,3,0,4775
Fire,28.48305556,-96.46388889,6.311734809152915,2026,1,1,0,3,0,-1
Fire,29.024133,-81.583083,6.771935555839602,2026,1,1,0,3,0,4771
Wildfire,27.7961111,-81.8927778,6.398594934535208,2026,1,1,0,3,0,-1
Fire,34.382,-96.90802,7.465082736399547,2026,1,1,0,3,0,4769
Fire,35.00509,-94.047957,7.154615356913663,2026,1,1,0,3,0,4769
Fire,31.023,-93.108,7.716015266642587,2026,1,1,0,3,0,4769
Wildfire,30.4547222,-82.7788889,6.2166061010848646,2026,1,1,0,3,0,-1
Fire,34.795917,-114.538383,7.937731775260109,2026,1,1,0,3,0,-1
Wildfire,30.074444,-84.604944,8.479906606630221,2026,1,1,0,3,0,-1
Fire,32.91355,-87.383133,6.270988431858299,2026,1,1,0,3,0,4770
Fire,33.79591,-85.517744,6.70073110954781,2026,1,1,0,3,0,4770
Fire,26.53615,-80.39685,6.895682697747868,2026,1,1,0,3,0,4771
Fire,34.7425,-94.445278,6.746412128573375,2026,1,1,0,3,0,4769
Fire,34.964561,-94.15641,6.887552571664617,2026,1,1,0,3,0,4769
Fire,31.0373,-93.089417,7.803843303538772,2026,1,1,0,3,0,4769
Fire,31.4759,-92.554439,6.994849985833071,2026,1,1,0,3,0,4769
Fire,31.46275,-93.164333,7.418180822726788,2026,1,1,0,3,0,4769
Fire,30.102333,-84.584833,7.769800996003896,2026,1,1,0,3,0,4776
Wildfire,34.9602778,-96.0813889,9.561771591591862,2026,1,1,0,3,0,4872
Fire,34.617153,-85.084547,6.333279628139691,2026,1,1,0,3,0,4770
Fire,31.601963,-92.52455,7.078341579557671,2026,1,1,0,3,0,4769
Wildfire,35.318056,-95.855278,7.069023426578259,2026,1,1,0,3,0,4872
Fire,31.052,-92.965,8.005700678662542,2026,1,1,0,3,0,4769
Fire,30.89277778,-96.72333333,6.2166061010848646,2026,1,1,0,3,0,4769
Fire,31.377667,-93.1537,7.8156105320351905,2026,1,1,0,3,0,4769
Fire,27.309122,-97.619391,6.4457198193855785,2026,1,1,0,3,0,-1
Fire,34.550156,-96.578549,7.167809184316444,2026,1,1,0,3,0,4769
Fire,37.537536,-92.038889,6.741700694652055,2026,1,1,0,3,0,4769
Fire,36.0178,-92.3294,6.594413459749778,2026,1,1,0,3,0,4769
Fire,31.127283,-94.2922,7.92443418488756,2026,1,1,0,3,0,4769
Fire,34.688333,-93.810556,6.302618975744905,2026,1,1,0,3,0,4769
Fire,35.687897,-93.028483,7.497761700622568,2026,1,1,0,3,0,4769
Fire,33.403611,-85.934167,6.322565239927284,2026,1,1,0,3,0,4770
Fire,34.5344,-96.6082,6.917705609835305,2026,1,1,0,3,0,4769
Fire,35.473233,-92.792192,6.720220155135295,2026,1,1,0,3,0,4769
Fire,35.64505,-93.297117,7.208600337960199,2026,1,1,0,3,0,4769
Fire,30.387333,-84.4835,7.745435610274381,2026,1,1,0,3,0,4776
Fire,30.3895,-84.393,7.887208585813932,2026,1,1,0,3,0,4776
Fire,28.631728,-80.675053,7.099201743553092,2026,1,1,0,3,0,4771
Fire,27.54858,-81.320101,7.057897937411856,2026,1,1,0,3,0,4771
Fire,36.256944,-94.872778,6.670766320845874,2026,1,1,0,3,0,4769
Fire,31.145515,-86.58686,6.740519359606223,2026,1,1,0,3,0,4773
Wildfire,34.339722,-97.223333,6.535241271013659,2026,1,1,0,3,0,-1
Fire,27.621615,-81.220433,6.315358001522335,2026,1,1,0,3,0,4771
Fire,28.631728,-80.675053,7.244941546337007,2026,1,1,0,3,0,4771
Fire,35.941284,-112.105746,6.893656354602635,2026,1,1,0,3,0,4772
Fire,27.623545,-81.179397,6.610696044717759,2026,1,1,0,3,0,4771
Volcano,-16.25,168.12,6.739336627357174,2026,1,1,0,3,0,-1
Volcano,13.257,123.685,6.739336627357174,2026,1,1,0,3,0,-1
Fire,45.295069,-121.348145,6.331501849893691,2026,1,1,0,3,0,-1
Fire,41.300849,-106.369774,6.860663671448287,2026,1,1,0,3,0,-1
Wildfire,36.88005,-92.949033,6.55250788703459,2026,1,1,0,3,0,-1
Wildfire,31.64805,-93.879367,6.51471269087253,2026,1,1,0,3,0,-1
Fire,31.12194444,-93.79361111,6.774223886357614,2026,1,1,0,3,0,4769
Fire,30.42638889,-94.96972222,6.289715570908998,2026,1,1,0,3,0,4769
Volcano,11.9844,-86.1688,6.739336627357174,2026,1,1,0,3,0,-1
Fire,31.05655,-93.98622,6.2166061010848646,2026,1,1,0,3,0,4769
Volcano,-15.787,-71.857,6.739336627357174,2026,1,1,0,3,0,-1
Wildfire,35.6455556,-95.0722222,6.484635235635252,2026,1,1,0,3,0,4872
Wildfire,34.7875,-95.1911111,6.803505257608338,2026,1,1,0,3,0,4872
Wildfire,36.0505556,-98.2419444,6.589613999045648,2026,1,1,0,3,0,-1
Wildfire,27.10075144,-98.11316527,6.249009525139524,2026,1,1,0,3,0,-1
Wildfire,39.598158,-102.610878,7.601402334583733,2026,1,1,0,3,0,-1
Wildfire,40.046355,-102.605378,9.39274525863144,2026,1,1,0,3,0,-1
Wildfire,40.206285,-102.54703,6.371611847231857,2026,1,1,0,3,0,-1
Wildfire,41.044446,-104.886358,6.338594078203183,2026,1,1,0,3,0,-1
Fire,36.07955,-92.356667,6.755768921984255,2026,1,1,0,3,0,4769
Fire,36.043117,-92.07395,6.356107660695892,2026,1,1,0,3,0,4769
Wildfire,32.885556,-87.303889,6.660575149839686,2026,1,1,0,3,0,-1
Fire,36.0796,-92.5125,6.553933404025811,2026,1,1,0,3,0,4769
Fire,30.52333333,-98.785,6.698268054115413,2026,1,1,0,3,0,4775
Fire,31.899722,-92.813056,6.933423025730715,2026,1,1,0,3,0,4769
Fire,27.578841,-81.312723,6.342121418721152,2026,1,1,0,3,0,4771
Fire,34.4235,-97.0169,6.302618975744905,2026,1,1,0,3,0,4769
Fire,27.568357,-81.326637,6.356107660695892,2026,1,1,0,3,0,4771
Fire,31.04205,-92.983583,8.024207485778577,2026,1,1,0,3,0,4769
Fire,27.562976,-81.313239,6.255750041753367,2026,1,1,0,3,0,4771
Fire,31.18175,-93.7993,7.394493107219038,2026,1,1,0,3,0,4769
Fire,31.031,-92.947,7.944137491114112,2026,1,1,0,3,0,4769
Volcano,-1.408,29.2,6.739336627357174,2026,1,1,0,3,0,-1
Fire,27.548611,-81.240721,7.146772179452637,2026,1,1,0,3,0,4771
Fire,27.549446,-81.240809,6.842683282238422,2026,1,1,0,3,0,4771
Fire,34.738139,-111.447201,7.378383712996714,2026,1,1,0,3,0,4772
Fire,44.21555,-103.831333,6.803505257608338,2026,1,1,0,3,0,-1
Volcano,-15.389,167.835,6.739336627357174,2026,1,1,0,3,0,-1
Fire,44.177044,-104.025504,6.293419278846481,2026,1,1,0,3,0,-1
Volcano,2.3095,-76.3948,6.739336627357174,2026,1,1,0,3,0,-1
Fire,44.53875,-104.3865,6.255750041753367,2026,1,1,0,3,0,-1
Volcano,-4.08,145.037,6.739336627357174,2026,1,1,0,3,0,-1
Volcano,12.278,93.858,6.739336627357174,2026,1,1,0,3,0,-1
Volcano,13.5111,40.7161,6.739336627357174,2026,1,1,0,3,0,-1
Fire,31.95083333,-99.39083333,6.364750756851911,2026,1,1,0,3,0,4775
Fire,44.027127,-118.183545,7.466799475018602,2026,1,1,0,3,0,-1
Fire,39.3549,-111.45956,6.220590170099739,2026,1,1,0,3,0,-1
Wildfire,32.4369444,-86.1772222,7.2640301428995295,2026,1,1,0,3,0,-1
Wildfire,29.838611,-93.757778,6.400257445308821,2026,1,1,0,3,0,-1
Wildfire,35.9455,-77.1015,6.363028103540465,2026,1,1,0,3,0,-1
Fire,28.65476614,-96.08379714,6.3473892096560105,2026,1,1,0,3,0,-1
Wildfire,36.554083,-93.853133,7.107425474110705,2026,1,1,0,3,0,-1
Wildfire,37.02,-77.8686111,6.68586094706836,2026,1,1,0,3,0,-1
Fire,37.367,-88.917,6.2166061010848646,2026,1,1,0,3,0,4769
Fire,32.738759,-95.68231,7.090909822079984,2026,1,1,0,3,0,4769
Wildfire,37.555334,-118.794566,6.90875477931522,2026,1,1,0,3,0,-1
Fire,34.784677,-111.477585,6.844815479208263,2026,1,1,0,3,0,4772
Volcano,-35.223,-70.568,6.739336627357174,2026,1,1,0,3,0,-1
Fire,33.711183,-109.69602,6.922643891475888,2026,1,1,0,3,0,4772
Fire,32.1603,-89.2859,7.908387159290043,2026,1,1,0,3,0,4769
Fire,40.914467,-110.826383,7.170888478512505,2026,1,1,0,3,0,-1
Wildfire,19.769167,-155.3575,7.650168700845001,2026,1,1,0,3,0,-1
Fire,31.10333333,-94.63222222,6.236369590203704,2026,1,1,0,3,0,4769
Wildfire,38.562249,-104.76112,8.612685172875459,2026,1,1,0,3,0,-1
Wildfire,37.60025,-80.08045,8.048149101665201,2026,1,1,0,3,0,-1
Fire,43.0403647,-88.3992015,6.459904454377535,2026,1,1,0,3,0,4774
Wildfire,42.1358,-100.53657,6.90875477931522,2026,1,1,0,3,0,-1
Fire,35.276111,-111.686667,7.301822342137932,2026,1,1,0,3,0,4772
Wildfire,28.1233333,-96.7877778,6.2166061010848646,2026,1,1,0,3,0,-1
Wildfire,28.12353,-96.78781,6.2166061010848646,2026,1,1,0,3,0,-1
Fire,38.655422,-111.524053,7.467942332285852,2026,1,1,0,3,0,-1
Iceberg_C,-66.89,65.58,3.293240906823508,2026,1,1,0,3,0,2766
Iceberg_C,-66.73,63.9,3.044522437723423,2026,1,1,0,3,0,2766
Iceberg_C,-66.63,62.44,3.044522437723423,2026,1,1,0,3,0,2766
Iceberg_C,-66.75,60.51,3.044522437723423,2026,1,1,0,3,0,2766
Iceberg_C,-66.43,58.76,3.044522437723423,2026,1,1,0,3,0,2766
Iceberg_C,-66.1,57.75,3.044522437723423,2026,1,1,0,3,0,2766
Iceberg_C,-65.81,56.88,3.044522437723423,2026,1,1,0,3,0,2766
Iceberg_C,-65.26,54.0,3.044522437723423,2026,1,1,0,3,0,2766
Iceberg_C,-64.81,53.92,3.044522437723423,2026,1,1,0,3,0,2766
Iceberg_C,-65.4,52.75,3.044522437723423,2026,1,1,0,3,0,2766
Iceberg_C,-65.75,51.67,3.044522437723423,2026,1,1,0,3,0,2766
Iceberg_C,-66.04,50.08,3.044522437723423,2026,1,1,0,3,0,2766
Iceberg_C,-66.61,47.82,3.044522437723423,2026,1,1,0,3,0,2766
Iceberg_C,-67.16,44.61,3.044522437723423,2026,1,1,0,3,0,2766
Fire,34.385202,-110.701332,8.201934351194222,2026,1,1,0,3,0,4772
Fire,48.505606,-117.468684,6.866933284461882,2026,1,1,0,3,0,-1
Fire,48.908821,-119.309245,6.520621127558696,2026,1,1,0,3,0,-1
Fire,48.402056,-117.533129,6.251903883165888,2026,1,1,0,3,0,-1
Wildfire,31.093,-88.981,6.349138991379798,2026,1,1,0,3,0,-1
Fire,34.168583,-109.752467,7.090909822079984,2026,1,1,0,3,0,4772
Fire,34.188,-109.785583,7.450660796211539,2026,1,1,0,3,0,4772
Fire,48.373081,-117.575314,6.298949246855942,2026,1,1,0,3,0,-1
Wildfire,31.15025,-89.13245,7.843064016692054,2026,1,1,0,3,0,-1
Fire,33.797333,-109.067917,6.90875477931522,2026,1,1,0,3,0,4772
Fire,30.92305556,-99.37416667,6.2166061010848646,2026,1,1,0,3,0,4775
Fire,48.908786,-119.28733,6.406879986069314,2026,1,1,0,3,0,-1
Fire,44.16258,-116.17191,6.61472560020376,2026,1,1,0,3,0,-1
Fire,40.6407,-110.9671,6.246106765481563,2026,1,1,0,3,0,-1
Wildfire,33.1594444,-89.6505556,6.398594934535208,2026,1,1,0,3,0,-1
Wildfire,34.4898772,-101.4124004,7.843338704236701,2026,1,1,0,3,0,-1
Wildfire,40.193367,-111.431483,6.293419278846481,2026,1,1,0,3,0,-1
Wildfire,43.7595,-114.3345,6.240275845170769,2026,1,1,0,3,0,-1
Wildfire,48.0676,-108.72265,6.617402977974478,2026,1,1,0,3,0,-1
Fire,46.619383,-91.306,6.2166061010848646,2026,1,1,0,3,0,-1
Fire,40.6875,-111.601217,6.338594078203183,2026,1,1,0,3,0,-1
Wildfire,32.39138247,-99.32425763,6.29156913955832,2026,1,1,0,3,0,-1
Fire,41.771833,-111.532667,6.957497370876951,2026,1,1,0,3,0,-1
Wildfire,31.08202,-89.1289,6.635946555686647,2026,1,1,0,3,0,-1
Wildfire,35.64186111,-110.4100833,6.483107351457199,2026,1,1,0,3,0,-1
Wildfire,26.5169444,-80.4383333,6.68586094706836,2026,1,1,0,3,0,-1
Wildfire,35.85456,-119.56524,6.311734809152915,2026,1,1,0,3,0,-1
Wildfire,35.0418,-100.489464,6.298949246855942,2026,1,1,0,3,0,-1
Wildfire,26.494367,-80.438667,6.68586094706836,2026,1,1,0,3,0,-1
Fire,41.440563,-112.34563,7.313886831633462,2026,1,1,0,3,0,-1
Wildfire,47.612867,-113.329233,7.255591274253665,2026,1,1,0,3,0,-1
Fire,30.144067,-84.179833,6.954638864880987,2026,1,1,0,3,0,4776
Fire,34.695669,-98.646225,8.385716828627851,2026,1,1,0,3,0,4769
Fire,30.1314,-84.046317,9.189525232262262,2026,1,1,0,3,0,4776
Volcano,10.4096,123.13,6.739336627357174,2026,1,1,0,3,0,-1
Wildfire,46.49877,-118.54042,8.498214224818435,2026,1,1,0,3,0,-1
Fire,43.4993813,-88.6516802,6.670259221443527,2026,1,1,0,3,0,4774
Wildfire,45.116167,-120.951333,6.2166061010848646,2026,1,1,0,3,0,-1
Wildfire,47.784167,-123.085167,6.326149473155099,2026,1,1,0,3,0,-1
Wildfire,34.017805,-117.462368,6.313548046277095,2026,1,1,0,3,0,-1
Wildfire,44.989367,-120.487917,9.92083619087074,2026,1,1,0,3,0,-1
Complex,42.687458,-123.915264,7.318373752331096,2026,1,1,0,3,0,6649
Wildfire,42.705167,-123.947333,6.9930151229329605,2026,1,1,0,3,0,-1
Wildfire,42.692833,-123.922833,6.807934943699926,2026,1,1,0,3,0,-1
Complex,48.267881,-116.121362,6.349138991379798,2026,1,1,0,3,0,-1
Wildfire,42.72971284,-123.76,6.944087208229528,2026,1,1,0,3,0,-1
Wildfire,41.827033,-117.993817,7.12983426384651,2026,1,1,0,3,0,-1
Wildfire,44.723633,-112.829033,6.968850378341948,2026,1,1,0,3,0,-1
Wildfire,48.122583,-115.678583,6.647688373563329,2026,1,1,0,3,0,-1
Wildfire,27.7119444,-81.8444444,6.601230118728877,2026,1,1,0,3,0,-1
Wildfire,37.241167,-120.072833,8.401108712395436,2026,1,1,0,3,0,-1
Complex,37.909117,-120.512173,9.531816440319728,2026,1,1,0,3,0,-1
Wildfire,48.340277,-118.341111,6.398594934535208,2026,1,1,0,3,0,-1
Wildfire,44.419667,-120.48975,7.824445930877619,2026,1,1,0,3,0,-1
Wildfire,37.886167,-120.642167,7.195937226475569,2026,1,1,0,3,0,-1
Wildfire,38.106192,-120.48974,6.396929655216146,2026,1,1,0,3,0,-1
Wildfire,37.819667,-120.437333,8.851520271691061,2026,1,1,0,3,0,-1
Wildfire,37.776687,-120.384618,6.9363427358340495,2026,1,1,0,3,0,-1
Wildfire,37.944756,-120.843757,8.149890544402423,2026,1,1,0,3,0,-1
Wildfire,36.099461,-120.311182,9.510519035757246,2026,1,1,0,3,0,-1
Wildfire,48.56315,-118.466867,6.55250788703459,2026,1,1,0,3,0,-1
Wildfire,47.7533,-120.549617,8.29529885950246,2026,1,1,0,3,0,-1
Complex,40.967679,-122.804478,6.289715570908998,2026,1,1,0,3,0,6649
Wildfire,47.382805,-120.819522,7.59337419312129,2026,1,1,0,3,0,-1
Wildfire,41.160217,-122.397417,6.63200177739563,2026,1,1,0,3,0,-1
Wildfire,47.873166,-118.374666,8.704668113450987,2026,1,1,0,3,0,-1
Wildfire,48.49425,-117.511367,6.480044561926653,2026,1,1,0,3,0,-1
Volcano,24.751,141.289,6.739336627357174,2026,1,1,0,3,0,-1
Wildfire,47.018117,-116.655633,6.682108597449809,2026,1,1,0,3,0,-1
Wildfire,48.6766667,-118.16,6.398594934535208,2026,1,1,0,3,0,-1
Wildfire,47.879833,-115.987167,7.496097345175956,2026,1,1,0,3,0,-1
Wildfire,48.676667,-118.15995,6.782192056006791,2026,1,1,0,3,0,-1
Wildfire,48.864833,-117.824,6.447305862541213,2026,1,1,0,3,0,-1
Wildfire,48.833,-117.883167,8.069029328774958,2026,1,1,0,3,0,-1
Wildfire,40.7461,-119.7323,7.152268856032539,2026,1,1,0,3,0,-1
Fire,27.9007,-97.5763,6.2166061010848646,2026,1,1,0,3,0,-1
Wildfire,45.962929,-118.995336,8.934059722248843,2026,1,1,0,3,0,-1
Volcano,-4.016,103.121,6.739336627357174,2026,1,1,0,3,0,-1
Fire,30.160267,-84.144083,6.71901315438526,2026,1,1,0,3,0,4776
Fire,30.136267,-84.14165,6.78332520060396,2026,1,1,0,3,0,4776
Wildfire,42.687883,-117.512,8.499640032168648,2026,1,1,0,3,0,-1
Volcano,-6.137,155.196,6.739336627357174,2026,1,1,0,3,0,-1
Volcano,-37.52,177.18,6.739336627357174,2026,1,1,0,3,0,-1
Wildfire,48.922702,-121.104893,6.6039438246004725,2026,1,1,0,3,0,-1
Wildfire,41.790117,-123.185,7.120444372392488,2026,1,1,0,3,0,-1
Wildfire,34.44045713,-118.7344877,8.58876938990546,2026,1,1,0,3,0,-1
Wildfire,45.91109,-106.52255,6.74993119378857,2026,1,1,0,3,0,-1
Wildfire,41.414917,-123.266433,6.771935555839602,2026,1,1,0,3,0,-1
Fire,30.0104,-84.441267,6.904750769961838,2026,1,1,0,3,0,4776
Wildfire,48.853448,-99.817396,7.202661196523238,2026,1,1,0,3,0,-1
Wildfire,41.530133,-123.540583,7.666221925662725,2026,1,1,0,3,0,-1
Wildfire,46.845383,-121.3967,7.145984467714388,2026,1,1,0,3,0,-1
Wildfire,40.902691,-122.850456,6.228511003591184,2026,1,1,0,3,0,-1
Volcano,54.596,160.27,6.739336627357174,2026,1,1,0,3,0,-1
Wildfire,41.138,-116.59,8.19229373114764,2026,1,1,0,3,0,-1
Wildfire,43.468783,-122.241617,8.957381735582787,2026,1,1,0,3,0,-1
Wildfire,34.9691667,-79.4626667,6.635946555686647,2026,1,1,0,3,0,-1
Wildfire,40.435833,-120.477333,6.2166061010848646,2026,1,1,0,3,0,-1
Wildfire,36.860693,-119.042959,8.394121193826242,2026,1,1,0,3,0,-1
Wildfire,38.723474,-112.518978,6.2166061010848646,2026,1,1,0,3,0,-1
Wildfire,45.904267,-114.998067,6.825460036255307,2026,1,1,0,3,0,-1
Wildfire,43.3246667,-110.0038333,9.199481628641308,2026,1,1,0,3,0,-1
Wildfire,35.564333,-118.5865,7.839131648274333,2026,1,1,0,3,0,-1
Wildfire,35.01891131,-100.0051536,6.511745329644728,2026,1,1,0,3,0,-1
Wildfire,27.342234,-97.339378,8.656607247198915,2026,1,1,0,3,0,-1
Wildfire,42.554167,-110.958833,8.379539026117442,2026,1,1,0,3,0,-1
Wildfire,44.513117,-121.354533,9.99752419446251,2026,1,1,0,3,0,-1
Wildfire,38.591983,-122.550064,8.825265953515752,2026,1,1,0,3,0,-1
Wildfire,43.32806,-110.006,9.210440366976515,2026,1,1,0,3,0,-1
Wildfire,48.5401,-115.64005,6.434546518787453,2026,1,1,0,3,0,-1
Wildfire,46.239167,-115.0895,7.19668657083435,2026,1,1,0,3,0,-1
Wildfire,46.745833,-112.869,7.409136443920128,2026,1,1,0,3,0,-1
Wildfire,38.534833,-120.641667,6.437751649736401,2026,1,1,0,3,0,-1
Wildfire,46.5645,-114.838833,6.55250788703459,2026,1,1,0,3,0,-1
Wildfire,45.750667,-114.865667,6.42648845745769,2026,1,1,0,3,0,-1
Wildfire,27.7161111,-81.9627778,6.46302945692067,2026,1,1,0,3,0,-1
Wildfire,44.9432,-111.3681,6.2166061010848646,2026,1,1,0,3,0,-1
Wildfire,26.2161111,-80.5413889,9.862717639992916,2026,1,1,0,3,0,-1
Wildfire,33.640167,-109.208833,6.293419278846481,2026,1,1,0,3,0,-1
Wildfire,47.9275,-113.160883,6.267200548541362,2026,1,1,0,3,0,-1
Wildfire,45.59207,-108.74616,6.836420381377515,2026,1,1,0,3,0,-1
Wildfire,45.254833,-108.2475,6.55250788703459,2026,1,1,0,3,0,-1
Wildfire,29.897157,-93.754461,7.284134806195205,2026,1,1,0,3,0,-1
Wildfire,41.878117,-114.509567,6.228511003591184,2026,1,1,0,3,0,-1
Wildfire,47.346967,-114.7133,7.601402334583733,2026,1,1,0,3,0,-1
Wildfire,43.159333,-109.209167,6.26530121273771,2026,1,1,0,3,0,-1
Wildfire,39.849463,-107.091173,7.450660796211539,2026,1,1,0,3,0,-1
Wildfire,45.49225,-111.721783,8.160803920954665,2026,1,1,0,3,0,-1
Wildfire,41.878167,-114.5095,6.228511003591184,2026,1,1,0,3,0,-1
Wildfire,41.389933,-116.209267,10.239995502805316,2026,1,1,0,3,0,-1
Wildfire,44.095333,-111.609,6.747586526829315,2026,1,1,0,3,0,-1
Wildfire,46.719,-112.8462,6.744059186311348,2026,1,1,0,3,0,-1
Wildfire,39.837052,-119.926983,7.302496423727326,2026,1,1,0,3,0,-1
Wildfire,45.557667,-112.037333,7.053585727193677,2026,1,1,0,3,0,-1
Wildfire,40.00325,-114.4117,6.461468176353717,2026,1,1,0,3,0,-1
Wildfire,44.208967,-108.74655,9.800734744961298,2026,1,1,0,3,0,-1
Wildfire,45.20166,-108.14578,6.2166061010848646,2026,1,1,0,3,0,-1
Wildfire,34.72053,-118.79862,6.383844415667491,2026,1,1,0,3,0,-1
Wildfire,43.629667,-107.945833,11.424990024802062,2026,1,1,0,3,0,-1
Wildfire,45.4575,-111.9825,7.566828479208331,2026,1,1,0,3,0,-1
Wildfire,47.80135,-117.847033,6.2166061010848646,2026,1,1,0,3,0,-1
Wildfire,48.021703,-116.592939,6.516193076042964,2026,1,1,0,3,0,-1
Wildfire,44.775783,-111.490633,7.72356247227797,2026,1,1,0,3,0,-1
Wildfire,46.562652,-115.142036,6.90875477931522,2026,1,1,0,3,0,-1
Wildfire,46.6955,-117.80628,8.794521851788527,2026,1,1,0,3,0,-1
Wildfire,41.32945,-111.944583,6.359573868672378,2026,1,1,0,3,0,-1
Wildfire,34.43225,-111.286783,6.311734809152915,2026,1,1,0,3,0,-1
Wildfire,43.951467,-107.246967,6.68586094706836,2026,1,1,0,3,0,-1
Wildfire,45.9866,-107.3782,7.851271997109883,2026,1,1,0,3,0,-1
Wildfire,45.893,-106.513,6.968850378341948,2026,1,1,0,3,0,-1
Wildfire,42.5217,-116.98975,8.517393171418904,2026,1,1,0,3,0,-1
Wildfire,44.666917,-116.157917,7.534762657037537,2026,1,1,0,3,0,-1
Wildfire,45.459,-107.642833,6.2166061010848646,2026,1,1,0,3,0,-1
Wildfire,41.808115,-121.334396,6.888572459565364,2026,1,1,0,3,0,-1
Wildfire,40.192667,-107.055967,7.438971592395862,2026,1,1,0,3,0,-1
Volcano,4.892,-75.324,6.739336627357174,2026,1,1,0,3,0,-1
Wildfire,40.700733,-112.657717,7.304515946460155,2026,1,1,0,3,0,-1
Wildfire,35.4805,-107.2865,7.347299700743164,2026,1,1,0,3,0,-1
Wildfire,34.439631,-118.735536,8.58876938990546,2026,1,1,0,3,0,-1
Wildfire,40.81,-110.702833,7.745435610274381,2026,1,1,0,3,0,-1
Wildfire,32.978583,-110.190444,6.918695219020472,2026,1,1,0,3,0,-1
Wildfire,40.362383,-108.4252,6.90875477931522,2026,1,1,0,3,0,-1
Wildfire,33.667617,-110.1018,7.828834527588089,2026,1,1,0,3,0,-1
Wildfire,27.8508333,-82.0147222,6.68586094706836,2026,1,1,0,3,0,-1
Wildfire,33.56159,-116.53934,7.43307534889858,2026,1,1,0,3,0,-1
Wildfire,45.92634,-107.32927,7.293017679772782,2026,1,1,0,3,0,-1
Wildfire,65.431117,-144.315283,6.911348814492268,2026,1,1,0,3,0,-1
Wildfire,34.317234,-116.910436,6.944087208229528,2026,1,1,0,3,0,-1
Wildfire,31.492967,-93.030833,7.300472814267799,2026,1,1,0,3,0,-1
Wildfire,38.8774,-107.7714,6.55250788703459,2026,1,1,0,3,0,-1
Wildfire,33.652167,-110.232833,6.2166061010848646,2026,1,1,0,3,0,-1
Wildfire,39.973267,-108.215367,6.90875477931522,2026,1,1,0,3,0,-1
Wildfire,39.93385,-108.23401,6.55250788703459,2026,1,1,0,3,0,-1
Wildfire,43.34371,-116.401907,6.821979501960733,2026,1,1,0,3,0,-1
Wildfire,39.959444,-107.745278,8.006700845440367,2026,1,1,0,3,0,-1
Wildfire,41.396717,-115.694333,8.612685172875459,2026,1,1,0,3,0,-1
Wildfire,41.19055,-116.90375,8.350193650720067,2026,1,1,0,3,0,-1
Wildfire,41.213667,-116.852667,8.093156697722637,2026,1,1,0,3,0,-1
Wildfire,41.384833,-116.844167,10.010411844857636,2026,1,1,0,3,0,-1
Wildfire,26.4336111,-80.4225,7.783640596221253,2026,1,1,0,3,0,-1
Wildfire,34.446667,-112.900556,6.828712071641684,2026,1,1,0,3,0,-1
Wildfire,35.076367,-120.159167,11.473217433096464,2026,1,1,0,3,0,-1
Wildfire,45.4264,-108.574733,6.862757913051401,2026,1,1,0,3,0,-1
Wildfire,36.96974,-107.32962,7.017506142941256,2026,1,1,0,3,0,-1
Wildfire,46.035496,-115.437556,6.418364935936212,2026,1,1,0,3,0,-1
Wildfire,47.6911111,-114.5233333,6.398594934535208,2026,1,1,0,3,0,-1
Wildfire,48.475167,-120.149667,6.29156913955832,2026,1,1,0,3,0,-1
Wildfire,45.4367,-118.625567,6.2166061010848646,2026,1,1,0,3,0,-1
Wildfire,48.284,-116.1472,6.55250788703459,2026,1,1,0,3,0,-1
Fire,30.124639,-84.170333,8.174984532943087,2026,1,1,0,3,0,4776
Wildfire,43.235043,-116.483442,8.699681400989514,2026,1,1,0,3,0,-1
Wildfire,27.8030556,-81.9627778,6.470799503782602,2026,1,1,0,3,0,-1
Wildfire,29.028061,-95.278571,6.478509642208569,2026,1,1,0,3,0,-1
Wildfire,41.307667,-123.018833,6.8501261661455,2026,1,1,0,3,0,-1
Wildfire,44.605167,-115.264833,6.860663671448287,2026,1,1,0,3,0,-1
Wildfire,44.294698,-117.282398,7.025982660346787,2026,1,1,0,3,0,-1
Wildfire,42.874844,-117.311299,9.756844288078948,2026,1,1,0,3,0,-1
Wildfire,41.660333,-118.044333,7.959974528080536,2026,1,1,0,3,0,-1
Wildfire,44.159395,-113.183899,6.423246963533519,2026,1,1,0,3,0,-1
Wildfire,43.062367,-107.3755,6.703801422061068,2026,1,1,0,3,0,-1
Wildfire,44.471667,-113.649,7.507141079727608,2026,1,1,0,3,0,-1
Fire,34.84057,-101.18584,8.939318740417509,2026,1,1,0,3,0,-1
Other,44.984139,-121.480278,7.471363088187097,2026,1,1,0,3,0,-1
Wildfire,37.678,-108.191167,6.244166900663736,2026,1,1,0,3,0,-1
Fire,30.121111,-84.103806,8.215006432761575,2026,1,1,0,3,0,4776
Wildfire,42.848933,-117.428917,9.210440366976515,2026,1,1,0,3,0,-1
Fire,29.414194,-83.039222,6.985641817639208,2026,1,1,0,3,0,4776
Wildfire,44.143117,-100.406583,7.719129840906732,2026,1,1,0,3,0,-1
Wildfire,43.860917,-107.265083,7.972810784121404,2026,1,1,0,3,0,-1
Wildfire,41.684141,-121.323879,7.837554360881084,2026,1,1,0,3,0,-1
Wildfire,42.183228,-113.830787,6.718046503754165,2026,1,1,0,3,0,-1
Wildfire,29.118233,-81.4737,8.294299608857235,2026,1,1,0,3,0,-1
Fire,30.061944,-84.372528,6.996681488176539,2026,1,1,0,3,0,4776
Fire,30.048167,-84.440222,6.68586094706836,2026,1,1,0,3,0,4776
Wildfire,67.678833,-144.242733,8.20166019080868,2026,1,1,0,3,0,-1
Wildfire,37.05025,-116.440133,7.00397413672268,2026,1,1,0,3,0,-1
Wildfire,47.841564,-117.74417,7.135687347028144,2026,1,1,0,3,0,-1
Fire,30.006806,-84.491194,6.322565239927284,2026,1,1,0,3,0,4776
Wildfire,44.984139,-121.480278,7.624130585661289,2026,1,1,0,3,0,-1
Wildfire,45.701499,-121.427851,9.079889942592118,2026,1,1,0,3,0,-1
Wildfire,33.501354,-116.79812,6.9778315633653305,2026,1,1,0,3,0,-1
Wildfire,33.526501,-116.787954,6.9778315633653305,2026,1,1,0,3,0,-1
Volcano,63.817,-22.717,6.739336627357174,2026,1,1,0,3,0,-1
Wildfire,42.0147,-112.412383,7.4377951216719325,2026,1,1,0,3,0,-1
Wildfire,34.61695,-110.948117,6.955592608396297,2026,1,1,0,3,0,-1
Wildfire,42.978896,-115.89549,7.437618531625265,2026,1,1,0,3,0,-1
Wildfire,41.525,-116.277833,8.103796712981794,2026,1,1,0,3,0,-1
Wildfire,44.50165,-117.208667,6.747586526829315,2026,1,1,0,3,0,-1
Wildfire,35.729717,-118.3062,6.47543271670409,2026,1,1,0,3,0,-1
Wildfire,46.1944444,-120.0263889,6.2166061010848646,2026,1,1,0,3,0,-1
Wildfire,42.440228,-121.802502,6.442540166468199,2026,1,1,0,3,0,-1
Wildfire,48.484367,-119.5205,6.826545223556594,2026,1,1,0,3,0,-1
Wildfire,45.9453,-118.721533,6.55250788703459,2026,1,1,0,3,0,-1
Wildfire,64.477117,-145.532217,7.400718312362783,2026,1,1,0,3,0,-1
Wildfire,43.62067728,-101.6569035,6.369900982828227,2026,1,1,0,3,0,-1
Volcano,12.606,-86.84,6.739336627357174,2026,1,1,0,3,0,-1
Wildfire,37.02525,-108.255465,6.246106765481563,2026,1,1,0,3,0,-1
Wildfire,44.79655,-120.94205,7.244941546337007,2026,1,1,0,3,0,-1
Wildfire,38.561317,-112.080083,6.55250788703459,2026,1,1,0,3,0,-1
Wildfire,42.682278,-117.027278,6.728628613084702,2026,1,1,0,3,0,-1
Wildfire,44.238553,-120.821905,6.579251212010101,2026,1,1,0,3,0,-1
Wildfire,43.971,-98.927,6.498282149476434,2026,1,1,0,3,0,-1
Wildfire,42.942667,-105.9405,6.55250788703459,2026,1,1,0,3,0,-1
Iceberg_B,-73.71,-168.78,4.278885875754368,2026,1,1,0,3,0,9813
Iceberg_B,-73.22,-169.13,4.897839799950911,2026,1,1,0,3,0,9813
Iceberg_B,-72.46,-170.77,4.897839799950911,2026,1,1,0,3,0,9813
Iceberg_B,-72.05,-172.24,4.897839799950911,2026,1,1,0,3,0,9813
Iceberg_B,-71.78,-173.86,4.897839799950911,2026,1,1,0,3,0,9813
Iceberg_B,-71.46,-175.09,4.897839799950911,2026,1,1,0,3,0,9813
Iceberg_B,-71.23,-176.33,4.897839799950911,2026,1,1,0,3,0,9813
Iceberg_B,-71.04,-178.04,4.897839799950911,2026,1,1,0,3,0,9813
Iceberg_B,-71.47,-178.98,4.158883083359672,2026,1,1,0,3,0,9813
Iceberg_B,-71.91,-178.51,3.8918202981106265,2026,1,1,0,3,0,9813
Iceberg_B,-72.28,-179.77,3.8918202981106265,2026,1,1,0,3,0,9813
Iceberg_B,-72.46,178.02,3.8918202981106265,2026,1,1,0,3,0,9813
Wildfire,25.618717,-80.726917,6.942156705699469,2026,1,1,0,3,0,-1
Iceberg_B,-73.85,-168.96,3.467609147181407,2026,1,1,0,3,0,9813
Iceberg_B,-73.21,-168.97,3.828641396489095,2026,1,1,0,3,0,9813
Iceberg_B,-72.54,-170.25,3.828641396489095,2026,1,1,0,3,0,9813
Iceberg_B,-72.07,-170.32,3.828641396489095,2026,1,1,0,3,0,9813
Iceberg_B,-71.96,-172.39,3.828641396489095,2026,1,1,0,3,0,9813
Iceberg_B,-71.72,-173.67,3.828641396489095,2026,1,1,0,3,0,9813
Iceberg_B,-71.16,-175.21,3.828641396489095,2026,1,1,0,3,0,9813
Iceberg_B,-71.09,-177.12,3.828641396489095,2026,1,1,0,3,0,9813
Iceberg_B,-70.47,-177.14,3.828641396489095,2026,1,1,0,3,0,9813
Iceberg_B,-69.98,-178.16,3.828641396489095,2026,1,1,0,3,0,9813
Iceberg_B,-70.13,-179.71,3.828641396489095,2026,1,1,0,3,0,9813
Iceberg_B,-70.56,179.75,3.828641396489095,2026,1,1,0,3,0,9813
Iceberg_B,-70.55,-178.15,3.828641396489095,2026,1,1,0,3,0,9813
Iceberg_B,-70.0,-178.59,3.828641396489095,2026,1,1,0,3,0,9813
Iceberg_B,-69.52,-178.37,3.828641396489095,2026,1,1,0,3,0,9813
Wildfire,26.3336111,-80.5466667,7.496097345175956,2026,1,1,0,3,0,-1
Wildfire,38.665033,-108.389883,7.693025748417888,2026,1,1,0,3,0,-1
Wildfire,38.754333,-108.875333,6.842683282238422,2026,1,1,0,3,0,-1
Wildfire,38.36017,-109.18287,8.853808274977197,2026,1,1,0,3,0,-1
Wildfire,45.100667,-114.8035,6.284134161070802,2026,1,1,0,3,0,-1
Wildfire,38.5581,-107.719167,8.198089248956116,2026,1,1,0,3,0,-1
Wildfire,67.0685,-158.213,7.309881485824786,2026,1,1,0,3,0,-1
Wildfire,36.795371,-112.379793,10.60129883922295,2026,1,1,0,3,0,-1
Wildfire,33.020333,-108.382833,6.568077911411976,2026,1,1,0,3,0,-1
Wildfire,33.859667,-110.906,6.6240652277998935,2026,1,1,0,3,0,-1
Wildfire,40.0975,-113.2455556,7.313886831633462,2026,1,1,0,3,0,-1
Wildfire,39.1627,-112.072267,6.511745329644728,2026,1,1,0,3,0,-1
Wildfire,43.822274,-119.925934,8.390268497842571,2026,1,1,0,3,0,-1
Wildfire,46.399,-117.134,6.78105762593618,2026,1,1,0,3,0,-1
Wildfire,47.7785,-118.1144,8.66785206770135,2026,1,1,0,3,0,-1
Complex,67.229706,-158.898927,9.96269846966046,2026,1,1,0,3,0,-1
Wildfire,45.4753,-114.976417,6.946013991099227,2026,1,1,0,3,0,-1
Wildfire,67.055867,-154.85255,7.416883462911922,2026,1,1,0,3,0,-1
Fire,31.468611,-92.348333,7.354362330421477,2026,1,1,0,3,0,4769
Wildfire,66.590567,-156.492233,8.528720496014218,2026,1,1,0,3,0,-1
Complex,42.0541864,-122.2936161,6.829253050827179,2026,1,1,0,3,0,6649
Complex,41.406725,-123.588684,8.898365606955357,2026,1,1,0,3,0,6649
Wildfire,67.2835,-159.561667,8.242229891372231,2026,1,1,0,3,0,-1
Wildfire,25.64051,-80.6613,7.226209010100671,2026,1,1,0,3,0,-1
Wildfire,48.821248,-117.982361,8.006700845440367,2026,1,1,0,3,0,-1
Wildfire,41.368,-114.336333,7.601402334583733,2026,1,1,0,3,0,-1
Wildfire,26.3833333,-80.79,8.101980731853192,2026,1,1,0,3,0,-1
Wildfire,42.323717,-121.361867,7.903226808730733,2026,1,1,0,3,0,-1
Wildfire,37.31998,-116.09682,10.505094936455558,2026,1,1,0,3,0,-1
Wildfire,44.803444,-121.288889,6.873991648829328,2026,1,1,0,3,0,-1
Wildfire,44.019167,-120.038167,6.486160788944089,2026,1,1,0,3,0,-1
Wildfire,66.135283,-156.631383,7.824445930877619,2026,1,1,0,3,0,-1
Wildfire,67.97,-158.14,7.005798085395542,2026,1,1,0,3,0,-1
Wildfire,66.8268,-146.021117,6.946013991099227,2026,1,1,0,3,0,-1
Wildfire,36.238417,-112.1032,11.66644451679108,2026,1,1,0,3,0,-1
Wildfire,41.4988,-118.867117,8.727454116899434,2026,1,1,0,3,0,-1
Wildfire,47.621667,-108.161667,6.693323668269949,2026,1,1,0,3,0,-1
Wildfire,40.714483,-117.863733,9.774744676643405,2026,1,1,0,3,0,-1
Wildfire,41.315333,-123.410667,7.205635176410364,2026,1,1,0,3,0,-1
Wildfire,64.4515,-146.271833,6.531096262715642,2026,1,1,0,3,0,-1
Complex,41.4258333,-123.1997222,6.246106765481563,2026,1,1,0,3,0,6649
Fire,30.778548,-94.056877,6.2166061010848646,2026,1,1,0,3,0,4769
Wildfire,47.556967,-108.452633,8.146419323098003,2026,1,1,0,3,0,-1
Wildfire,42.604967,-105.230283,7.313886831633462,2026,1,1,0,3,0,-1
Wildfire,47.926667,-119.91205,8.134760782418645,2026,1,1,0,3,0,-1
Wildfire,47.282184,-117.547016,6.55250788703459,2026,1,1,0,3,0,-1
Wildfire,45.923944,-119.097306,7.820037989458753,2026,1,1,0,3,0,-1
Wildfire,34.1135,-112.258333,6.398594934535208,2026,1,1,0,3,0,-1
Wildfire,35.09519,-120.046793,4.61512051684126,2026,1,1,0,3,0,-1
Wildfire,44.4813,-120.950117,6.437751649736401,2026,1,1,0,3,0,-1
Wildfire,40.833867,-122.096717,7.843848638152472,2026,1,1,0,3,0,-1
Wildfire,44.43205,-106.0963,6.769641976852503,2026,1,1,0,3,0,-1
Wildfire,43.731972,-108.223028,6.987490247000991,2026,1,1,0,3,0,-1
Wildfire,42.425033,-119.591367,7.368339686311381,2026,1,1,0,3,0,-1
Wildfire,25.533017,-80.896733,9.032886946579088,2026,1,1,0,3,0,-1
Wildfire,33.802331,-117.326132,6.536691597591305,2026,1,1,0,3,0,-1
Wildfire,33.871222,-116.89443,7.789454566086673,2026,1,1,0,3,0,-1
Wildfire,41.853392,-106.794327,7.129297548929373,2026,1,1,0,3,0,-1
Wildfire,35.6166667,-109.1863889,8.786609455061125,2026,1,1,0,3,0,-1
Wildfire,40.26395,-108.598633,6.687108607866515,2026,1,1,0,3,0,-1
Fire,25.6428,-81.190217,8.144388865547622,2026,1,1,0,3,0,4771
Fire,25.6428,-81.190217,9.210440366976515,2026,1,1,0,3,0,4771
Fire,25.6428,-81.190217,9.506288188844996,2026,1,1,0,3,0,4771
Fire,26.204167,-81.3562,6.573680166960646,2026,1,1,0,3,0,4771
Fire,30.597533,-82.210217,7.353081920515432,2026,1,1,0,3,0,-1
Wildfire,27.0647222,-80.9752778,7.615298339825815,2026,1,1,0,3,0,-1
Wildfire,27.9261111,-82.1061111,7.090909822079984,2026,1,1,0,3,0,-1
Fire,30.86855,-82.247567,6.398594934535208,2026,1,1,0,3,0,-1
Wildfire,66.326383,-141.106667,6.400257445308821,2026,1,1,0,3,0,-1
Wildfire,46.47261,-118.34398,7.342131730584722,2026,1,1,0,3,0,-1
Wildfire,68.17,-159.64,7.533239061056986,2026,1,1,0,3,0,-1
Wildfire,65.085039,-151.537233,6.274762021241939,2026,1,1,0,3,0,-1
Wildfire,69.54,-154.87,7.212412455639879,2026,1,1,0,3,0,-1
Wildfire,69.47,-155.25,6.427814438797167,2026,1,1,0,3,0,-1
Complex,64.724717,-148.602775,8.768925754488828,2026,1,1,0,3,0,-1
Volcano,31.934,130.862,6.739336627357174,2026,1,1,0,3,0,-1
Complex,65.851001,-156.590973,9.55252199328383,2026,1,1,0,3,0,-1
Wildfire,65.7275,-146.588333,6.748759547491679,2026,1,1,0,3,0,-1
Wildfire,62.766833,-145.008333,6.842683282238422,2026,1,1,0,3,0,-1
Wildfire,63.797167,-144.365467,7.95742589200353,2026,1,1,0,3,0,-1
Wildfire,66.38,-158.14,7.406558927520802,2026,1,1,0,3,0,-1
Wildfire,65.887333,-163.886333,6.751311973094994,2026,1,1,0,3,0,-1
Wildfire,63.115533,-141.210917,8.60630419597774,2026,1,1,0,3,0,-1
Wildfire,63.378917,-141.44,8.430632621888561,2026,1,1,0,3,0,-1
Wildfire,63.4187,-141.947883,9.90046448767667,2026,1,1,0,3,0,-1
Wildfire,65.582658,-156.739841,9.26173001172237,2026,1,1,0,3,0,-1
Wildfire,65.582333,-156.743,6.90875477931522,2026,1,1,0,3,0,-1
Complex,65.631179,-144.510988,9.510404222855854,2026,1,1,0,3,0,-1
Wildfire,62.60625,-145.97365,6.602587892189336,2026,1,1,0,3,0,-1
Wildfire,64.2,-142.5525,7.879389890535526,2026,1,1,0,3,0,-1
Wildfire,64.73555,-148.759167,8.35846940418826,2026,1,1,0,3,0,-1
Wildfire,66.83,-141.54,6.543911845564792,2026,1,1,0,3,0,-1
Wildfire,65.122783,-148.154167,8.047509510981422,2026,1,1,0,3,0,-1
Wildfire,65.636167,-144.760333,7.00397413672268,2026,1,1,0,3,0,-1
Wildfire,65.368167,-144.343517,7.669028288589683,2026,1,1,0,3,0,-1
Wildfire,63.9605,-154.8635,8.465689348549121,2026,1,1,0,3,0,-1
Wildfire,63.583333,-155.283333,8.911435559501921,2026,1,1,0,3,0,-1
Wildfire,68.05,-153.99,6.298949246855942,2026,1,1,0,3,0,-1
Wildfire,40.245916,-107.829344,6.373319789577012,2026,1,1,0,3,0,-1
Wildfire,65.1,-151.61,7.609862200913554,2026,1,1,0,3,0,-1
Wildfire,65.862217,-144.221117,7.901377353792616,2026,1,1,0,3,0,-1
Wildfire,67.337383,-144.808,8.013343181386672,2026,1,1,0,3,0,-1
Wildfire,65.685833,-156.7275,6.335674626401636,2026,1,1,0,3,0,-1
Wildfire,65.4264,-143.9174,7.641497228248507,2026,1,1,0,3,0,-1
Wildfire,67.471117,-150.98055,7.336285660021297,2026,1,1,0,3,0,-1
Wildfire,38.8524,-119.644167,9.782167017299573,2026,1,1,0,3,0,-1
Fire,25.3807,-80.6448,7.090909822079984,2026,1,1,0,3,0,4771
Wildfire,64.222833,-147.891533,9.320628725870304,2026,1,1,0,3,0,-1
Wildfire,65.608833,-144.298667,6.90875477931522,2026,1,1,0,3,0,-1
Wildfire,64.713883,-148.446383,7.680683594546933,2026,1,1,0,3,0,-1
Wildfire,65.611833,-144.234167,6.90875477931522,2026,1,1,0,3,0,-1
Wildfire,64.041383,-149.284717,10.341387581787457,2026,1,1,0,3,0,-1
Wildfire,37.346567,-113.515417,6.90875477931522,2026,1,1,0,3,0,-1
Wildfire,68.203333,-159.735833,7.618251097876695,2026,1,1,0,3,0,-1
Fire,26.023867,-81.110883,7.244941546337007,2026,1,1,0,3,0,4771
Other,33.59564,-108.21086,6.311734809152915,2026,1,1,0,3,0,-1
Fire,30.144389,-84.184444,6.663132695990803,2026,1,1,0,3,0,4776
Wildfire,33.066183,-105.80735,6.660575149839686,2026,1,1,0,3,0,-1
Wildfire,45.3894,-120.059,7.438971592395862,2026,1,1,0,3,0,-1
Wildfire,32.891216,-116.841545,6.956545443151569,2026,1,1,0,3,0,-1
Wildfire,63.82,-156.02,6.240314830765597,2026,1,1,0,3,0,-1
Wildfire,66.868083,-154.048383,6.46302945692067,2026,1,1,0,3,0,-1
Wildfire,65.66,-159.06,7.229382152174345,2026,1,1,0,3,0,-1
Fire,26.023867,-81.110883,8.006700845440367,2026,1,1,0,3,0,4771
Wildfire,63.19,-152.59,6.661854740545311,2026,1,1,0,3,0,-1
Wildfire,66.758333,-153.848333,8.345217926676428,2026,1,1,0,3,0,-1
Wildfire,66.565531,-158.03627,6.387720716130836,2026,1,1,0,3,0,-1
Wildfire,66.565333,-158.039,7.540350647574946,2026,1,1,0,3,0,-1
Wildfire,44.444667,-121.346667,8.09559870137819,2026,1,1,0,3,0,-1
Fire,27.710079,-81.389122,6.255750041753367,2026,1,1,0,3,0,4771
Fire,26.0679,-81.0949,8.517393171418904,2026,1,1,0,3,0,4771
Wildfire,47.981964,-102.472476,7.696667081526462,2026,1,1,0,3,0,-1
Wildfire,47.981964,-102.472476,7.696667081526462,2026,1,1,0,3,0,-1
Wildfire,61.725167,-158.2245,7.484447291878642,2026,1,1,0,3,0,-1
Wildfire,47.981964,-102.472476,7.496097345175956,2026,1,1,0,3,0,-1
Fire,26.0679,-81.0949,8.006700845440367,2026,1,1,0,3,0,4771
Wildfire,35.6383333,-118.93,8.391176350832751,2026,1,1,0,3,0,-1
Wildfire,39.74558,-74.63979,8.699681400989514,2026,1,1,0,3,0,-1
Wildfire,37.0422222,-110.9005556,7.044032897274685,2026,1,1,0,3,0,-1
Wildfire,42.90025,-110.528967,7.284134806195205,2026,1,1,0,3,0,-1
Wildfire,48.091433,-120.723083,6.814542897259958,2026,1,1,0,3,0,-1
Wildfire,46.0330556,-118.82,7.614312146452,2026,1,1,0,3,0,-1
Fire,34.37424,-111.988449,6.82001636467413,2026,1,1,0,3,0,4772
Wildfire,33.59564,-108.21086,10.96394789005466,2026,1,1,0,3,0,-1
Wildfire,32.979417,-108.232667,10.68161905700107,2026,1,1,0,3,0,-1
Wildfire,46.029694,-118.818667,7.550135342488429,2026,1,1,0,3,0,-1
Wildfire,45.442333,-120.511167,9.255218130754267,2026,1,1,0,3,0,-1
Wildfire,37.548333,-112.381833,8.942591637231851,2026,1,1,0,3,0,-1
Wildfire,38.409203,-114.223668,6.590301048196686,2026,1,1,0,3,0,-1
Wildfire,45.6793,-121.2892,8.216358332386156,2026,1,1,0,3,0,-1
Wildfire,27.6380556,-81.9958333,7.208600337960199,2026,1,1,0,3,0,-1
Wildfire,38.296972,-114.197867,6.974478911025045,2026,1,1,0,3,0,-1
Wildfire,44.28555,-117.204583,6.68586094706836,2026,1,1,0,3,0,-1
Fire,34.7437,-89.3482,7.029972911706386,2026,1,1,0,3,0,4770
Fire,30.654383,-82.310433,8.12296471523406,2026,1,1,0,3,0,-1
Wildfire,47.514617,-114.8405,6.835184586147301,2026,1,1,0,3,0,-1
Fire,31.619583,-93.908417,7.152268856032539,2026,1,1,0,3,0,4769
Wildfire,43.894257,-116.874085,7.162397497355718,2026,1,1,0,3,0,-1
Fire,31.651263,-98.947678,7.063903961472068,2026,1,1,0,3,0,4775
Wildfire,29.4605,-81.720617,6.745236349484363,2026,1,1,0,3,0,-1
Wildfire,34.15964,-108.45813,6.590301048196686,2026,1,1,0,3,0,-1
Wildfire,27.7786111,-82.0055556,6.836259277277067,2026,1,1,0,3,0,-1
Wildfire,27.63524,-81.18388,7.149131598557407,2026,1,1,0,3,0,-1
Wildfire,45.06103,-120.47939,7.482681828154651,2026,1,1,0,3,0,-1
Wildfire,33.48351,-105.54944,6.777646593635117,2026,1,1,0,3,0,-1
Wildfire,65.33,-142.19,6.917636300502776,2026,1,1,0,3,0,-1
Wildfire,25.6965,-81.012333,8.165647925297504,2026,1,1,0,3,0,-1
Wildfire,47.971759,-102.471636,7.783640596221253,2026,1,1,0,3,0,-1
Wildfire,48.052528,-102.920559,7.783640596221253,2026,1,1,0,3,0,-1
Wildfire,47.971759,-102.471636,7.783640596221253,2026,1,1,0,3,0,-1
Fire,31.3104,-94.9214,6.2166061010848646,2026,1,1,0,3,0,4769
Fire,33.1714,-83.701933,6.434546518787453,2026,1,1,0,3,0,4770
Wildfire,38.004533,-119.154717,6.293419278846481,2026,1,1,0,3,0,-1
Wildfire,32.5855,-110.738667,7.109879463072272,2026,1,1,0,3,0,-1
Wildfire,33.4004,-114.709267,6.570882962339584,2026,1,1,0,3,0,-1
Fire,31.598917,-94.093833,6.704414354964107,2026,1,1,0,3,0,4769
Wildfire,46.60307,-101.775204,6.2166061010848646,2026,1,1,0,3,0,-1
Fire,31.272,-91.244,6.877296071497429,2026,1,1,0,3,0,4769
Fire,33.14225025,-100.9985,8.160803920954665,2026,1,1,0,3,0,-1
Fire,30.5882,-88.957583,6.888572459565364,2026,1,1,0,3,0,4769
Fire,31.19551,-94.13913,6.293419278846481,2026,1,1,0,3,0,4769
Wildfire,35.480433,-118.710667,6.90875477931522,2026,1,1,0,3,0,-1
Fire,27.6377,-81.3247,6.894670039433482,2026,1,1,0,3,0,4771
Wildfire,30.678683,-88.85055,6.346478111720049,2026,1,1,0,3,0,-1
Fire,31.388,-91.067,6.725033642166843,2026,1,1,0,3,0,4769
Fire,39.088992,-119.100164,6.240275845170769,2026,1,1,0,3,0,-1
Fire,27.634061,-81.297082,6.418364935936212,2026,1,1,0,3,0,4771
Fire,27.640992,-81.290583,6.418364935936212,2026,1,1,0,3,0,4771
Wildfire,37.08052,-120.018779,6.456769655572163,2026,1,1,0,3,0,-1
Wildfire,34.022333,-109.4535,9.919606934416011,2026,1,1,0,3,0,-1
Wildfire,45.8489653,-92.5959831,6.918695219020472,2026,1,1,0,3,0,-1
Wildfire,34.5366,-97.1009,6.226536669287466,2026,1,1,0,3,0,4872
Wildfire,34.9452,-97.0822,6.834108738813838,2026,1,1,0,3,0,4872
Wildfire,34.3904,-96.8809,6.565264970035361,2026,1,1,0,3,0,4872
Wildfire,27.691167,-81.269333,8.657998068007258,2026,1,1,0,3,0,-1
Wildfire,38.135833,-98.475833,6.660575149839686,2026,1,1,0,3,0,-1
Wildfire,30.79333333,-94.995,6.6316064423440295,2026,1,1,0,3,0,-1
Wildfire,34.3912,-89.3419,6.2166061010848646,2026,1,1,0,3,0,-1
Wildfire,45.5388,-95.7197,6.68586094706836,2026,1,1,0,3,0,-1
Wildfire,47.820556,-102.411944,7.601402334583733,2026,1,1,0,3,0,-1
Wildfire,31.21625,-92.6565,7.134093721192866,2026,1,1,0,3,0,-1
Wildfire,31.393056,-93.100833,7.145984467714388,2026,1,1,0,3,0,-1
Wildfire,33.35625,-108.554967,6.45833828334479,2026,1,1,0,3,0,-1
Wildfire,43.906217,-86.119533,6.68586094706836,2026,1,1,0,3,0,-1
Wildfire,34.0228333,-78.0778333,7.194436851100335,2026,1,1,0,3,0,-1
Wildfire,30.79611111,-94.99361111,6.267200548541362,2026,1,1,0,3,0,-1
Wildfire,41.634483,-112.2465,7.090909822079984,2026,1,1,0,3,0,-1
Wildfire,45.828153,-113.252778,7.313886831633462,2026,1,1,0,3,0,-1
Wildfire,44.082867,-100.165333,6.921658184151129,2026,1,1,0,3,0,-1
Wildfire,31.389,-91.065,6.725033642166843,2026,1,1,0,3,0,-1
Wildfire,31.5353,-88.9543,6.76849321164863,2026,1,1,0,3,0,-1
Wildfire,30.948889,-88.900278,7.910223707097344,2026,1,1,0,3,0,-1
Wildfire,31.296,-91.157,6.5998704992128365,2026,1,1,0,3,0,-1
Wildfire,31.675884,-92.446146,7.833203948641057,2026,1,1,0,3,0,-1
Wildfire,31.49885,-93.058133,7.655390644826152,2026,1,1,0,3,0,-1
Wildfire,31.0907,-92.5549,6.354370040797351,2026,1,1,0,3,0,-1
Wildfire,31.140417,-94.32345,6.899723107284872,2026,1,1,0,3,0,-1
Wildfire,36.777967,-81.152033,7.002155954403621,2026,1,1,0,3,0,-1
Wildfire,43.0403647,-88.3992015,6.459904454377535,2026,1,1,0,3,0,-1
Wildfire,38.977571,-105.00087,6.647688373563329,2026,1,1,0,3,0,-1
Wildfire,31.93699,-109.94154,7.668093709082406,2026,1,1,0,3,0,-1
Wildfire,31.02825,-88.909333,6.90875477931522,2026,1,1,0,3,0,-1
Wildfire,31.171517,-92.641683,7.493873886783559,2026,1,1,0,3,0,-1
Wildfire,31.477867,-93.0327,7.671826797878781,2026,1,1,0,3,0,-1
Wildfire,-17.14074812671574,127.84730549567904,6.739336627357174,2026,1,1,0,3,0,-1
Wildfire,34.862633,-77.114133,6.85751406254539,2026,1,1,0,3,0,-1
Wildfire,46.045333,-86.95,6.340359303727752,2026,1,1,0,3,0,-1
Wildfire,44.8851,-96.973,6.309918278226516,2026,1,1,0,3,0,-1
Wildfire,42.605363,-116.559094,8.922791623969637,2026,1,1,0,3,0,-1
Wildfire,26.0847222,-80.4502778,6.2166061010848646,2026,1,1,0,3,0,-1
Wildfire,27.2613889,-82.2608333,6.561030665896573,2026,1,1,0,3,0,-1
Wildfire,39.988532,-77.403951,7.718240951959316,2026,1,1,0,3,0,-1
Wildfire,37.843583,-79.87395,7.170888478512505,2026,1,1,0,3,0,-1
Wildfire,39.795177,-74.299352,9.635673464721814,2026,1,1,0,3,0,-1
Wildfire,26.9552778,-81.1119444,6.957497370876951,2026,1,1,0,3,0,-1
Wildfire,52.73695077399788,115.29502301512092,6.739336627357174,2026,1,1,0,3,0,-1
Wildfire,52.82836269206902,115.89241812894072,6.739336627357174,2026,1,1,0,3,0,-1
Wildfire,52.57723057226463,114.45755916743784,6.739336627357174,2026,1,1,0,3,0,-1
Wildfire,52.82842547256827,115.90383242124985,6.739336627357174,2026,1,1,0,3,0,-1
Wildfire,53.30396108851382,116.28876433875848,6.739336627357174,2026,1,1,0,3,0,-1
Wildfire,38.990911,-111.3249,7.496097345175956,2026,1,1,0,3,0,-1
Wildfire,45.2683,-96.4467,6.486160788944089,2026,1,1,0,3,0,-1
Wildfire,42.599661,-100.149164,8.864464055279676,2026,1,1,0,3,0,-1
Wildfire,20.196407048537605,-105.3806890651289,6.739336627357174,2026,1,1,0,3,0,-1
Wildfire,26.535617,-80.266617,10.090008612393838,2026,1,1,0,3,0,-1
Wildfire,52.85817489424867,117.19675232910652,6.739336627357174,2026,1,1,0,3,0,-1
Wildfire,52.69555137968115,115.4401231497338,6.739336627357174,2026,1,1,0,3,0,-1
Wildfire,53.07150997242144,115.29493508953968,6.739336627357174,2026,1,1,0,3,0,-1
Wildfire,-18.45615135360597,130.3984592929139,6.739336627357174,2026,1,1,0,3,0,-1
Wildfire,34.4394444,-77.9211111,6.495265555937008,2026,1,1,0,3,0,-1
Wildfire,39.39074,-74.94135,7.191429330036379,2026,1,1,0,3,0,-1
Wildfire,22.37810803499416,-83.91599013339257,6.739336627357174,2026,1,1,0,3,0,-1
Wildfire,52.753803968987945,114.62070789753164,6.739336627357174,2026,1,1,0,3,0,-1
Wildfire,34.097144,-87.342075,6.79794041297493,2026,1,1,0,3,0,-1
Wildfire,45.8658224,-92.5678007,6.279084117606557,2026,1,1,0,3,0,-1
Wildfire,20.701027346261032,101.5951508074957,6.739336627357174,2026,1,1,0,3,0,-1
Wildfire,52.994791535758885,114.64681726406177,6.739336627357174,2026,1,1,0,3,0,-1
Wildfire,53.021292469949714,114.84288190763505,6.739336627357174,2026,1,1,0,3,0,-1
Wildfire,53.20736499396486,116.14315386682232,6.739336627357174,2026,1,1,0,3,0,-1
Wildfire,31.32807,-95.220302,7.901377353792616,2026,1,1,0,3,0,-1
Wildfire,33.2345,-89.0873,7.27655640271871,2026,1,1,0,3,0,-1
Wildfire,34.47,-93.785833,7.080867896690782,2026,1,1,0,3,0,4872
Wildfire,45.924063,-93.92416,7.741099090035366,2026,1,1,0,3,0,-1
Wildfire,32.3469,-89.433,7.518064181233078,2026,1,1,0,3,0,-1
Wildfire,34.406667,-94.216111,7.191429330036379,2026,1,1,0,3,0,4872
Wildfire,26.535617,-80.266617,9.210440366976515,2026,1,1,0,3,0,-1
Wildfire,44.1032,-86.394333,7.70210434005105,2026,1,1,0,3,0,-1
Wildfire,34.4569444,-95.6883333,6.297109319933935,2026,1,1,0,3,0,4872
Wildfire,44.539173,-84.21381,6.255750041753367,2026,1,1,0,3,0,-1
Wildfire,34.0568,-89.7962,6.937314081223682,2026,1,1,0,3,0,-1
Wildfire,34.483056,-93.348056,7.155396301896734,2026,1,1,0,3,0,4872
Wildfire,34.556389,-93.399167,7.090909822079984,2026,1,1,0,3,0,4872
Wildfire,35.241698,-93.555413,6.930494765951626,2026,1,1,0,3,0,4872
Wildfire,32.694722,-93.291667,7.167809184316444,2026,1,1,0,3,0,-1
Wildfire,32.739722,-93.271667,7.046647277848756,2026,1,1,0,3,0,-1
Wildfire,35.791717,-93.0302,6.508769136971682,2026,1,1,0,3,0,4872
Wildfire,34.804925,-94.110595,8.050065422915965,2026,1,1,0,3,0,4872
Wildfire,33.18283,-86.19299,6.396929655216146,2026,1,1,0,3,0,-1
Wildfire,34.148167,-87.218833,7.042286171939743,2026,1,1,0,3,0,-1
Wildfire,43.830833,-85.73175,7.520776415062797,2026,1,1,0,3,0,-1
Wildfire,30.656471,-95.663252,6.320588421959424,2026,1,1,0,3,0,-1
Wildfire,34.864556,-93.483778,7.311218384419629,2026,1,1,0,3,0,4872
Wildfire,-15.835208395563434,131.051899825058,6.739336627357174,2026,1,1,0,3,0,-1
Wildfire,-26.15769464967942,147.2513719027058,6.739336627357174,2026,1,1,0,3,0,-1
Wildfire,35.9522222,-94.7805556,6.668228248417403,2026,1,1,0,3,0,4872
Wildfire,35.7994444,-82.1080556,6.22455842927536,2026,1,1,0,3,0,-1
Wildfire,34.824078,-94.070798,6.810142450115136,2026,1,1,0,3,0,4872
Wildfire,31.652552,-92.496831,6.877296071497429,2026,1,1,0,3,0,-1
Wildfire,30.526667,-95.78,7.693481640835175,2026,1,1,0,3,0,-1
Wildfire,45.484958,-93.7184,7.40671073017764,2026,1,1,0,3,0,-1
Wildfire,42.469322,-87.809094,6.55250788703459,2026,1,1,0,3,0,-1
Wildfire,32.0775,-92.853611,7.2305631534092925,2026,1,1,0,3,0,-1
Wildfire,31.357727,-94.297051,7.145984467714388,2026,1,1,0,3,0,-1
Wildfire,31.2002,-92.614417,7.5126175446745105,2026,1,1,0,3,0,-1
Wildfire,30.2825,-84.405556,7.163946684342547,2026,1,1,0,3,0,-1
Wildfire,30.52675,-95.768467,6.55250788703459,2026,1,1,0,3,0,-1
Wildfire,52.41412557892783,114.8419905531358,6.739336627357174,2026,1,1,0,3,0,-1
Wildfire,53.61652896840107,115.60038452517516,6.739336627357174,2026,1,1,0,3,0,-1
Wildfire,52.66299807731874,114.54748846946389,6.739336627357174,2026,1,1,0,3,0,-1
Wildfire,37.607083,-89.26545,6.55250788703459,2026,1,1,0,3,0,-1
Wildfire,38.421667,-96.587222,7.496097345175956,2026,1,1,0,3,0,-1
Wildfire,40.488774,-99.246068,7.181591944611865,2026,1,1,0,3,0,-1
Wildfire,36.286667,-94.884444,7.090909822079984,2026,1,1,0,3,0,4872
Wildfire,47.681194,-111.314507,7.277938572945661,2026,1,1,0,3,0,-1
Wildfire,33.9393,-89.8031,7.120444372392488,2026,1,1,0,3,0,-1
Wildfire,41.793133,-100.359867,7.170888478512505,2026,1,1,0,3,0,-1
Wildfire,32.106667,-92.932778,7.8407064517494,2026,1,1,0,3,0,-1
Wildfire,31.519722,-88.941389,7.111512116496157,2026,1,1,0,3,0,-1
Wildfire,30.666667,-95.4,7.893198869544609,2026,1,1,0,3,0,-1
Wildfire,43.0023488,-88.5287624,6.251711186373694,2026,1,1,0,3,0,-1
Wildfire,35.6928,-93.9493,7.723120092266331,2026,1,1,0,3,0,4872
Wildfire,34.254,-94.705967,7.550135342488429,2026,1,1,0,3,0,4872
Wildfire,34.483611,-93.815278,8.388677769180811,2026,1,1,0,3,0,4872
Wildfire,34.897222,-93.435167,8.34687925374656,2026,1,1,0,3,0,4872
Wildfire,38.30984,-95.935554,6.734591659972948,2026,1,1,0,3,0,-1
Wildfire,46.0130556,-102.2683333,9.074635189810808,2026,1,1,0,3,0,-1
Wildfire,45.8719037,-92.6214841,7.145984467714388,2026,1,1,0,3,0,-1
Wildfire,33.177222,-86.170833,6.824373670043086,2026,1,1,0,3,0,-1
Wildfire,35.376467,-83.940333,6.68586094706836,2026,1,1,0,3,0,-1
Wildfire,30.296333,-84.9662,6.90875477931522,2026,1,1,0,3,0,-1
Wildfire,52.85876699802186,114.08487536948236,6.739336627357174,2026,1,1,0,3,0,-1
Wildfire,54.09133382574459,112.85675631492884,6.739336627357174,2026,1,1,0,3,0,-1
Wildfire,-21.12763864166613,140.38448354962398,6.739336627357174,2026,1,1,0,3,0,-1
Wildfire,53.55760581332528,116.4458419700294,6.739336627357174,2026,1,1,0,3,0,-1
Wildfire,52.32867033977128,114.36429378830864,6.739336627357174,2026,1,1,0,3,0,-1
Wildfire,48.063989,-97.427717,7.496097345175956,2026,1,1,0,3,0,-1
Wildfire,39.0001,-86.2852,7.492203042618741,2026,1,1,0,3,0,-1
Wildfire,31.396,-90.88,6.251903883165888,2026,1,1,0,3,0,-1
Wildfire,34.3892,-89.3648,7.053585727193677,2026,1,1,0,3,0,-1
Wildfire,30.57545,-95.651967,7.598399329323964,2026,1,1,0,3,0,-1
Wildfire,31.511,-88.9828,7.047517221357296,2026,1,1,0,3,0,-1
Wildfire,14.983530731412626,19.809023388189026,6.739336627357174,2026,1,1,0,3,0,-1
Wildfire,52.92164678793293,114.90851611457028,6.739336627357174,2026,1,1,0,3,0,-1
Wildfire,8.811654251129951,32.80721927861062,6.739336627357174,2026,1,1,0,3,0,-1
Wildfire,30.83055556,-95.285,6.220590170099739,2026,1,1,0,3,0,-1
Wildfire,45.09388889,-100.4047222,6.416732282512326,2026,1,1,0,3,0,-1
Wildfire,47.911486,-118.112957,6.289715570908998,2026,1,1,0,3,0,-1
Wildfire,34.818835,-94.112458,8.012349639327795,2026,1,1,0,3,0,4872
Wildfire,39.359275,-111.748036,6.974478911025045,2026,1,1,0,3,0,-1
Wildfire,31.382,-90.872,6.710523109452428,2026,1,1,0,3,0,-1
Wildfire,32.950182,-87.362417,7.57095858316901,2026,1,1,0,3,0,-1
Wildfire,34.514444,-93.354167,7.097548850614793,2026,1,1,0,3,0,4872
Wildfire,34.518889,-93.408333,6.658011045870748,2026,1,1,0,3,0,4872
Wildfire,31.31223,-95.271846,7.601402334583733,2026,1,1,0,3,0,-1
Wildfire,31.02545,-93.153167,7.83399634170946,2026,1,1,0,3,0,-1
Wildfire,42.7127671,-88.6118306,6.440946540632921,2026,1,1,0,3,0,-1
Wildfire,35.463975,-92.800228,6.883462586413092,2026,1,1,0,3,0,4872
Wildfire,35.7446,-94.3625,7.286191714702382,2026,1,1,0,3,0,4872
Wildfire,34.823056,-93.68,7.232733136177615,2026,1,1,0,3,0,4872
Wildfire,38.308702,-75.98023,7.438971592395862,2026,1,1,0,3,0,-1
Wildfire,38.379849,-75.990457,7.422971251049421,2026,1,1,0,3,0,-1
Wildfire,47.877953,-103.29019,7.719129840906732,2026,1,1,0,3,0,-1
Wildfire,-22.880015040317137,122.94855245035777,6.739336627357174,2026,1,1,0,3,0,-1
Wildfire,52.7984983333058,114.87591523782724,6.739336627357174,2026,1,1,0,3,0,-1
Wildfire,52.71342233651401,112.13206405044204,6.739336627357174,2026,1,1,0,3,0,-1
Wildfire,53.14997431827288,117.81550913150488,6.739336627357174,2026,1,1,0,3,0,-1
Wildfire,52.950340832469216,115.6872645343833,6.739336627357174,2026,1,1,0,3,0,-1
Wildfire,53.099330249283696,115.64671708494694,6.739336627357174,2026,1,1,0,3,0,-1
Wildfire,45.8902911,-92.6207464,6.279646494601414,2026,1,1,0,3,0,-1
Wildfire,35.608,-94.0267,7.124478262493424,2026,1,1,0,3,0,4872
Wildfire,33.2916,-89.1026,7.378383712996714,2026,1,1,0,3,0,-1
Wildfire,31.715663,-92.563586,7.6638772587034705,2026,1,1,0,3,0,-1
Wildfire,32.968973,-87.489495,6.985641817639208,2026,1,1,0,3,0,-1
Wildfire,34.4725,-93.63,7.701652362642226,2026,1,1,0,3,0,4872
Wildfire,31.219667,-93.914,7.180069874302796,2026,1,1,0,3,0,-1
Wildfire,34.485,-93.437222,7.368339686311381,2026,1,1,0,3,0,4872
Wildfire,31.309,-91.024,6.22455842927536,2026,1,1,0,3,0,-1
Wildfire,31.5518,-88.9256,7.43307534889858,2026,1,1,0,3,0,-1
Wildfire,34.8665,-93.527583,7.933796874815411,2026,1,1,0,3,0,4872
Wildfire,31.019883,-93.185517,6.53813982376767,2026,1,1,0,3,0,-1
Wildfire,34.793871,-94.072071,8.53405030848266,2026,1,1,0,3,0,4872
Wildfire,34.428333,-94.245833,6.766191714660351,2026,1,1,0,3,0,4872
Wildfire,27.645975,-81.280632,6.862757913051401,2026,1,1,0,3,0,-1
Volcano,19.023,-98.622,6.739336627357174,2026,1,1,0,3,0,-1
Wildfire,47.694694,-96.276928,8.22817689595132,2026,1,1,0,3,0,-1
Wildfire,52.49130677735032,114.971969616016,6.739336627357174,2026,1,1,0,3,0,-1
Wildfire,52.72668761932433,114.95791774075086,6.739336627357174,2026,1,1,0,3,0,-1
Wildfire,52.79008692312858,115.13753029199178,6.739336627357174,2026,1,1,0,3,0,-1
Wildfire,52.99781396892192,115.84837614880097,6.739336627357174,2026,1,1,0,3,0,-1
Wildfire,24.149399752201216,-106.2514045928239,6.739336627357174,2026,1,1,0,3,0,-1
Wildfire,38.284253,-95.821678,6.8679744089702925,2026,1,1,0,3,0,-1
Wildfire,38.840033,-111.438133,7.65491704784832,2026,1,1,0,3,0,-1
Wildfire,34.793871,-94.072071,7.022868086082641,2026,1,1,0,3,0,4872
Wildfire,34.6799,-89.1319,7.087573705557973,2026,1,1,0,3,0,-1
Wildfire,35.2178,-93.5204,7.375882148215011,2026,1,1,0,3,0,4872
Wildfire,30.0,-95.0,7.1631723908466425,2026,1,1,0,3,0,-1
Wildfire,31.266,-90.982,6.666956792429207,2026,1,1,0,3,0,-1
Wildfire,45.471467,-93.694633,6.318968113746434,2026,1,1,0,3,0,-1
Wildfire,34.6025,-93.586667,7.951207156472972,2026,1,1,0,3,0,4872
Wildfire,34.596389,-93.566389,6.725033642166843,2026,1,1,0,3,0,4872
Wildfire,32.4388,-89.5998,7.395721608602045,2026,1,1,0,3,0,-1
Wildfire,38.478033,-79.197467,7.398174092970465,2026,1,1,0,3,0,-1
Volcano,10.2,-84.233,6.739336627357174,2026,1,1,0,3,0,-1
Wildfire,64.00716,-146.3023,9.61587214452889,2026,1,1,0,3,0,-1
Wildfire,-27.82695393499989,150.7816781421846,6.739336627357174,2026,1,1,0,3,0,-1
Wildfire,52.70194991037984,114.74266010781862,6.739336627357174,2026,1,1,0,3,0,-1
Wildfire,63.98684,-145.6726,7.200947144607516,2026,1,1,0,3,0,-1
Wildfire,63.86224,-145.9018,7.638198244285779,2026,1,1,0,3,0,-1
Wildfire,31.325,-86.87,6.46302945692067,2026,1,1,0,3,0,-1
Wildfire,44.0295,-100.3325,6.220590170099739,2026,1,1,0,3,0,-1
Wildfire,-18.313152950049247,126.2624324416444,6.739336627357174,2026,1,1,0,3,0,-1
Wildfire,-17.876326107999237,128.006002879419,6.739336627357174,2026,1,1,0,3,0,-1
Wildfire,52.92842706034211,115.3353324532225,6.739336627357174,2026,1,1,0,3,0,-1
Wildfire,37.279192,-103.116078,7.7279755421055585,2026,1,1,0,3,0,-1
Wildfire,37.8524,-80.223591,6.46302945692067,2026,1,1,0,3,0,-1
Wildfire,40.00148,-90.0714,7.244941546337007,2026,1,1,0,3,0,-1
Wildfire,-27.937221640087028,150.57303310673927,6.739336627357174,2026,1,1,0,3,0,-1
Wildfire,-19.82053675307677,128.12559035975508,6.739336627357174,2026,1,1,0,3,0,-1
Wildfire,25.170351301225462,-107.11614724507184,6.739336627357174,2026,1,1,0,3,0,-1
Wildfire,33.1403,-83.7743,7.143617602704121,2026,1,1,0,3,0,-1
Wildfire,52.3687342574348,63.21636929186875,6.739336627357174,2026,1,1,0,3,0,-1
Wildfire,38.4325,-96.5575,6.976348070447749,2026,1,1,0,3,0,-1
Wildfire,38.135833,-98.475833,7.438971592395862,2026,1,1,0,3,0,-1
Wildfire,52.46366998317336,111.74255591311103,6.739336627357174,2026,1,1,0,3,0,-1
Wildfire,52.58287942238706,111.9953545111522,6.739336627357174,2026,1,1,0,3,0,-1
Wildfire,23.297738540677937,-98.37408521130904,6.739336627357174,2026,1,1,0,3,0,-1
Wildfire,33.811122,-95.68449,6.398594934535208,2026,1,1,0,3,0,4872
Wildfire,32.5425,-89.6629,6.97914527506881,2026,1,1,0,3,0,-1
Wildfire,27.66313,-81.316853,6.779921907472252,2026,1,1,0,3,0,-1
Wildfire,43.069733,-99.778967,7.601402334583733,2026,1,1,0,3,0,-1
Wildfire,48.0087,-103.361,6.803505257608338,2026,1,1,0,3,0,-1
Wildfire,35.150441,-93.375983,6.98100574072173,2026,1,1,0,3,0,4872
Wildfire,34.493056,-93.558611,7.818832443803404,2026,1,1,0,3,0,4872
Wildfire,34.6025,-93.586667,7.73718007783463,2026,1,1,0,3,0,4872
Wildfire,29.106946,-81.371102,8.125039097367745,2026,1,1,0,3,0,-1
Wildfire,47.8777,-103.2919,7.719129840906732,2026,1,1,0,3,0,-1
Wildfire,31.70188,-94.00119,6.2166061010848646,2026,1,1,0,3,0,-1
Wildfire,38.000989,-82.09927,6.409220479300378,2026,1,1,0,3,0,-1
Wildfire,34.774167,-96.485278,6.432940092739179,2026,1,1,0,3,0,4872
Wildfire,43.0403647,-88.3992015,6.459904454377535,2026,1,1,0,3,0,-1
Wildfire,33.124583,-110.105389,6.304448802421981,2026,1,1,0,3,0,-1
Wildfire,36.828917,-98.20825,6.400257445308821,2026,1,1,0,3,0,-1
Wildfire,21.605404754101592,-103.2098295601545,6.739336627357174,2026,1,1,0,3,0,-1
Wildfire,36.54464,-96.08502,6.443336028030302,2026,1,1,0,3,0,-1
Wildfire,35.0958333,-82.6981667,6.455198563340122,2026,1,1,0,3,0,-1
Wildfire,21.89435213731637,92.76503877746704,6.739336627357174,2026,1,1,0,3,0,-1
Wildfire,18.184866698944987,97.7073078944757,6.739336627357174,2026,1,1,0,3,0,-1
Wildfire,42.226316,-100.52378,9.082620630373812,2026,1,1,0,3,0,-1
Wildfire,42.5327252,-89.3539239,6.377067026119895,2026,1,1,0,3,0,-1
Wildfire,42.49905157,-100.683474,9.90353755128617,2026,1,1,0,3,0,-1
Wildfire,33.4361111,-80.0936111,6.532334292222349,2026,1,1,0,3,0,-1
Wildfire,28.5455556,-80.9422222,6.55250788703459,2026,1,1,0,3,0,-1
Wildfire,42.6456877,-88.1409602,6.850761557462016,2026,1,1,0,3,0,-1
Wildfire,37.572977,-101.318466,7.313886831633462,2026,1,1,0,3,0,-1
Wildfire,30.69137,-99.46019,6.621405651764134,2026,1,1,0,3,0,-1
Wildfire,34.7827778,-95.5783333,7.050122520269059,2026,1,1,0,3,0,4872
Wildfire,35.23225,-97.148972,6.406054562993147,2026,1,1,0,3,0,4872
Wildfire,35.4138889,-82.8144444,6.2166061010848646,2026,1,1,0,3,0,-1
Wildfire,42.7127671,-88.6118306,6.440946540632921,2026,1,1,0,3,0,-1
Wildfire,35.3875,-95.834722,7.554858521040676,2026,1,1,0,3,0,4872
Wildfire,9.083553661344526,-63.03643894644657,6.739336627357174,2026,1,1,0,3,0,-1
Wildfire,7.692642773911984,-67.39166547118292,6.739336627357174,2026,1,1,0,3,0,-1
Wildfire,30.840383,-82.522483,6.643789733147672,2026,1,1,0,3,0,-1
Wildfire,35.2375,-96.103333,6.240275845170769,2026,1,1,0,3,0,4872
Wildfire,27.450144,-97.44996,6.672032945461067,2026,1,1,0,3,0,-1
Wildfire,35.3588889,-83.4169444,6.878326468291325,2026,1,1,0,3,0,-1
Wildfire,34.2021667,-78.5515,6.285998094508865,2026,1,1,0,3,0,-1
Wildfire,35.29,-95.0038889,6.324358962381311,2026,1,1,0,3,0,4872
Wildfire,46.813839,-101.822111,8.284251797621916,2026,1,1,0,3,0,-1
Wildfire,35.352222,-95.88,7.422971251049421,2026,1,1,0,3,0,4872
Wildfire,6.472207061526475,-69.98978150030135,6.739336627357174,2026,1,1,0,3,0,-1
Wildfire,19.18494566565604,97.91715298776596,6.739336627357174,2026,1,1,0,3,0,-1
Wildfire,48.10692,-105.04257,6.625392368007956,2026,1,1,0,3,0,-1
Wildfire,39.450881,-82.167159,6.548219102762372,2026,1,1,0,3,0,-1
Wildfire,35.533333,-94.668333,7.378383712996714,2026,1,1,0,3,0,4872
Wildfire,35.557222,-96.491111,7.351799869057777,2026,1,1,0,3,0,4872
Wildfire,41.38635,-88.018483,6.263398262591624,2026,1,1,0,3,0,-1
Wildfire,35.5808333,-94.5980556,7.41336733569524,2026,1,1,0,3,0,4872
Wildfire,37.434739,-92.024248,7.3914152346753585,2026,1,1,0,3,0,-1
Wildfire,35.3772222,-95.0405556,6.253828811575473,2026,1,1,0,3,0,4872
Wildfire,6.034291724755281,23.70249835312588,6.739336627357174,2026,1,1,0,3,0,-1
Wildfire,18.667007018674028,101.4376784672243,6.739336627357174,2026,1,1,0,3,0,-1
Wildfire,8.602967944408825,-62.561684694837886,6.739336627357174,2026,1,1,0,3,0,-1
Wildfire,23.72915241526437,91.87846739769266,6.739336627357174,2026,1,1,0,3,0,-1
Wildfire,35.064545,-82.645834,9.275378768155404,2026,1,1,0,3,0,-1
Wildfire,46.75,-111.766617,7.00397413672268,2026,1,1,0,3,0,-1
Wildfire,31.91333333,-95.8975,6.496774990185863,2026,1,1,0,3,0,-1
Wildfire,34.7797,-96.4597,6.746412128573375,2026,1,1,0,3,0,4872
Wildfire,36.722833,-92.795167,7.520776415062797,2026,1,1,0,3,0,-1
Wildfire,34.498357,-96.653593,8.178358165605836,2026,1,1,0,3,0,4872
Wildfire,39.762809,-74.814702,7.467942332285852,2026,1,1,0,3,0,-1
Wildfire,43.814028,-106.411167,6.338947372677799,2026,1,1,0,3,0,-1
Wildfire,21.45203552812816,92.68472384031172,6.739336627357174,2026,1,1,0,3,0,-1
Wildfire,18.67866530294045,101.44558015055291,6.739336627357174,2026,1,1,0,3,0,-1
Wildfire,34.198056,-96.622222,6.313548046277095,2026,1,1,0,3,0,-1
Wildfire,34.5419444,-95.6158333,7.445417556701687,2026,1,1,0,3,0,4872
Wildfire,19.461470788368985,102.54882963797722,6.739336627357174,2026,1,1,0,3,0,-1
Wildfire,19.48896695169793,102.79765066067785,6.739336627357174,2026,1,1,0,3,0,-1
Wildfire,11.775278612628606,14.376242723699596,6.739336627357174,2026,1,1,0,3,0,-1
Wildfire,24.3015250285148,-106.28871134948328,6.739336627357174,2026,1,1,0,3,0,-1
Wildfire,34.677404,-89.109451,7.036148493750536,2026,1,1,0,3,0,-1
Wildfire,36.69066,-84.03447,6.913737350659685,2026,1,1,0,3,0,-1
Wildfire,36.359739,-96.293344,7.616283561580385,2026,1,1,0,3,0,-1
Wildfire,35.036733,-82.71055,7.170888478512505,2026,1,1,0,3,0,-1
Wildfire,37.696926,-89.074098,7.164720378771857,2026,1,1,0,3,0,-1
Wildfire,36.295278,-94.856667,6.379274719977426,2026,1,1,0,3,0,4872
Wildfire,31.3208,-94.9651,6.90875477931522,2026,1,1,0,3,0,-1
Wildfire,31.3104,-94.9214,6.90875477931522,2026,1,1,0,3,0,-1
Wildfire,-38.41490336043092,-72.21520645292038,6.739336627357174,2026,1,1,0,3,0,-1
Wildfire,-38.31283399220279,-72.61242317507185,6.739336627357174,2026,1,1,0,3,0,-1
Wildfire,36.41224104811645,128.5158189889869,6.739336627357174,2026,1,1,0,3,0,-1
Wildfire,36.38554453975656,128.7519152155986,6.739336627357174,2026,1,1,0,3,0,-1
Wildfire,35.23280662853817,127.84673735799682,6.739336627357174,2026,1,1,0,3,0,-1
Wildfire,22.11558671730912,92.61231032581604,6.739336627357174,2026,1,1,0,3,0,-1
Wildfire,7.091113536538049,24.10706378396439,6.739336627357174,2026,1,1,0,3,0,4873
Wildfire,20.246505139283567,97.12991919011898,6.739336627357174,2026,1,1,0,3,0,-1
Wildfire,18.426918684578474,97.42091148546491,6.739336627357174,2026,1,1,0,3,0,-1
Wildfire,18.47685293245474,97.29274591499905,6.739336627357174,2026,1,1,0,3,0,-1
Wildfire,30.7913889,-89.5861111,6.759255270663693,2026,1,1,0,3,0,-1
Wildfire,30.040111,-84.440611,6.7226297948554485,2026,1,1,0,3,0,-1
Wildfire,36.929438,-96.397764,7.00397413672268,2026,1,1,0,3,0,-1
Wildfire,-38.90761176297662,-72.3812024170825,6.739336627357174,2026,1,1,0,3,0,-1
Wildfire,35.260560217576185,127.8049379624935,6.739336627357174,2026,1,1,0,3,0,-1
Wildfire,19.816972799399164,103.2464553754866,6.739336627357174,2026,1,1,0,3,0,-1
Wildfire,20.00275785270364,101.44038480417098,6.739336627357174,2026,1,1,0,3,0,-1
Wildfire,33.29738,-95.626229,6.2166061010848646,2026,1,1,0,3,0,-1
Wildfire,36.1016667,-83.0191667,7.964155718840937,2026,1,1,0,3,0,-1
Wildfire,35.2930556,-82.2594444,7.842278779117352,2026,1,1,0,3,0,-1
Wildfire,35.97169,-92.751568,6.2166061010848646,2026,1,1,0,3,0,-1
Wildfire,31.39577,-95.00764,6.2166061010848646,2026,1,1,0,3,0,-1
Wildfire,26.85698047009338,-81.02995662693084,6.739336627357174,2026,1,1,0,3,0,-1
Wildfire,35.2855556,-82.2975,7.638679823876112,2026,1,1,0,3,0,-1
Wildfire,47.66425,-111.30208,7.4489161025442,2026,1,1,0,3,0,-1
Wildfire,30.41722781,-95.2501169,7.792348924113037,2026,1,1,0,3,0,-1
Wildfire,32.7013991,-94.42850735,6.263398262591624,2026,1,1,0,3,0,-1
Wildfire,34.8113889,-92.6283333,7.555381944240273,2026,1,1,0,3,0,4872
Wildfire,33.1027,-83.707,6.933423025730715,2026,1,1,0,3,0,-1
Wildfire,35.411667,-95.849444,7.285506548522785,2026,1,1,0,3,0,4872
Wildfire,31.2341667,-88.4741667,7.732807530422021,2026,1,1,0,3,0,-1
Wildfire,30.21145,-84.504833,8.240648863374913,2026,1,1,0,3,0,-1
Wildfire,35.006,-95.235,6.436951329565632,2026,1,1,0,3,0,4872
Wildfire,46.808449,-100.45556,7.244941546337007,2026,1,1,0,3,0,-1
Wildfire,34.9108333,-95.8175,6.678342114654332,2026,1,1,0,3,0,4872
Wildfire,34.7555556,-95.2577778,7.005789019253503,2026,1,1,0,3,0,4872
Wildfire,36.638967,-96.372967,7.35321003530646,2026,1,1,0,3,0,-1
Wildfire,36.789172,-96.217269,6.384350873009287,2026,1,1,0,3,0,-1
Wildfire,38.21551,-103.41728,8.08825472712243,2026,1,1,0,3,0,-1
Wildfire,38.107733,-103.511124,7.034387929915503,2026,1,1,0,3,0,-1
Wildfire,25.363433,-80.742267,7.721791776817535,2026,1,1,0,3,0,-1
Wildfire,36.329,-102.728,10.057752511547555,2026,1,1,0,3,0,-1
Wildfire,35.425,-95.84666667,7.396948602621014,2026,1,1,0,3,0,4872
Wildfire,35.343611,-95.905556,6.635946555686647,2026,1,1,0,3,0,4872
Wildfire,30.65722222,-95.66305556,6.621405651764134,2026,1,1,0,3,0,-1
Wildfire,35.0361111,-95.2841667,7.051855622955894,2026,1,1,0,3,0,4872
Wildfire,34.6877778,-95.4916667,6.68586094706836,2026,1,1,0,3,0,4872
Wildfire,35.7291667,-94.6333333,6.513230110912307,2026,1,1,0,3,0,4872
Wildfire,34.6505556,-95.6088889,6.2166061010848646,2026,1,1,0,3,0,4872
Wildfire,40.828583,-104.392283,7.3147525460683775,2026,1,1,0,3,0,-1
Wildfire,25.4018071419674,-80.40908595082675,6.739336627357174,2026,1,1,0,3,0,-1
Wildfire,18.561563626031457,97.40296561351408,6.739336627357174,2026,1,1,0,3,0,-1
Wildfire,30.172498156146386,-108.4284621849245,6.739336627357174,2026,1,1,0,3,0,-1
Wildfire,19.40025883589619,97.59854636432942,6.739336627357174,2026,1,1,0,3,0,-1
Wildfire,36.25138889,-96.59138889,6.2422232654551655,2026,1,1,0,3,0,-1
Wildfire,43.92567,-89.06903,6.61472560020376,2026,1,1,0,3,0,-1
Wildfire,38.00901,-95.897429,7.280008252884188,2026,1,1,0,3,0,-1
Wildfire,38.410569,-96.010719,7.313886831633462,2026,1,1,0,3,0,-1
Wildfire,35.74013,-94.2812,6.2166061010848646,2026,1,1,0,3,0,4872
Wildfire,8.725779376328596,-62.68359301683823,6.739336627357174,2026,1,1,0,3,0,-1
Wildfire,25.75808077379684,91.16213724363196,6.739336627357174,2026,1,1,0,3,0,-1
Wildfire,8.800895231569687,32.43275222618806,6.739336627357174,2026,1,1,0,3,0,-1
Wildfire,20.757022191585733,94.01300317418269,6.739336627357174,2026,1,1,0,3,0,-1
Wildfire,36.22083333,-96.3875,9.076923258535832,2026,1,1,0,3,0,-1
Wildfire,36.26972222,-96.68138889,9.29660980712836,2026,1,1,0,3,0,-1
Wildfire,35.23055556,-97.15833333,6.369900982828227,2026,1,1,0,3,0,4872
Wildfire,36.10944444,-96.38611111,9.322865162818028,2026,1,1,0,3,0,-1
Wildfire,37.17,-96.83,7.313886831633462,2026,1,1,0,3,0,-1
Wildfire,29.736111,-94.117222,7.433666540166168,2026,1,1,0,3,0,-1
Wildfire,36.90321,-96.35487,6.661854740545311,2026,1,1,0,3,0,-1
Wildfire,32.110795,-95.590466,6.2166061010848646,2026,1,1,0,3,0,-1
Wildfire,35.78444444,-97.24055556,10.404008262591878,2026,1,1,0,3,0,-1
Wildfire,25.77018954782079,91.19923416495722,6.739336627357174,2026,1,1,0,3,0,-1
Wildfire,41.62845,-89.521453,6.846943139585379,2026,1,1,0,3,0,-1
Wildfire,30.981167,-88.8907,6.90875477931522,2026,1,1,0,3,0,-1
Wildfire,30.3924538,-98.81667966,9.183791036742646,2026,1,1,0,3,0,-1
Wildfire,39.24725,-95.80608,6.46302945692067,2026,1,1,0,3,0,-1
Wildfire,38.856944,-96.187222,7.090909822079984,2026,1,1,0,3,0,-1
Wildfire,36.622144,-96.440069,9.23317760587894,2026,1,1,0,3,0,-1
Wildfire,35.0708333,-95.1036667,6.68311060154166,2026,1,1,0,3,0,4872
Wildfire,33.0313,-83.6564,6.311734809152915,2026,1,1,0,3,0,-1
Wildfire,35.4472222,-99.4472222,7.438971592395862,2026,1,1,0,3,0,-1
Wildfire,18.993053582830328,97.51429926016176,6.739336627357174,2026,1,1,0,3,0,-1
Wildfire,25.91382783620165,92.1848055127105,6.739336627357174,2026,1,1,0,3,0,-1
Wildfire,40.9313889,-100.5863889,6.478509642208569,2026,1,1,0,3,0,-1
Wildfire,42.8927838,-88.5082286,7.027580672050486,2026,1,1,0,3,0,-1
Wildfire,35.86196,-104.759471,9.972733725272942,2026,1,1,0,3,0,-1
Wildfire,35.68388889,-97.28694444,8.801469470733185,2026,1,1,0,3,0,-1
Wildfire,35.21102558,-100.8210611,8.978660489639687,2026,1,1,0,3,0,-1
Wildfire,36.483184,-96.463854,7.188337204943611,2026,1,1,0,3,0,-1
Wildfire,36.01388889,-96.70277778,9.049349685884057,2026,1,1,0,3,0,-1
Wildfire,35.78972222,-99.50388889,10.23480366200797,2026,1,1,0,3,0,-1
Wildfire,36.045122,-100.844678,10.056122798959722,2026,1,1,0,3,0,-1
Wildfire,43.0697222,-99.7788889,7.601402334583733,2026,1,1,0,3,0,-1
Wildfire,45.63352778,-100.6270583,6.2166061010848646,2026,1,1,0,3,0,-1
Wildfire,45.8534023,-92.6536388,7.331191272411538,2026,1,1,0,3,0,-1
Wildfire,35.89424331352189,-99.36763711797664,6.739336627357174,2026,1,1,0,3,0,-1
Wildfire,20.83396349041565,93.95692361883717,6.739336627357174,2026,1,1,0,3,0,-1
Wildfire,46.07656313186205,123.86456273442067,6.739336627357174,2026,1,1,0,3,0,-1
Wildfire,-28.70039292169039,-60.79808579207957,6.739336627357174,2026,1,1,0,3,0,-1
Wildfire,37.846725,-90.889216,6.785587645007929,2026,1,1,0,3,0,-1
Wildfire,38.813417,-104.585333,7.840312983320164,2026,1,1,0,3,0,-1
Wildfire,31.4848,-95.8175,6.398594934535208,2026,1,1,0,3,0,-1
Wildfire,27.626242,-81.341399,6.2878585601617845,2026,1,1,0,3,0,-1
Wildfire,32.3823,-89.5672,6.920671504248683,2026,1,1,0,3,0,-1
Wildfire,34.254,-94.705967,7.637716432664798,2026,1,1,0,3,0,4872
Wildfire,36.313894,-96.162072,7.76046702921342,2026,1,1,0,3,0,-1
Wildfire,27.700278,-81.309722,6.6240652277998935,2026,1,1,0,3,0,-1
Wildfire,37.632972,-91.352519,7.036148493750536,2026,1,1,0,3,0,-1
Wildfire,31.36422,-94.98719,6.2166061010848646,2026,1,1,0,3,0,-1
Wildfire,31.356,-90.899,7.616874229051781,2026,1,1,0,3,0,-1
Wildfire,30.011111,-84.424167,6.364750756851911,2026,1,1,0,3,0,-1
Wildfire,25.4447222,-80.3647222,6.90875477931522,2026,1,1,0,3,0,-1
Wildfire,34.7029,-95.6052,6.958448393297656,2026,1,1,0,3,0,4872
Wildfire,36.32,-94.7344444,6.561030665896573,2026,1,1,0,3,0,-1
Wildfire,21.7238106604614,94.23278989531258,6.739336627357174,2026,1,1,0,3,0,-1
Wildfire,12.3804343157281,13.930891537026335,6.739336627357174,2026,1,1,0,3,0,-1
Wildfire,25.79082244673053,90.99926889712192,6.739336627357174,2026,1,1,0,3,0,-1
Wildfire,18.92783125418988,97.4833761380538,6.739336627357174,2026,1,1,0,3,0,-1
Wildfire,18.97846950931534,97.94917518303518,6.739336627357174,2026,1,1,0,3,0,-1
Wildfire,22.05017236786709,93.29823961736854,6.739336627357174,2026,1,1,0,3,0,-1
Wildfire,31.31084976,-98.89228299,6.452364362104247,2026,1,1,0,3,0,-1
Wildfire,34.891667,-93.435167,6.878326468291325,2026,1,1,0,3,0,4872
Wildfire,34.995333,-93.774833,8.04012466444838,2026,1,1,0,3,0,4872
Wildfire,37.460458,-81.727343,6.423246963533519,2026,1,1,0,3,0,-1
Wildfire,43.198056,-90.3022045,6.750750530171972,2026,1,1,0,3,0,-1
Wildfire,34.685209,-89.280106,6.421622267806518,2026,1,1,0,3,0,-1
Wildfire,34.727783,-89.305382,6.988413181999592,2026,1,1,0,3,0,-1
Wildfire,35.2131,-93.5024,7.044905117129371,2026,1,1,0,3,0,4872
Wildfire,35.4259,-94.991767,7.601402334583733,2026,1,1,0,3,0,4872
Wildfire,40.987483,-87.579867,6.68586094706836,2026,1,1,0,3,0,-1
Wildfire,34.541944,-93.196389,7.192182058713246,2026,1,1,0,3,0,4872
Wildfire,30.981167,-88.8907,8.006700845440367,2026,1,1,0,3,0,-1
Wildfire,34.544444,-93.312778,6.939253946041508,2026,1,1,0,3,0,4872
Wildfire,34.875183,-93.522583,6.2166061010848646,2026,1,1,0,3,0,4872
Wildfire,34.5792,-95.8494,7.10002716662926,2026,1,1,0,3,0,4872
Wildfire,37.2362,-91.2676,7.515889085215125,2026,1,1,0,3,0,-1
Wildfire,31.541,-93.105,6.423246963533519,2026,1,1,0,3,0,-1
Wildfire,34.259633,-94.71155,6.2166061010848646,2026,1,1,0,3,0,4872
Wildfire,32.4392,-89.5708,7.129297548929373,2026,1,1,0,3,0,-1
Wildfire,35.7015,-94.0013,7.192182058713246,2026,1,1,0,3,0,4872
Wildfire,36.7465,-92.844,8.407601514786142,2026,1,1,0,3,0,-1
Wildfire,34.884565,-93.79676,7.608374474380783,2026,1,1,0,3,0,4872
Wildfire,29.444283,-81.818117,7.381501894506707,2026,1,1,0,3,0,-1
Wildfire,37.8649,-89.5173,7.157735484249907,2026,1,1,0,3,0,-1
Wildfire,7.335163304249659,24.105917533271608,6.739336627357174,2026,1,1,0,3,0,4873
Wildfire,21.57340199470004,96.66372562012208,6.739336627357174,2026,1,1,0,3,0,-1
Wildfire,18.54525691138357,97.51386065667292,6.739336627357174,2026,1,1,0,3,0,-1
Wildfire,36.33773,-96.42203,7.782807262839695,2026,1,1,0,3,0,-1
Wildfire,37.50853,-88.73399,7.160069207596127,2026,1,1,0,3,0,-1
Wildfire,35.438456,-94.99972,6.2166061010848646,2026,1,1,0,3,0,4872
Wildfire,31.38475,-93.11575,6.858565034791365,2026,1,1,0,3,0,-1
Wildfire,37.6258,-89.0997,6.431331081933479,2026,1,1,0,3,0,-1
Wildfire,48.39459,-107.72462,7.577121930876679,2026,1,1,0,3,0,-1
Wildfire,35.1986,-93.6907,7.1770187659099,2026,1,1,0,3,0,4872
Wildfire,35.565833,-93.25,8.270013062273787,2026,1,1,0,3,0,4872
Wildfire,36.015833,-92.259444,7.478734825567875,2026,1,1,0,3,0,-1
Wildfire,34.898278,-93.418889,7.696667081526462,2026,1,1,0,3,0,4872
Wildfire,31.775,-92.561944,7.113956109566034,2026,1,1,0,3,0,-1
Wildfire,34.884565,-93.79676,7.6953031349635665,2026,1,1,0,3,0,4872
Wildfire,31.71675,-92.454333,7.89989532313973,2026,1,1,0,3,0,-1
Wildfire,31.018483,-92.647,6.693323668269949,2026,1,1,0,3,0,-1
Wildfire,34.4025,-93.998611,8.296795865770052,2026,1,1,0,3,0,4872
Wildfire,36.0205556,-94.7441667,6.594413459749778,2026,1,1,0,3,0,4872
Wildfire,34.742293,-89.32888,6.395261598115449,2026,1,1,0,3,0,-1
Wildfire,35.7209,-93.9385,8.028781162487148,2026,1,1,0,3,0,4872
Wildfire,22.74653034476868,93.00463337862833,6.739336627357174,2026,1,1,0,3,0,-1
Wildfire,22.955887691948824,92.59304989103023,6.739336627357174,2026,1,1,0,3,0,-1
Wildfire,-32.16994291564136,18.99149662155846,6.739336627357174,2026,1,1,0,3,0,-1
Wildfire,18.52601847848982,97.32648709441683,6.739336627357174,2026,1,1,0,3,0,-1
Wildfire,36.321944,-96.368611,8.029758520440822,2026,1,1,0,3,0,-1
Wildfire,28.389,-96.59,6.2324480165505225,2026,1,1,0,3,0,-1
Wildfire,33.743625,-96.818533,6.326149473155099,2026,1,1,0,3,0,-1
Wildfire,44.65416667,-101.9838889,10.434233443737249,2026,1,1,0,3,0,-1
Wildfire,30.508333,-95.793333,7.195937226475569,2026,1,1,0,3,0,-1
Wildfire,30.015444,-84.415889,6.309918278226516,2026,1,1,0,3,0,-1
Wildfire,26.1748,-81.388967,7.416979621381154,2026,1,1,0,3,0,-1
Wildfire,36.918496,-90.591202,8.452121194672523,2026,1,1,0,3,0,-1
Wildfire,36.8921,-90.5618,7.8383433155571165,2026,1,1,0,3,0,-1
Wildfire,36.070132,-92.256492,7.155396301896734,2026,1,1,0,3,0,-1
Wildfire,30.94375,-93.1512,7.793586803371584,2026,1,1,0,3,0,-1
Wildfire,36.031365,-92.182673,8.35936910622267,2026,1,1,0,3,0,-1
Wildfire,31.137414,-93.796824,6.525029657843462,2026,1,1,0,3,0,-1
Wildfire,31.72405,-95.39591,6.2166061010848646,2026,1,1,0,3,0,-1
Wildfire,36.292222,-94.909444,6.638567789166521,2026,1,1,0,3,0,4872
Wildfire,22.32423758852614,92.74218103787096,6.739336627357174,2026,1,1,0,3,0,-1
Wildfire,21.51524095754266,97.25800272968672,6.739336627357174,2026,1,1,0,3,0,-1
Wildfire,33.4052778,-89.3875,6.580639137284949,2026,1,1,0,3,0,-1
Wildfire,37.498333,-91.3645,7.817222785508166,2026,1,1,0,3,0,-1
Wildfire,37.667337,-92.136834,7.746732907753622,2026,1,1,0,3,0,-1
Wildfire,36.918752,-90.615471,6.71174039505618,2026,1,1,0,3,0,-1
Wildfire,36.070132,-92.256492,8.129469764784231,2026,1,1,0,3,0,-1
Wildfire,37.149867,-91.211167,6.759255270663693,2026,1,1,0,3,0,-1
Wildfire,33.01188756779366,131.1045520412834,6.739336627357174,2026,1,1,0,3,0,-1
Wildfire,46.38149934342592,115.89171959937453,6.739336627357174,2026,1,1,0,3,0,-1
Wildfire,6.619150766776794,23.536788708011464,6.739336627357174,2026,1,1,0,3,0,-1
Wildfire,6.516394496500546,23.688304833309,6.739336627357174,2026,1,1,0,3,0,-1
Wildfire,20.188311094429693,93.52984617226184,6.739336627357174,2026,1,1,0,3,0,-1
Wildfire,6.511335898221757,23.66791677027197,6.739336627357174,2026,1,1,0,3,0,-1
Wildfire,37.715333,-90.887717,7.153833801578843,2026,1,1,0,3,0,-1
Wildfire,36.095542,-92.282212,6.53813982376767,2026,1,1,0,3,0,-1
Wildfire,35.663333,-95.930278,6.658011045870748,2026,1,1,0,3,0,4872
Wildfire,37.8725,-91.938833,7.2078598714324755,2026,1,1,0,3,0,-1
Wildfire,34.349135,-87.321845,6.82001636467413,2026,1,1,0,3,0,-1
Wildfire,-17.160733613694457,128.38030681274947,6.739336627357174,2026,1,1,0,3,0,-1
Wildfire,-17.13637444417971,128.75620408324932,6.739336627357174,2026,1,1,0,3,0,-1
Wildfire,-18.21746470042773,130.2212002200049,6.739336627357174,2026,1,1,0,3,0,-1
Wildfire,-32.25030765506339,19.101828923882767,6.739336627357174,2026,1,1,0,3,0,-1
Wildfire,21.11563416223357,97.04883946292448,6.739336627357174,2026,1,1,0,3,0,-1
Wildfire,21.77333945199785,96.70426337145264,6.739336627357174,2026,1,1,0,3,0,-1
Wildfire,8.498101519852261,33.263231720709946,6.739336627357174,2026,1,1,0,3,0,-1
Wildfire,37.368867,-91.2992,6.577861357721047,2026,1,1,0,3,0,-1
Wildfire,35.163,-93.4067,7.068172000388042,2026,1,1,0,3,0,4872
Wildfire,34.7675,-93.802222,6.71901315438526,2026,1,1,0,3,0,4872
Wildfire,35.703611,-95.885278,6.870053411798126,2026,1,1,0,3,0,4872
Wildfire,36.072526,-92.287442,6.398594934535208,2026,1,1,0,3,0,-1
Wildfire,27.369151,-97.633963,6.238324625039508,2026,1,1,0,3,0,-1
Wildfire,9.635534119657786,-61.4739192703003,6.739336627357174,2026,1,1,0,3,0,-1
Wildfire,22.48307877881833,92.67331338162067,6.739336627357174,2026,1,1,0,3,0,-1
Wildfire,23.18152643821413,92.41440586858594,6.739336627357174,2026,1,1,0,3,0,-1
Wildfire,8.435607326295585,32.9664613623826,6.739336627357174,2026,1,1,0,3,0,-1
Wildfire,31.325,-86.2533333,6.46302945692067,2026,1,1,0,3,0,-1
Wildfire,7.935052059126491,33.7984221412233,6.739336627357174,2026,1,1,0,3,0,-1
Wildfire,21.11372737882551,97.02884177730608,6.739336627357174,2026,1,1,0,3,0,-1
Wildfire,-13.88999951701955,133.16942096241894,6.739336627357174,2026,1,1,0,3,0,-1
Wildfire,7.902587980806288,33.87995019447472,6.739336627357174,2026,1,1,0,3,0,-1
Wildfire,23.02153983632611,-98.46236445375952,6.739336627357174,2026,1,1,0,3,0,-1
Wildfire,21.373585908949025,97.103322067522,6.739336627357174,2026,1,1,0,3,0,-1
Wildfire,-22.024491925159413,114.04983888837144,6.739336627357174,2026,1,1,0,3,0,-1
Wildfire,16.171901237732552,78.62792317851759,6.739336627357174,2026,1,1,0,3,0,-1
Wildfire,21.431668536367507,97.22638595937607,6.739336627357174,2026,1,1,0,3,0,-1
Wildfire,4.11778052420226,29.319199493766188,6.739336627357174,2026,1,1,0,3,0,-1
Wildfire,10.958707288432578,36.203560737771504,6.739336627357174,2026,1,1,0,3,0,-1
Wildfire,10.854635061053113,36.052729593506925,6.739336627357174,2026,1,1,0,3,0,-1
Wildfire,19.74357618486521,97.2656543265482,6.739336627357174,2026,1,1,0,3,0,-1
Wildfire,20.916152625051392,94.09367491290467,6.739336627357174,2026,1,1,0,3,0,-1
Wildfire,10.717569091269915,36.03694573694831,6.739336627357174,2026,1,1,0,3,0,-1
Wildfire,18.64426234678043,97.44061204928268,6.739336627357174,2026,1,1,0,3,0,-1
Wildfire,29.92459591249199,-108.46121544989686,6.739336627357174,2026,1,1,0,3,0,-1
Wildfire,22.5979169762239,97.15913730391168,6.739336627357174,2026,1,1,0,3,0,-1
Wildfire,29.838872783724792,-108.42762061983576,6.739336627357174,2026,1,1,0,3,0,-1
Wildfire,19.184716809696404,79.99317338106425,6.739336627357174,2026,1,1,0,3,0,-1
Wildfire,-16.40598297286811,128.52327871865603,6.739336627357174,2026,1,1,0,3,0,-1
Wildfire,8.874035780887,-62.91575651566576,6.739336627357174,2026,1,1,0,3,0,-1
Wildfire,-16.221010585212838,128.50209889262345,6.739336627357174,2026,1,1,0,3,0,-1
Wildfire,19.538833730103978,94.58351878953316,6.739336627357174,2026,1,1,0,3,0,-1
Wildfire,41.859,-101.04,10.819798284210286,2026,1,1,0,3,0,-1
Wildfire,36.84222,-91.083183,7.366445148327599,2026,1,1,0,3,0,-1
Wildfire,34.322222,-93.898611,7.602401335665818,2026,1,1,0,3,0,4872
Wildfire,34.416667,-93.913333,8.223627175805483,2026,1,1,0,3,0,4872
Wildfire,32.432944,-85.658917,6.728628613084702,2026,1,1,0,3,0,-1
Wildfire,41.510793,-99.958764,8.476579508530941,2026,1,1,0,3,0,-1
Wildfire,35.1884,-93.713,7.710653323501202,2026,1,1,0,3,0,4872
Wildfire,31.3088,-93.725867,7.115582126184454,2026,1,1,0,3,0,-1
Wildfire,31.28114,-95.255397,7.675081857716334,2026,1,1,0,3,0,-1
Wildfire,35.658049,-93.597128,7.108244139731541,2026,1,1,0,3,0,4872
Wildfire,31.525,-93.043611,7.705262474866325,2026,1,1,0,3,0,-1
Wildfire,33.7962,-95.537,7.244941546337007,2026,1,1,0,3,0,4872
Wildfire,33.93515,-88.9583,6.3784261836515865,2026,1,1,0,3,0,-1
Wildfire,36.0675,-93.123333,6.525029657843462,2026,1,1,0,3,0,4872
Wildfire,35.714619,-92.902528,7.348587530927593,2026,1,1,0,3,0,4872
Wildfire,31.3518,-94.229917,7.208600337960199,2026,1,1,0,3,0,-1
Wildfire,35.752404,-93.720865,8.476579508530941,2026,1,1,0,3,0,4872
Wildfire,34.876655,-94.301412,7.562681246721884,2026,1,1,0,3,0,4872
Wildfire,35.6191,-93.9705,6.9985096422506015,2026,1,1,0,3,0,4872
Wildfire,34.819167,-93.751389,7.816819965764552,2026,1,1,0,3,0,4872
Wildfire,30.314117,-82.547533,8.161660452056282,2026,1,1,0,3,0,-1
Wildfire,29.4572,-81.706083,8.150467911624004,2026,1,1,0,3,0,-1
Wildfire,-15.460050308100092,135.21942548386295,6.739336627357174,2026,1,1,0,3,0,-1
Wildfire,6.322034256238772,-69.80380791425938,6.739336627357174,2026,1,1,0,3,0,-1
Wildfire,8.791094987031062,-62.72509214017733,6.739336627357174,2026,1,1,0,3,0,-1
Wildfire,-20.52961253827525,138.7068490588114,6.739336627357174,2026,1,1,0,3,0,-1
Wildfire,6.056571943380485,-69.01115210275877,6.739336627357174,2026,1,1,0,3,0,-1
Wildfire,33.466157,-85.885277,7.71289096149013,2026,1,1,0,3,0,-1
Wildfire,36.786583,-98.213556,8.491259809389733,2026,1,1,0,3,0,-1
Wildfire,30.1792,-84.9963,7.057036981697891,2026,1,1,0,3,0,-1
Wildfire,34.3622,-89.2994,7.776115477098742,2026,1,1,0,3,0,-1
Wildfire,33.27269,-89.1246,7.608374474380783,2026,1,1,0,3,0,-1
Wildfire,36.044967,-92.293667,8.061802274538348,2026,1,1,0,3,0,-1
Wildfire,31.643,-98.902,6.68586094706836,2026,1,1,0,3,0,-1
Wildfire,28.47109036,-98.35107056,6.769641976852503,2026,1,1,0,3,0,-1
Wildfire,31.250992,-95.129428,7.313886831633462,2026,1,1,0,3,0,-1
Wildfire,35.698233,-92.94525,6.953684210870537,2026,1,1,0,3,0,4872
Wildfire,35.75125,-92.915086,6.836259277277067,2026,1,1,0,3,0,4872
Wildfire,31.232533,-92.628883,7.01211529430638,2026,1,1,0,3,0,-1
Wildfire,30.622167,-95.334,6.274762021241939,2026,1,1,0,3,0,-1
Wildfire,30.404133,-82.547883,8.227909837597483,2026,1,1,0,3,0,-1
Wildfire,31.062498,-86.752368,8.081784206935001,2026,1,1,0,3,0,-1
Wildfire,33.8988889,-85.7658333,6.311734809152915,2026,1,1,0,3,0,-1
Wildfire,41.547555,-99.728328,6.68586094706836,2026,1,1,0,3,0,-1
Wildfire,-30.942532865512696,149.45152157902322,6.739336627357174,2026,1,1,0,3,0,-1
Wildfire,30.38541667,-99.66921667,6.583409222158765,2026,1,1,0,3,0,-1
Wildfire,33.9580556,-85.8861111,6.508769136971682,2026,1,1,0,3,0,-1
Wildfire,34.712217,-94.86845,7.00397413672268,2026,1,1,0,3,0,4872
Wildfire,38.625558,-104.8106,6.621405651764134,2026,1,1,0,3,0,-1
Wildfire,34.11744675,-100.3442455,7.593877844605118,2026,1,1,0,3,0,-1
Wildfire,30.13073292,-99.29375895,6.516193076042964,2026,1,1,0,3,0,-1
Wildfire,28.47151854,-98.351056,6.769641976852503,2026,1,1,0,3,0,-1
Wildfire,33.170833,-86.152778,6.754604099487962,2026,1,1,0,3,0,-1
Wildfire,35.714619,-92.902528,7.378383712996714,2026,1,1,0,3,0,4872
Wildfire,34.716389,-94.22,6.492239835020471,2026,1,1,0,3,0,4872
Wildfire,31.134602,-86.745247,8.019283792916793,2026,1,1,0,3,0,-1
Wildfire,42.04107,-104.92062,6.2166061010848646,2026,1,1,0,3,0,-1
Wildfire,8.76770429509867,-68.14176757456781,6.739336627357174,2026,1,1,0,3,0,-1
Wildfire,10.705370034617072,35.96153969595625,6.739336627357174,2026,1,1,0,3,0,-1
Wildfire,11.099954768823263,36.28616137264376,6.739336627357174,2026,1,1,0,3,0,-1
Wildfire,42.000536,-104.90347,6.398594934535208,2026,1,1,0,3,0,-1
Wildfire,34.745,-93.808056,6.761572768804055,2026,1,1,0,3,0,4872
Wildfire,13.460777229036738,-12.686479720554628,6.739336627357174,2026,1,1,0,3,0,-1
Wildfire,-17.582193798972035,128.18195798040907,6.739336627357174,2026,1,1,0,3,0,-1
Wildfire,7.971437753501375,-9.427060559769606,6.739336627357174,2026,1,1,0,3,0,-1
Wildfire,34.723,-94.857083,6.2166061010848646,2026,1,1,0,3,0,4872
Wildfire,-19.33875873820721,130.2518742727973,6.739336627357174,2026,1,1,0,3,0,-1
Wildfire,15.058538175600468,-6.027762358906355,6.739336627357174,2026,1,1,0,3,0,-1
Wildfire,-37.580056289934426,146.74406620530675,6.739336627357174,2026,1,1,0,3,0,-1
Wildfire,-20.42737419501781,131.31155657622176,6.739336627357174,2026,1,1,0,3,0,-1
Wildfire,34.756666,-98.783392,6.930494765951626,2026,1,1,0,3,0,-1
Wildfire,33.789533,-85.579133,6.533788837933344,2026,1,1,0,3,0,-1
Wildfire,32.913522,-87.3643,7.191429330036379,2026,1,1,0,3,0,-1
Wildfire,16.46189435900621,3.258740013039412,6.739336627357174,2026,1,1,0,3,0,-1
Wildfire,44.43069133042419,131.58541641220148,6.739336627357174,2026,1,1,0,3,0,-1
Wildfire,7.842581874359542,33.27263220169747,6.739336627357174,2026,1,1,0,3,0,-1
Wildfire,8.877503108012524,-63.2585376692452,6.739336627357174,2026,1,1,0,3,0,-1
Wildfire,33.003833,-87.403333,7.277247726631484,2026,1,1,0,3,0,-1
Wildfire,26.566667,-80.25,8.006700845440367,2026,1,1,0,3,0,-1
Iceberg_A,-77.51,-48.54,3.4339872044851463,2026,1,1,0,3,0,6516
Iceberg_A,-76.96,-49.4,3.4339872044851463,2026,1,1,0,3,0,6516
Iceberg_A,-76.66,-51.03,3.4339872044851463,2026,1,1,0,3,0,6516
Iceberg_A,-76.16,-53.15,3.4339872044851463,2026,1,1,0,3,0,6516
Iceberg_A,-75.8,-54.47,3.4339872044851463,2026,1,1,0,3,0,6516
Iceberg_A,-75.23,-54.83,3.4339872044851463,2026,1,1,0,3,0,6516
Iceberg_A,-74.67,-53.83,3.4339872044851463,2026,1,1,0,3,0,6516
Iceberg_A,-74.18,-53.52,3.4339872044851463,2026,1,1,0,3,0,6516
Iceberg_A,-73.38,-54.34,3.4339872044851463,2026,1,1,0,3,0,6516
Iceberg_A,-72.84,-54.79,3.4339872044851463,2026,1,1,0,3,0,6516
Iceberg_A,-72.37,-54.56,3.4339872044851463,2026,1,1,0,3,0,6516
Iceberg_A,-71.91,-54.06,3.4339872044851463,2026,1,1,0,3,0,6516
Iceberg_A,-71.12,-53.84,3.4339872044851463,2026,1,1,0,3,0,6516
Iceberg_A,-70.43,-54.16,3.4339872044851463,2026,1,1,0,3,0,6516
Iceberg_A,-70.0,-54.74,3.4339872044851463,2026,1,1,0,3,0,6516
Iceberg_A,-69.44,-55.01,3.4339872044851463,2026,1,1,0,3,0,6516
Iceberg_A,-68.89,-55.23,3.4339872044851463,2026,1,1,0,3,0,6516
Iceberg_A,-68.06,-55.04,3.4339872044851463,2026,1,1,0,3,0,6516
Iceberg_A,-68.44,-55.69,3.4339872044851463,2026,1,1,0,3,0,6516
Iceberg_A,-68.57,-56.94,3.4339872044851463,2026,1,1,0,3,0,6516
Iceberg_D,-69.22,36.34,5.351858133476067,2026,1,1,0,3,0,-1
Wildfire,7.217614694615023,29.97627173054393,6.739336627357174,2026,1,1,0,3,0,-1
Wildfire,8.17501269597591,33.65861944468327,6.739336627357174,2026,1,1,0,3,0,-1
Wildfire,-22.643450133997057,142.78275723204698,6.739336627357174,2026,1,1,0,3,0,-1
Wildfire,-25.337344097177343,149.0564292803252,6.739336627357174,2026,1,1,0,3,0,-1
Wildfire,31.125228,-86.591103,6.877296071497429,2026,1,1,0,3,0,-1
Wildfire,32.896732,-87.365582,7.01301578963963,2026,1,1,0,3,0,-1
Wildfire,8.373105500593436,21.915248070388163,6.739336627357174,2026,1,1,0,3,0,-1
Wildfire,7.723215744328552,33.735090254905415,6.739336627357174,2026,1,1,0,3,0,-1
Wildfire,-33.330132018305164,19.251620190788337,6.739336627357174,2026,1,1,0,3,0,-1
Wildfire,8.277626012392249,33.12298028862088,6.739336627357174,2026,1,1,0,3,0,-1
Wildfire,8.355972966812852,32.984554609117694,6.739336627357174,2026,1,1,0,3,0,-1
Wildfire,30.825,-95.28388889,6.541462805948445,2026,1,1,0,3,0,-1
Volcano,-8.274,123.508,6.739336627357174,2026,1,1,0,3,0,-1
Wildfire,14.29850973532904,26.533734108251064,6.739336627357174,2026,1,1,0,3,0,-1
Wildfire,30.437883,-82.308383,7.00850518208228,2026,1,1,0,3,0,-1
Wildfire,13.15042224539168,-14.630241940697934,6.739336627357174,2026,1,1,0,3,0,-1
Wildfire,44.32929528069575,131.76582661325727,6.739336627357174,2026,1,1,0,3,0,-1
Wildfire,32.49105,-85.561,6.478509642208569,2026,1,1,0,3,0,-1
Wildfire,34.13333333,-100.4166667,7.593877844605118,2026,1,1,0,3,0,-1
Wildfire,-34.789985012057016,116.1659697685877,6.739336627357174,2026,1,1,0,3,0,-1
Wildfire,-34.800221174996494,116.15230836347172,6.739336627357174,2026,1,1,0,3,0,-1
Wildfire,13.094987169869531,-15.791538888608104,6.739336627357174,2026,1,1,0,3,0,-1
Wildfire,31.583117,-111.50325,7.8009820712577405,2026,1,1,0,3,0,-1
Wildfire,6.812385468960663,34.62631506346511,6.739336627357174,2026,1,1,0,3,0,-1
Wildfire,10.944443243024828,35.9939186682305,6.739336627357174,2026,1,1,0,3,0,-1
Wildfire,5.158772005459642,10.925303964705574,6.739336627357174,2026,1,1,0,3,0,-1
Wildfire,7.021187520376965,24.00830468932926,6.739336627357174,2026,1,1,0,3,0,4873
Wildfire,5.740728789547437,13.448953535900284,6.739336627357174,2026,1,1,0,3,0,-1
Wildfire,5.707452633392769,11.601622549677574,6.739336627357174,2026,1,1,0,3,0,-1
Wildfire,8.639136349312977,33.580453919550074,6.739336627357174,2026,1,1,0,3,0,-1
Wildfire,7.921367182712195,33.16979337386354,6.739336627357174,2026,1,1,0,3,0,-1
Wildfire,8.485468125944076,32.84602877090451,6.739336627357174,2026,1,1,0,3,0,-1
Wildfire,-1.41379366550985,29.188091947155684,6.739336627357174,2026,1,1,0,3,0,-1
Wildfire,39.628117,-118.47135,7.893945138235959,2026,1,1,0,3,0,-1
Wildfire,31.417493,-110.415004,6.563855526532128,2026,1,1,0,3,0,-1
Wildfire,31.034866,-86.793957,8.571870752706934,2026,1,1,0,3,0,-1
Wildfire,30.886667,-82.351383,6.86171134048073,2026,1,1,0,3,0,-1
Wildfire,30.345217,-82.504117,8.280204233279974,2026,1,1,0,3,0,-1
Wildfire,28.664267,-80.6804,7.497761700622568,2026,1,1,0,3,0,-1
Wildfire,30.581117,-82.301167,6.981934677156389,2026,1,1,0,3,0,-1
Wildfire,30.369833,-82.516383,8.019941687677365,2026,1,1,0,3,0,-1
Wildfire,30.95888889,-95.41861111,6.752854317764174,2026,1,1,0,3,0,-1
Wildfire,41.891333,-100.29995,6.398594934535208,2026,1,1,0,3,0,-1
Wildfire,-33.60615814406219,120.83976940333024,6.739336627357174,2026,1,1,0,3,0,-1
Wildfire,30.41878606,-99.71893567,6.535241271013659,2026,1,1,0,3,0,-1
Wildfire,-34.66225013239765,116.4135338570653,6.739336627357174,2026,1,1,0,3,0,-1
Wildfire,33.7113,-105.40959,7.862112211662748,2026,1,1,0,3,0,-1
Wildfire,30.5792,-98.0428,6.280395838960195,2026,1,1,0,3,0,-1
Wildfire,-41.41849649911012,144.89278913265767,6.739336627357174,2026,1,1,0,3,0,-1
Wildfire,5.992173212751177,12.765299415367926,6.739336627357174,2026,1,1,0,3,0,-1
Wildfire,44.178633,-103.818467,6.888572459565364,2026,1,1,0,3,0,-1
Wildfire,31.448056,-93.018056,7.40184157874383,2026,1,1,0,3,0,-1
Wildfire,31.462534,-92.543084,6.923628628138427,2026,1,1,0,3,0,-1
Wildfire,30.5,-95.116667,7.254177846456518,2026,1,1,0,3,0,-1
Wildfire,31.065655,-86.777237,6.240275845170769,2026,1,1,0,3,0,-1
Wildfire,31.453611,-93.065833,7.338888133838879,2026,1,1,0,3,0,-1
Wildfire,31.374053,-90.893408,6.77078942390898,2026,1,1,0,3,0,-1
Wildfire,33.40895,-97.645533,6.993932975223189,2026,1,1,0,3,0,-1
Wildfire,34.13333333,-100.4166667,7.593877844605118,2026,1,1,0,3,0,-1
Wildfire,31.317717,-93.703333,6.812345094177479,2026,1,1,0,3,0,-1
Wildfire,30.976,-93.144,6.821107472256465,2026,1,1,0,3,0,-1
Wildfire,31.3924,-95.1963,7.198183577101943,2026,1,1,0,3,0,-1
Wildfire,31.175467,-94.316883,7.312553498102598,2026,1,1,0,3,0,-1
Wildfire,33.772783,-83.266083,8.544808358449211,2026,1,1,0,3,0,-1
Wildfire,31.3999,-95.1042,6.369900982828227,2026,1,1,0,3,0,-1
Wildfire,30.528333,-95.654833,7.350516171833998,2026,1,1,0,3,0,-1
Wildfire,31.007087,-86.833059,7.785305182539862,2026,1,1,0,3,0,-1
Wildfire,30.81601,-94.67,6.311734809152915,2026,1,1,0,3,0,-1
Wildfire,7.581735889510396,33.55179468121498,6.739336627357174,2026,1,1,0,3,0,-1
Wildfire,7.224850642541192,34.27492944950135,6.739336627357174,2026,1,1,0,3,0,-1
Wildfire,31.026977,-86.810544,7.646831391430482,2026,1,1,0,3,0,-1
Wildfire,31.093738,-86.631821,7.973844375944687,2026,1,1,0,3,0,-1
Wildfire,31.070564,-86.725788,7.372118028337787,2026,1,1,0,3,0,-1
Wildfire,31.088143,-86.6629,7.769378609513984,2026,1,1,0,3,0,-1
Wildfire,14.434706510708589,19.7919151033446,6.739336627357174,2026,1,1,0,3,0,-1
Wildfire,8.106091862888794,32.86439845438164,6.739336627357174,2026,1,1,0,3,0,-1
Wildfire,4.244247573323041,29.60683213109463,6.739336627357174,2026,1,1,0,3,0,-1
Wildfire,4.430541130428701,29.66008976360997,6.739336627357174,2026,1,1,0,3,0,-1
Wildfire,7.12079205637736,23.59600170653006,6.739336627357174,2026,1,1,0,3,0,4873
Wildfire,7.867227016877645,-69.51307154577344,6.739336627357174,2026,1,1,0,3,0,-1
Wildfire,34.773117,-94.7045,6.366470447731438,2026,1,1,0,3,0,4872
Wildfire,32.966333,-87.476667,6.658011045870748,2026,1,1,0,3,0,-1
Wildfire,38.0065,-89.52647,6.324358962381311,2026,1,1,0,3,0,-1
Wildfire,35.591333,-83.803833,7.244941546337007,2026,1,1,0,3,0,-1
Wildfire,-41.545329380223215,144.99643423665097,6.739336627357174,2026,1,1,0,3,0,-1
Wildfire,11.719616923580602,19.74483578980161,6.739336627357174,2026,1,1,0,3,0,-1
Wildfire,-29.546235675996385,-58.30192154366178,6.739336627357174,2026,1,1,0,3,0,-1
Wildfire,-41.61247878410094,145.29635138093386,6.739336627357174,2026,1,1,0,3,0,-1
Wildfire,-32.7383457270778,138.0758590504984,6.739336627357174,2026,1,1,0,3,0,-1
Wildfire,-30.104321913048224,139.39973681864168,6.739336627357174,2026,1,1,0,3,0,-1
Wildfire,-41.79390265112694,145.9213486857724,6.739336627357174,2026,1,1,0,3,0,-1
Wildfire,31.3347,-94.21575,6.813444599510896,2026,1,1,0,3,0,-1
Wildfire,31.2783,-94.305583,7.00397413672268,2026,1,1,0,3,0,-1
Wildfire,-36.59669026588205,141.43774569174607,6.739336627357174,2026,1,1,0,3,0,-1
Wildfire,-36.61220067228274,141.4270239294413,6.739336627357174,2026,1,1,0,3,0,-1
Wildfire,8.310542967083636,32.84008263788477,6.739336627357174,2026,1,1,0,3,0,-1
Wildfire,6.653354631996438,24.37244301642445,6.739336627357174,2026,1,1,0,3,0,4873
Wildfire,9.291269831717326,-9.80178177483444,6.739336627357174,2026,1,1,0,3,0,-1
Wildfire,35.70057,-101.65394,8.260751354700513,2026,1,1,0,3,0,-1
Wildfire,-21.64408170376146,129.5254345867185,6.739336627357174,2026,1,1,0,3,0,-1
Wildfire,4.391303135306596,29.691445600068988,6.739336627357174,2026,1,1,0,3,0,-1
Wildfire,-23.71304577349745,133.2365228848466,6.739336627357174,2026,1,1,0,3,0,-1
Wildfire,34.895881,-102.103892,6.782192056006791,2026,1,1,0,3,0,-1
Wildfire,27.639541,-81.201153,6.520621127558696,2026,1,1,0,3,0,-1
Iceberg_A,-72.69,-75.8,4.976733742420574,2026,1,1,0,3,0,6517
Iceberg_A,-72.19,-77.85,4.976733742420574,2026,1,1,0,3,0,6517
Iceberg_A,-72.06,-79.81,4.976733742420574,2026,1,1,0,3,0,6517
Iceberg_A,-72.88,-81.03,4.290459441148391,2026,1,1,0,3,0,6517
Iceberg_A,-73.6,-82.43,4.290459441148391,2026,1,1,0,3,0,6517
Iceberg_A,-73.44,-84.35,4.290459441148391,2026,1,1,0,3,0,6517
Iceberg_A,-72.86,-86.23,4.290459441148391,2026,1,1,0,3,0,6517
Iceberg_A,-72.71,-87.79,4.290459441148391,2026,1,1,0,3,0,6517
Iceberg_A,-72.11,-90.64,4.290459441148391,2026,1,1,0,3,0,6517
Iceberg_A,-72.4,-91.86,4.290459441148391,2026,1,1,0,3,0,6517
Iceberg_A,-72.42,-93.89,4.290459441148391,2026,1,1,0,3,0,6517
Iceberg_A,-72.04,-94.85,4.290459441148391,2026,1,1,0,3,0,6517
Iceberg_A,-71.64,-96.27,4.290459441148391,2026,1,1,0,3,0,6517
Iceberg_A,-71.61,-100.25,4.290459441148391,2026,1,1,0,3,0,6517
Iceberg_A,-72.35,-103.78,4.290459441148391,2026,1,1,0,3,0,-1
Iceberg_A,-73.1,-103.89,4.290459441148391,2026,1,1,0,3,0,-1
Iceberg_A,-73.86,-104.89,4.290459441148391,2026,1,1,0,3,0,-1
Wildfire,-21.57456381971143,129.76627104819855,6.739336627357174,2026,1,1,0,3,0,-1
Wildfire,-21.908774378537625,128.22824873414183,6.739336627357174,2026,1,1,0,3,0,-1
Wildfire,6.371227222863023,23.48879600480071,6.739336627357174,2026,1,1,0,3,0,-1
Wildfire,-26.72809886289526,114.53919872604448,6.739336627357174,2026,1,1,0,3,0,-1
Wildfire,32.949027,-94.856,6.2166061010848646,2026,1,1,0,3,0,-1
Wildfire,27.639541,-81.201153,6.472346294500901,2026,1,1,0,3,0,-1
Wildfire,31.0947,-86.741262,6.70196036600254,2026,1,1,0,3,0,-1
Wildfire,30.348833,-82.315783,7.412160334945205,2026,1,1,0,3,0,-1
Wildfire,26.194033,-81.375717,7.353722330399631,2026,1,1,0,3,0,-1
Wildfire,35.780278,-82.012972,6.4692503167957724,2026,1,1,0,3,0,-1
Wildfire,-21.28478969016617,136.24833739827668,6.739336627357174,2026,1,1,0,3,0,-1
Wildfire,-21.88545679030662,129.99623318922966,6.739336627357174,2026,1,1,0,3,0,-1
Wildfire,-23.61386299955419,133.36242480924074,6.739336627357174,2026,1,1,0,3,0,-1
Wildfire,-21.744266064008457,130.06978055529294,6.739336627357174,2026,1,1,0,3,0,-1
Wildfire,-21.896389066878967,129.8340025202946,6.739336627357174,2026,1,1,0,3,0,-1
Wildfire,-42.42085113643347,-64.99776701739984,6.739336627357174,2026,1,1,0,3,0,-1
Wildfire,-21.986378553248763,130.41058593591805,6.739336627357174,2026,1,1,0,3,0,-1
Wildfire,-22.63570407297024,121.3404813531587,6.739336627357174,2026,1,1,0,3,0,-1
Wildfire,-21.96832814515328,130.52624581854514,6.739336627357174,2026,1,1,0,3,0,-1
Wildfire,-39.549283063006605,-71.27855558190157,6.739336627357174,2026,1,1,0,3,0,-1
Wildfire,4.7114204743932655,26.344467867976064,6.739336627357174,2026,1,1,0,3,0,-1
Wildfire,-21.24119156101582,136.0485708807638,6.739336627357174,2026,1,1,0,3,0,-1
Wildfire,4.169479291926629,29.54600839192834,6.739336627357174,2026,1,1,0,3,0,-1
Wildfire,-18.1717041880498,135.37777735987646,6.739336627357174,2026,1,1,0,3,0,-1
Wildfire,-41.87159400914621,-71.57446270555205,6.739336627357174,2026,1,1,0,3,0,-1
Wildfire,6.526968954050283,25.62734243143605,6.739336627357174,2026,1,1,0,3,0,-1
Wildfire,37.1205556,-80.0352778,6.320768294250582,2026,1,1,0,3,0,-1
Wildfire,30.407667,-82.591117,8.096512917501594,2026,1,1,0,3,0,-1
Wildfire,25.359967,-80.729517,8.160803920954665,2026,1,1,0,3,0,-1
Wildfire,7.217044933492573,20.755136879863,6.739336627357174,2026,1,1,0,3,0,-1
Wildfire,-44.11259937851845,-71.53338735597129,6.739336627357174,2026,1,1,0,3,0,-1
Wildfire,6.542163458246979,24.54248508156241,6.739336627357174,2026,1,1,0,3,0,4873
Wildfire,4.461904024310162,26.37529569387727,6.739336627357174,2026,1,1,0,3,0,-1
Wildfire,7.590988359496671,21.285451024725283,6.739336627357174,2026,1,1,0,3,0,-1
Wildfire,6.919191198615752,25.136092727396697,6.739336627357174,2026,1,1,0,3,0,4873
Wildfire,-28.72112020073024,-60.447795168425365,6.739336627357174,2026,1,1,0,3,0,-1
Wildfire,34.13333333,-100.4166667,7.593877844605118,2026,1,1,0,3,0,-1
Wildfire,35.654283,-93.687909,6.398594934535208,2026,1,1,0,3,0,4872
Wildfire,36.702667,-92.764833,7.523481312573497,2026,1,1,0,3,0,-1
Wildfire,30.196,-84.647,7.224753405767971,2026,1,1,0,3,0,-1
Wildfire,-20.88336116083613,128.5323684832846,6.739336627357174,2026,1,1,0,3,0,-1
Wildfire,-23.6954090111821,133.55486210204344,6.739336627357174,2026,1,1,0,3,0,-1
Wildfire,-20.47876545478382,137.05208275210717,6.739336627357174,2026,1,1,0,3,0,-1
Wildfire,4.270072900099985,29.46120761197797,6.739336627357174,2026,1,1,0,3,0,-1
Wildfire,-29.793679739330724,147.53775362853253,6.739336627357174,2026,1,1,0,3,0,-1
Wildfire,-22.799132904857977,130.57027694561188,6.739336627357174,2026,1,1,0,3,0,-1
Wildfire,13.012954372032755,-12.93344824208146,6.739336627357174,2026,1,1,0,3,0,-1
Wildfire,8.896386720677828,31.8502560904744,6.739336627357174,2026,1,1,0,3,0,-1
Wildfire,7.199377615990176,23.876386527319223,6.739336627357174,2026,1,1,0,3,0,4873
Wildfire,6.604124756620417,25.0126396242242,6.739336627357174,2026,1,1,0,3,0,4873
Wildfire,10.73437955446191,19.600395279239702,6.739336627357174,2026,1,1,0,3,0,-1
Wildfire,-21.83254646420518,130.65086491802245,6.739336627357174,2026,1,1,0,3,0,-1
Wildfire,35.038367,-106.499783,6.398594934535208,2026,1,1,0,3,0,-1
Wildfire,26.18145,-81.354117,6.2766434893416445,2026,1,1,0,3,0,-1
Wildfire,-37.39018998001453,142.26831861566103,6.739336627357174,2026,1,1,0,3,0,-1
Wildfire,7.336781406196946,33.64880139151565,6.739336627357174,2026,1,1,0,3,0,-1
Wildfire,-22.03345377254713,130.70949808302024,6.739336627357174,2026,1,1,0,3,0,-1
Wildfire,11.453506668235889,0.4908195816089277,6.739336627357174,2026,1,1,0,3,0,-1
Wildfire,-37.1089130053516,142.32325318877983,6.739336627357174,2026,1,1,0,3,0,-1
Wildfire,9.39538873791439,-9.727618384364476,6.739336627357174,2026,1,1,0,3,0,-1
Wildfire,25.99505,-81.119033,8.421342865759403,2026,1,1,0,3,0,-1
Wildfire,-22.037281256641645,126.5488084885653,6.739336627357174,2026,1,1,0,3,0,-1
Wildfire,31.963781,-95.646472,6.621405651764134,2026,1,1,0,3,0,-1
Wildfire,32.912309,-94.795964,7.147559271189454,2026,1,1,0,3,0,-1
Wildfire,31.100967,-94.221833,8.353968130313271,2026,1,1,0,3,0,-1
Wildfire,31.1223,-92.5479,7.257002707092073,2026,1,1,0,3,0,-1
Wildfire,25.99505,-81.119033,8.160803920954665,2026,1,1,0,3,0,-1
Wildfire,-19.08007888117985,134.38004849294296,6.739336627357174,2026,1,1,0,3,0,-1
Wildfire,6.107986183442296,26.47168101225164,6.739336627357174,2026,1,1,0,3,0,-1
Wildfire,7.681942136359429,23.601687852250752,6.739336627357174,2026,1,1,0,3,0,4873
Wildfire,11.781485004998006,2.685864166391419,6.739336627357174,2026,1,1,0,3,0,-1
Wildfire,6.556596691689325,25.74499923763562,6.739336627357174,2026,1,1,0,3,0,-1
Wildfire,6.587240195930185,25.05991962702732,6.739336627357174,2026,1,1,0,3,0,4873
Wildfire,7.044105874080034,-2.8735749802971253,6.739336627357174,2026,1,1,0,3,0,-1
Wildfire,31.850833,-92.545833,6.814542897259958,2026,1,1,0,3,0,-1
Wildfire,31.552117,-92.54385,7.492203042618741,2026,1,1,0,3,0,-1
Wildfire,25.99505,-81.119033,6.447305862541213,2026,1,1,0,3,0,-1
Wildfire,33.439444,-85.891111,6.963189985870238,2026,1,1,0,3,0,-1
Wildfire,31.7247872418788,-116.37322751142813,6.739336627357174,2026,1,1,0,3,0,-1
Wildfire,15.978467335760367,3.3073357069855387,6.739336627357174,2026,1,1,0,3,0,-1
Wildfire,-20.3985955544112,134.7105768112027,6.739336627357174,2026,1,1,0,3,0,-1
Wildfire,-21.823154313911843,141.25320940587116,6.739336627357174,2026,1,1,0,3,0,-1
Wildfire,-21.161524269874647,131.41137712176814,6.739336627357174,2026,1,1,0,3,0,-1
Wildfire,7.204621254029128,23.781454601735984,6.739336627357174,2026,1,1,0,3,0,4873
Wildfire,-20.68107420454767,140.22887240711827,6.739336627357174,2026,1,1,0,3,0,-1
Wildfire,6.700097422951898,24.9667888539489,6.739336627357174,2026,1,1,0,3,0,4873
Wildfire,-20.57918945289176,133.56402366360498,6.739336627357174,2026,1,1,0,3,0,-1
Wildfire,7.932238558926085,21.295372552036213,6.739336627357174,2026,1,1,0,3,0,-1
Wildfire,6.705074429748912,26.65846224045128,6.739336627357174,2026,1,1,0,3,0,-1
Wildfire,32.600524,-116.841271,8.798756582859841,2026,1,1,0,3,0,-1
Wildfire,31.42057,-95.080147,6.733401891837359,2026,1,1,0,3,0,-1
Wildfire,43.992117,-103.935533,6.746412128573375,2026,1,1,0,3,0,-1
Wildfire,-21.69205573182248,137.69269414198752,6.739336627357174,2026,1,1,0,3,0,-1
Wildfire,-32.050764362710375,119.64922948625868,6.739336627357174,2026,1,1,0,3,0,-1
Wildfire,13.586130211170978,-1.4673808092817984,6.739336627357174,2026,1,1,0,3,0,-1
Wildfire,6.098686187696297,26.549608165786484,6.739336627357174,2026,1,1,0,3,0,-1
Wildfire,-21.856100928187576,141.39129930892824,6.739336627357174,2026,1,1,0,3,0,-1
Wildfire,6.8331246646720025,25.91995736862296,6.739336627357174,2026,1,1,0,3,0,-1
Wildfire,7.5841122244415,24.256649013390984,6.739336627357174,2026,1,1,0,3,0,4873
Wildfire,7.267330153046085,23.764768315491057,6.739336627357174,2026,1,1,0,3,0,4873
Wildfire,5.763256592769755,26.68604940892622,6.739336627357174,2026,1,1,0,3,0,-1
Wildfire,4.01911380504089,29.54241317313306,6.739336627357174,2026,1,1,0,3,0,-1
Wildfire,6.7545981231062,25.091297584432013,6.739336627357174,2026,1,1,0,3,0,4873
Wildfire,8.94059994269145,31.603239169720386,6.739336627357174,2026,1,1,0,3,0,-1
Wildfire,4.336038515922353,29.734615007658604,6.739336627357174,2026,1,1,0,3,0,-1
Wildfire,34.543023,-118.559217,9.252057965328053,2026,1,1,0,3,0,-1
Wildfire,34.25595,-110.212133,6.35088571671474,2026,1,1,0,3,0,-1
Wildfire,8.722052538647928,32.34030216683976,6.739336627357174,2026,1,1,0,3,0,-1
Wildfire,8.157632765255649,21.91508754106496,6.739336627357174,2026,1,1,0,3,0,-1
Wildfire,6.744350843999465,25.98875937334182,6.739336627357174,2026,1,1,0,3,0,-1
Wildfire,7.836722476372874,11.362924116958574,6.739336627357174,2026,1,1,0,3,0,-1
Wildfire,7.3491119452343,21.14377901442735,6.739336627357174,2026,1,1,0,3,0,-1
Wildfire,7.892386383174827,11.452327533308084,6.739336627357174,2026,1,1,0,3,0,-1
Wildfire,6.615419856825279,26.85266626351784,6.739336627357174,2026,1,1,0,3,0,-1
Wildfire,5.982303785656416,-68.52812867969303,6.739336627357174,2026,1,1,0,3,0,-1
Wildfire,7.256387123481471,24.5738986043452,6.739336627357174,2026,1,1,0,3,0,4873
Wildfire,7.345413921117982,24.83139570507956,6.739336627357174,2026,1,1,0,3,0,4873
Wildfire,6.666161404898235,26.98873017050219,6.739336627357174,2026,1,1,0,3,0,-1
Wildfire,7.884066761994765,19.64024871587587,6.739336627357174,2026,1,1,0,3,0,-1
Wildfire,10.2052799626663,18.28788429900183,6.739336627357174,2026,1,1,0,3,0,-1
Wildfire,7.341853267579223,34.346772348557046,6.739336627357174,2026,1,1,0,3,0,-1
Wildfire,6.181797933976179,26.43200412145335,6.739336627357174,2026,1,1,0,3,0,-1
Wildfire,6.855641426990895,25.018956451952462,6.739336627357174,2026,1,1,0,3,0,4873
Wildfire,-37.923025622132336,-72.80214481008075,6.739336627357174,2026,1,1,0,3,0,-1
Wildfire,12.97635305735558,-12.992122839026663,6.739336627357174,2026,1,1,0,3,0,-1
Wildfire,7.181224669158938,24.42158559408052,6.739336627357174,2026,1,1,0,3,0,4873
Wildfire,7.270970996872754,24.49725271344792,6.739336627357174,2026,1,1,0,3,0,4873
Wildfire,29.131072,-95.266185,6.795705775173514,2026,1,1,0,3,0,-1
Wildfire,29.130928,-95.269524,6.739336627357174,2026,1,1,0,3,0,-1
Wildfire,13.06104584557223,-0.1090415613832802,6.739336627357174,2026,1,1,0,3,0,-1
Wildfire,12.938343020102494,-13.12286976324657,6.739336627357174,2026,1,1,0,3,0,-1
Wildfire,33.59301667,-102.49785,6.320768294250582,2026,1,1,0,3,0,-1
Wildfire,31.0459,-93.0487,7.8636512654486515,2026,1,1,0,3,0,-1
Wildfire,-23.21512441819584,145.81224168300193,6.739336627357174,2026,1,1,0,3,0,-1
Wildfire,-21.97063635244438,141.35813577175176,6.739336627357174,2026,1,1,0,3,0,-1
Wildfire,1.1868267133553414,39.01424498500139,6.739336627357174,2026,1,1,0,3,0,-1
Wildfire,-19.845794552829524,133.6474109002013,6.739336627357174,2026,1,1,0,3,0,-1
Wildfire,31.822407,-92.537713,7.614312146452,2026,1,1,0,3,0,-1
Wildfire,31.488211,-92.514816,6.47543271670409,2026,1,1,0,3,0,-1
Wildfire,-23.365211933574177,145.83193104098336,6.739336627357174,2026,1,1,0,3,0,-1
Wildfire,-23.216810394284703,145.8073170545561,6.739336627357174,2026,1,1,0,3,0,-1
Wildfire,-17.40762574804121,137.14379953718876,6.739336627357174,2026,1,1,0,3,0,-1
Wildfire,-21.432914061210248,140.39014905459132,6.739336627357174,2026,1,1,0,3,0,-1
Wildfire,-24.82680983616588,147.2790250758761,6.739336627357174,2026,1,1,0,3,0,-1
Wildfire,8.430679414319268,32.63591237407198,6.739336627357174,2026,1,1,0,3,0,-1
Wildfire,27.696106,-81.314278,6.38856140554563,2026,1,1,0,3,0,-1
Wildfire,-22.18161304787214,146.73447185026714,6.739336627357174,2026,1,1,0,3,0,-1
Wildfire,-19.80699487068191,133.48205481072037,6.739336627357174,2026,1,1,0,3,0,-1
Wildfire,1.1341487917791186,38.83808433827175,6.739336627357174,2026,1,1,0,3,0,-1
Wildfire,6.515491876709809,-68.30449310013243,6.739336627357174,2026,1,1,0,3,0,-1
Wildfire,7.421579749843402,33.08764341530124,6.739336627357174,2026,1,1,0,3,0,-1
Wildfire,6.45361411829087,33.65236570153123,6.739336627357174,2026,1,1,0,3,0,-1
Wildfire,6.669826489264874,25.460475329045163,6.739336627357174,2026,1,1,0,3,0,4873
Wildfire,-21.42530741847581,139.96745647880354,6.739336627357174,2026,1,1,0,3,0,-1
Wildfire,-21.949739850997183,141.25314823354648,6.739336627357174,2026,1,1,0,3,0,-1
Wildfire,9.78260358107889,5.053132570691755,6.739336627357174,2026,1,1,0,3,0,-1
Wildfire,4.447515288257361,26.12878252047804,6.739336627357174,2026,1,1,0,3,0,-1
Wildfire,6.725158403435517,26.74530261232928,6.739336627357174,2026,1,1,0,3,0,-1
Wildfire,6.086494289605255,26.895142800086475,6.739336627357174,2026,1,1,0,3,0,-1
Wildfire,-20.24571330288662,139.4251629402829,6.739336627357174,2026,1,1,0,3,0,-1
Wildfire,7.548671615640485,-0.8653330885248,6.739336627357174,2026,1,1,0,3,0,-1
Wildfire,6.75767404080306,24.61286477973144,6.739336627357174,2026,1,1,0,3,0,4873
Wildfire,10.993517693760356,5.589456117209345,6.739336627357174,2026,1,1,0,3,0,-1
Wildfire,-19.30532130574573,138.23897402742574,6.739336627357174,2026,1,1,0,3,0,-1
Wildfire,3.793858565611792,29.26135608622843,6.739336627357174,2026,1,1,0,3,0,-1
Wildfire,10.992991359871048,5.599164518849277,6.739336627357174,2026,1,1,0,3,0,-1
Wildfire,7.775183636136251,24.25481699013978,6.739336627357174,2026,1,1,0,3,0,4873
Wildfire,6.516761095625926,26.933773896508768,6.739336627357174,2026,1,1,0,3,0,-1
Wildfire,7.743850682212539,24.35093512498545,6.739336627357174,2026,1,1,0,3,0,4873
Wildfire,7.664019043088235,23.79694915139921,6.739336627357174,2026,1,1,0,3,0,4873
Wildfire,-20.46299435276289,140.13584969703714,6.739336627357174,2026,1,1,0,3,0,-1
Wildfire,10.76482854700278,5.572152824857128,6.739336627357174,2026,1,1,0,3,0,-1
Wildfire,5.608946883876972,29.236285748068173,6.739336627357174,2026,1,1,0,3,0,-1
Wildfire,6.765445317063179,25.624691005966262,6.739336627357174,2026,1,1,0,3,0,-1
Wildfire,6.78049963138462,25.723481470697426,6.739336627357174,2026,1,1,0,3,0,-1
Wildfire,6.95073734290221,24.90814684353292,6.739336627357174,2026,1,1,0,3,0,4873
Wildfire,7.4047704422892755,24.189575001044624,6.739336627357174,2026,1,1,0,3,0,4873
Wildfire,-20.69990393467754,147.3683595858013,6.739336627357174,2026,1,1,0,3,0,-1
Wildfire,7.734524458992688,25.2913840782008,6.739336627357174,2026,1,1,0,3,0,4873
Wildfire,25.94815,-81.085317,6.68586094706836,2026,1,1,0,3,0,-1
Wildfire,-30.072085940749545,125.78742919713191,6.739336627357174,2026,1,1,0,3,0,-1
Wildfire,-23.30549663822745,145.76167885915638,6.739336627357174,2026,1,1,0,3,0,-1
Wildfire,8.809754411235778,23.11224176150521,6.739336627357174,2026,1,1,0,3,0,-1
Wildfire,-19.84364421931252,139.96617152175995,6.739336627357174,2026,1,1,0,3,0,-1
Wildfire,-19.85475106635724,140.0673165900393,6.739336627357174,2026,1,1,0,3,0,-1
Wildfire,6.075907061947565,28.49067881867336,6.739336627357174,2026,1,1,0,3,0,-1
Wildfire,34.1855556,-118.6688889,6.959398512133975,2026,1,1,0,3,0,-1
Wildfire,27.704922,-81.24836,6.829793737512425,2026,1,1,0,3,0,-1
Wildfire,25.94815,-81.085317,8.006700845440367,2026,1,1,0,3,0,-1
Wildfire,15.702602425320045,-11.94974634230096,6.739336627357174,2026,1,1,0,3,0,-1
Wildfire,3.8292096493421375,29.45730938266801,6.739336627357174,2026,1,1,0,3,0,-1
Wildfire,7.913806124390041,24.15419945617112,6.739336627357174,2026,1,1,0,3,0,4873
Wildfire,7.332794170794209,33.83242924666901,6.739336627357174,2026,1,1,0,3,0,-1
Wildfire,6.652088595947101,25.336951189878747,6.739336627357174,2026,1,1,0,3,0,4873
Wildfire,6.75566072257997,25.442888423391533,6.739336627357174,2026,1,1,0,3,0,4873
Wildfire,9.9588595360055,4.342710486779855,6.739336627357174,2026,1,1,0,3,0,-1
Wildfire,7.767161010147166,19.775751159734504,6.739336627357174,2026,1,1,0,3,0,-1
Wildfire,7.72251172360353,24.425489866895543,6.739336627357174,2026,1,1,0,3,0,4873
Wildfire,31.450278,-92.973889,7.396948602621014,2026,1,1,0,3,0,-1
Wildfire,31.216583,-92.5583,6.6039438246004725,2026,1,1,0,3,0,-1
Wildfire,27.739102,-81.314449,6.356107660695892,2026,1,1,0,3,0,-1
Wildfire,25.94815,-81.085317,7.937731775260109,2026,1,1,0,3,0,-1
Wildfire,34.3261111,-118.4622222,6.51025834052315,2026,1,1,0,3,0,-1
Wildfire,34.19163,-118.10544,9.268703615273097,2026,1,1,0,3,0,-1
Wildfire,-35.95567608521341,-66.71514727835157,6.739336627357174,2026,1,1,0,3,0,-1
Wildfire,6.046657074348727,28.957613591734024,6.739336627357174,2026,1,1,0,3,0,-1
Wildfire,7.52858009754865,24.15904609267727,6.739336627357174,2026,1,1,0,3,0,4873
Wildfire,6.903869153322301,25.60411936346031,6.739336627357174,2026,1,1,0,3,0,4873
Wildfire,6.5421536504062585,27.437838205581603,6.739336627357174,2026,1,1,0,3,0,-1
Wildfire,6.295209944028489,28.855603032498763,6.739336627357174,2026,1,1,0,3,0,-1
Wildfire,5.9993010878662725,28.96930400763504,6.739336627357174,2026,1,1,0,3,0,-1
Wildfire,6.298346450801321,27.34151334088216,6.739336627357174,2026,1,1,0,3,0,-1
Wildfire,7.684651482376449,23.958303953071848,6.739336627357174,2026,1,1,0,3,0,4873
Wildfire,7.851640253908411,23.60841318310432,6.739336627357174,2026,1,1,0,3,0,4873
Wildfire,7.5493546097607265,23.891138700244177,6.739336627357174,2026,1,1,0,3,0,4873
Wildfire,8.030579323339342,23.183202059395853,6.739336627357174,2026,1,1,0,3,0,4873
Wildfire,-28.71080477762367,-60.54322013405463,6.739336627357174,2026,1,1,0,3,0,-1
Wildfire,-18.480783674567423,131.98437690174902,6.739336627357174,2026,1,1,0,3,0,-1
Wildfire,34.07474954660046,-118.52992278167513,6.739336627357174,2026,1,1,0,3,0,-1
Wildfire,7.514049306173647,24.16444139550804,6.739336627357174,2026,1,1,0,3,0,4873
Wildfire,7.725678776004848,25.21332028341864,6.739336627357174,2026,1,1,0,3,0,4873
Wildfire,6.378599198369397,28.4728767783849,6.739336627357174,2026,1,1,0,3,0,-1
Wildfire,6.147168518914891,28.24967569124323,6.739336627357174,2026,1,1,0,3,0,-1
Wildfire,7.085800428065205,25.007763225542003,6.739336627357174,2026,1,1,0,3,0,4873
Wildfire,6.246463308773805,25.889295293482096,6.739336627357174,2026,1,1,0,3,0,-1
Wildfire,7.474815796445171,24.46233082295362,6.739336627357174,2026,1,1,0,3,0,4873
Wildfire,6.186727312073932,26.754148669766906,6.739336627357174,2026,1,1,0,3,0,-1
Wildfire,7.487238628677368,23.55662384457641,6.739336627357174,2026,1,1,0,3,0,4873
Wildfire,7.946916634133042,24.17137656038433,6.739336627357174,2026,1,1,0,3,0,4873
Wildfire,-17.873800587891576,133.13946134985105,6.739336627357174,2026,1,1,0,3,0,-1
Wildfire,6.297082799880828,28.207039347601764,6.739336627357174,2026,1,1,0,3,0,-1
Wildfire,5.630867566876455,28.545461311198515,6.739336627357174,2026,1,1,0,3,0,-1
Wildfire,7.920818355859517,24.591782035299385,6.739336627357174,2026,1,1,0,3,0,4873
Wildfire,6.475854407302515,24.34650207283469,6.739336627357174,2026,1,1,0,3,0,4873
Wildfire,5.811804597708213,28.445732347747235,6.739336627357174,2026,1,1,0,3,0,-1
Wildfire,8.069433371206948,24.18684005038328,6.739336627357174,2026,1,1,0,3,0,4873
Wildfire,7.27309173801219,-0.4551888825221387,6.739336627357174,2026,1,1,0,3,0,-1
Wildfire,5.42044010992553,28.5071166776754,6.739336627357174,2026,1,1,0,3,0,-1
Wildfire,6.353502387198686,26.37064526922372,6.739336627357174,2026,1,1,0,3,0,-1
Wildfire,5.188508864013533,28.5307387750879,6.739336627357174,2026,1,1,0,3,0,-1
Wildfire,6.177868233600621,28.597558334224125,6.739336627357174,2026,1,1,0,3,0,-1
Wildfire,6.580669705812777,27.078157404442244,6.739336627357174,2026,1,1,0,3,0,-1
Wildfire,-19.32011658492744,128.0892515441246,6.739336627357174,2026,1,1,0,3,0,-1
Wildfire,7.307432235925848,28.83886535544099,6.739336627357174,2026,1,1,0,3,0,-1
Wildfire,9.94628663313389,6.274460362330006,6.739336627357174,2026,1,1,0,3,0,-1
Wildfire,-18.43698266365114,132.55111940108387,6.739336627357174,2026,1,1,0,3,0,-1
Wildfire,6.757619497248186,26.560440507239445,6.739336627357174,2026,1,1,0,3,0,-1
Wildfire,7.918437301030897,24.57200421840502,6.739336627357174,2026,1,1,0,3,0,4873
Wildfire,9.45370374704859,32.604941578819094,6.739336627357174,2026,1,1,0,3,0,-1
Wildfire,7.471348448177638,25.390808624740867,6.739336627357174,2026,1,1,0,3,0,4873
Wildfire,5.968224719019125,26.780344047784485,6.739336627357174,2026,1,1,0,3,0,-1
Wildfire,8.34621625159277,32.6489740605288,6.739336627357174,2026,1,1,0,3,0,-1
Wildfire,5.823383987547148,28.715603136286663,6.739336627357174,2026,1,1,0,3,0,-1
Wildfire,7.376306623347025,-0.677084138142933,6.739336627357174,2026,1,1,0,3,0,-1
Wildfire,5.4773990472185385,28.955048839890075,6.739336627357174,2026,1,1,0,3,0,-1
Wildfire,-19.94182459663413,143.8686649039378,6.739336627357174,2026,1,1,0,3,0,-1
Wildfire,4.694532163988489,30.82633640276625,6.739336627357174,2026,1,1,0,3,0,-1
Wildfire,7.920999912004943,24.06505273140386,6.739336627357174,2026,1,1,0,3,0,4873
Wildfire,11.31447983579301,1.5259532162596805,6.739336627357174,2026,1,1,0,3,0,-1
Wildfire,4.991143274451286,32.20238942634547,6.739336627357174,2026,1,1,0,3,0,-1
Wildfire,7.135346282679075,25.306617211078507,6.739336627357174,2026,1,1,0,3,0,4873
Wildfire,-19.66849278545917,139.45651729891827,6.739336627357174,2026,1,1,0,3,0,-1
Wildfire,-20.32237866627572,139.77204418429983,6.739336627357174,2026,1,1,0,3,0,-1
Wildfire,7.945323806197853,24.38113238269224,6.739336627357174,2026,1,1,0,3,0,4873
Wildfire,5.772648499422528,29.51944192237144,6.739336627357174,2026,1,1,0,3,0,-1
Wildfire,6.304150886320627,27.22592214909259,6.739336627357174,2026,1,1,0,3,0,-1
Wildfire,6.901886751822888,24.661319102789623,6.739336627357174,2026,1,1,0,3,0,4873
Wildfire,7.147499841829622,26.2934894891418,6.739336627357174,2026,1,1,0,3,0,-1
Wildfire,8.865031092041828,23.7342816898358,6.739336627357174,2026,1,1,0,3,0,-1
Wildfire,13.552649251455412,102.79340642999856,6.739336627357174,2026,1,1,0,3,0,-1
Wildfire,-23.14187337691612,145.6479987140522,6.739336627357174,2026,1,1,0,3,0,-1
Wildfire,5.6053010320311065,33.21019872367589,6.739336627357174,2026,1,1,0,3,0,-1
Wildfire,7.159515007951265,25.638146080993973,6.739336627357174,2026,1,1,0,3,0,4873
Wildfire,7.263545725315286,25.28295500664008,6.739336627357174,2026,1,1,0,3,0,4873
Wildfire,7.426610876233671,24.68240435335129,6.739336627357174,2026,1,1,0,3,0,4873
Wildfire,7.1314161961233085,25.31521200797027,6.739336627357174,2026,1,1,0,3,0,4873
Wildfire,7.154042552980861,25.5963291897788,6.739336627357174,2026,1,1,0,3,0,4873
Wildfire,7.321409363258191,25.38756107947169,6.739336627357174,2026,1,1,0,3,0,4873
Wildfire,6.932637287457487,27.020264488215748,6.739336627357174,2026,1,1,0,3,0,-1
Wildfire,8.236082854540957,24.070280344680395,6.739336627357174,2026,1,1,0,3,0,4873
Wildfire,6.108187699792875,28.79083771750544,6.739336627357174,2026,1,1,0,3,0,-1
Wildfire,5.653799586554413,33.336011825860055,6.739336627357174,2026,1,1,0,3,0,-1
Wildfire,6.814826268339849,27.06965475270917,6.739336627357174,2026,1,1,0,3,0,-1
Wildfire,8.065929197503586,23.316758534764386,6.739336627357174,2026,1,1,0,3,0,4873
Wildfire,5.782587809832636,28.32353654074709,6.739336627357174,2026,1,1,0,3,0,-1
Wildfire,5.366769725535472,28.635655693744823,6.739336627357174,2026,1,1,0,3,0,-1
Wildfire,7.467258639172781,8.3091365221266,6.739336627357174,2026,1,1,0,3,0,-1
Wildfire,7.279329852468023,26.408365326896188,6.739336627357174,2026,1,1,0,3,0,-1
Wildfire,7.8233705991794,23.9971550742324,6.739336627357174,2026,1,1,0,3,0,4873
Wildfire,10.738353922767246,5.707004688934809,6.739336627357174,2026,1,1,0,3,0,-1
Wildfire,7.108130554584191,26.20167704572428,6.739336627357174,2026,1,1,0,3,0,-1
Wildfire,8.328229278608866,23.54838429397989,6.739336627357174,2026,1,1,0,3,0,4873
Wildfire,5.9826071809141546,28.23291241255462,6.739336627357174,2026,1,1,0,3,0,-1
Wildfire,7.266378284672815,25.25894235538426,6.739336627357174,2026,1,1,0,3,0,4873
Wildfire,6.715445291087088,27.2755644169956,6.739336627357174,2026,1,1,0,3,0,-1
Wildfire,5.161423251213588,28.63980075781764,6.739336627357174,2026,1,1,0,3,0,-1
Wildfire,7.539876500960804,24.720602259724377,6.739336627357174,2026,1,1,0,3,0,4873
Wildfire,8.804583536249867,23.345129131347512,6.739336627357174,2026,1,1,0,3,0,-1
Wildfire,7.035208922425168,24.43246187930849,6.739336627357174,2026,1,1,0,3,0,4873
Wildfire,9.636456734238909,32.82646701499584,6.739336627357174,2026,1,1,0,3,0,-1
Wildfire,9.019905871814055,10.556407306837032,6.739336627357174,2026,1,1,0,3,0,-1
Volcano,-19.532,169.447,6.739336627357174,2026,1,1,0,3,0,-1
Wildfire,8.374277877520441,24.330016349942017,6.739336627357174,2026,1,1,0,3,0,4873
Wildfire,6.7273560490286295,34.23122225076278,6.739336627357174,2026,1,1,0,3,0,-1
Wildfire,6.465793080806328,27.026129872183947,6.739336627357174,2026,1,1,0,3,0,-1
Wildfire,8.121046275394463,24.89152014275517,6.739336627357174,2026,1,1,0,3,0,4873
Wildfire,7.899065703811093,25.787079105825043,6.739336627357174,2026,1,1,0,3,0,-1
Wildfire,8.17001793731142,24.17598543282239,6.739336627357174,2026,1,1,0,3,0,4873
Wildfire,6.010655029311915,28.39455601125998,6.739336627357174,2026,1,1,0,3,0,-1
Wildfire,7.387414121325905,26.34065666366354,6.739336627357174,2026,1,1,0,3,0,-1
Wildfire,-17.726733463210202,133.14704800621266,6.739336627357174,2026,1,1,0,3,0,-1
Wildfire,5.76598484550449,28.243029948199272,6.739336627357174,2026,1,1,0,3,0,-1
Wildfire,-17.06398922433114,132.21859673766923,6.739336627357174,2026,1,1,0,3,0,-1
Wildfire,6.510223056647439,27.14630100043045,6.739336627357174,2026,1,1,0,3,0,-1
Wildfire,6.292370024590595,27.090493266571126,6.739336627357174,2026,1,1,0,3,0,-1
Wildfire,5.493649613768618,28.657574587618303,6.739336627357174,2026,1,1,0,3,0,-1
Wildfire,10.445773245470278,5.829897146163884,6.739336627357174,2026,1,1,0,3,0,-1
Wildfire,8.145142021584281,24.359244918800016,6.739336627357174,2026,1,1,0,3,0,4873
Wildfire,6.734463068611611,27.56431958608968,6.739336627357174,2026,1,1,0,3,0,-1
Wildfire,8.242940241935587,23.986243037059587,6.739336627357174,2026,1,1,0,3,0,4873
Wildfire,7.474565902609471,25.16716092009261,6.739336627357174,2026,1,1,0,3,0,4873
Wildfire,8.103531536277943,23.87905111206809,6.739336627357174,2026,1,1,0,3,0,4873
Wildfire,-17.25107698706078,135.30977008759658,6.739336627357174,2026,1,1,0,3,0,-1
Wildfire,13.21831060433692,-12.750769932772975,6.739336627357174,2026,1,1,0,3,0,-1
Wildfire,8.803820061048462,22.20722639459965,6.739336627357174,2026,1,1,0,3,0,-1
Wildfire,8.510301301586463,24.28912935494622,6.739336627357174,2026,1,1,0,3,0,4873
Wildfire,10.904065572091588,19.436361210695747,6.739336627357174,2026,1,1,0,3,0,-1
Wildfire,8.14617076379209,24.670174324444023,6.739336627357174,2026,1,1,0,3,0,4873
Wildfire,7.748692625272149,23.86432821739193,6.739336627357174,2026,1,1,0,3,0,4873
Wildfire,-20.30091561235889,132.31626558957635,6.739336627357174,2026,1,1,0,3,0,-1
Wildfire,6.858677543263291,26.485782308663456,6.739336627357174,2026,1,1,0,3,0,-1
Wildfire,-20.13989157541881,144.12163105672698,6.739336627357174,2026,1,1,0,3,0,-1
Wildfire,-19.65243761067193,135.35111581184833,6.739336627357174,2026,1,1,0,3,0,-1
Wildfire,5.548516889793419,27.8191907345819,6.739336627357174,2026,1,1,0,3,0,-1
Wildfire,13.119811868550205,-12.992992174680737,6.739336627357174,2026,1,1,0,3,0,-1
Wildfire,7.560869577734518,25.72051318155556,6.739336627357174,2026,1,1,0,3,0,-1
Wildfire,8.93168974718822,23.57150501859612,6.739336627357174,2026,1,1,0,3,0,-1
Wildfire,8.629271989415493,23.50447086427961,6.739336627357174,2026,1,1,0,3,0,-1
Wildfire,6.547949349626037,26.400942609511336,6.739336627357174,2026,1,1,0,3,0,-1
Wildfire,6.689468337688547,27.558520882581565,6.739336627357174,2026,1,1,0,3,0,-1
Wildfire,7.646743643824021,24.93377710957316,6.739336627357174,2026,1,1,0,3,0,4873
Wildfire,7.599629854515654,24.622956593525625,6.739336627357174,2026,1,1,0,3,0,4873
Wildfire,8.06330808171338,23.78254629289589,6.739336627357174,2026,1,1,0,3,0,4873
Wildfire,8.237630868150829,23.97839535921044,6.739336627357174,2026,1,1,0,3,0,4873
Wildfire,8.129756506247471,23.86357837457175,6.739336627357174,2026,1,1,0,3,0,4873
Wildfire,6.109092952157781,28.156225273652712,6.739336627357174,2026,1,1,0,3,0,-1
Wildfire,8.151080191066356,23.412842125647995,6.739336627357174,2026,1,1,0,3,0,4873
Wildfire,10.04018296591252,-1.1347593284638946,6.739336627357174,2026,1,1,0,3,0,-1
Wildfire,7.1086760671747165,24.662069294403462,6.739336627357174,2026,1,1,0,3,0,4873
Wildfire,8.208512372088983,23.76733229180104,6.739336627357174,2026,1,1,0,3,0,4873
Wildfire,8.696436566740989,23.440408208448083,6.739336627357174,2026,1,1,0,3,0,-1
Wildfire,7.510097387588692,23.76105677044768,6.739336627357174,2026,1,1,0,3,0,4873
Wildfire,8.97897606456161,23.72777515054142,6.739336627357174,2026,1,1,0,3,0,-1
Wildfire,-19.96860890677908,139.5608362749088,6.739336627357174,2026,1,1,0,3,0,-1
Wildfire,7.195006799160246,-0.3604746601194578,6.739336627357174,2026,1,1,0,3,0,-1
Wildfire,6.569177788788793,28.722049883211167,6.739336627357174,2026,1,1,0,3,0,-1
Wildfire,-33.34002923002207,22.257301000497232,6.739336627357174,2026,1,1,0,3,0,-1
Wildfire,-18.681559457608014,138.2385903514906,6.739336627357174,2026,1,1,0,3,0,-1
Wildfire,8.438761940963216,23.786380694334504,6.739336627357174,2026,1,1,0,3,0,4873
Wildfire,6.607790956857743,26.71447230443949,6.739336627357174,2026,1,1,0,3,0,-1
Wildfire,5.902791592719028,27.89277950772864,6.739336627357174,2026,1,1,0,3,0,-1
Wildfire,6.889039832041436,26.780350626723607,6.739336627357174,2026,1,1,0,3,0,-1
Wildfire,5.84345069172117,28.95684115549879,6.739336627357174,2026,1,1,0,3,0,-1
Wildfire,8.648603871350426,24.522016644912263,6.739336627357174,2026,1,1,0,3,0,4873
Wildfire,6.308960834748664,26.671307514877125,6.739336627357174,2026,1,1,0,3,0,-1
Wildfire,8.41146391521609,24.065838915888023,6.739336627357174,2026,1,1,0,3,0,4873
Wildfire,7.907935485235593,24.930584770818943,6.739336627357174,2026,1,1,0,3,0,4873
Wildfire,-20.06234842672937,139.47646895777228,6.739336627357174,2026,1,1,0,3,0,-1
Wildfire,10.676440358772018,-1.7678305853207863,6.739336627357174,2026,1,1,0,3,0,-1
Wildfire,7.160662169295666,23.455012721342857,6.739336627357174,2026,1,1,0,3,0,4873
Wildfire,5.960643929205326,33.31830135195603,6.739336627357174,2026,1,1,0,3,0,-1
Wildfire,-20.040331468586977,143.72523774771264,6.739336627357174,2026,1,1,0,3,0,-1
Wildfire,-19.08812664966159,139.23801061055505,6.739336627357174,2026,1,1,0,3,0,-1
Wildfire,7.998438598310289,25.165886459683723,6.739336627357174,2026,1,1,0,3,0,4873
Wildfire,7.304052627950877,26.86769016783881,6.739336627357174,2026,1,1,0,3,0,-1
Wildfire,6.03307996712853,28.758573686998712,6.739336627357174,2026,1,1,0,3,0,-1
Wildfire,12.928030726983147,-13.22090340811671,6.739336627357174,2026,1,1,0,3,0,-1
Wildfire,6.060168006483732,33.240269573637335,6.739336627357174,2026,1,1,0,3,0,-1
Wildfire,-23.24685599582275,146.22937318531575,6.739336627357174,2026,1,1,0,3,0,-1
Wildfire,-19.883834863665182,138.7319185515361,6.739336627357174,2026,1,1,0,3,0,-1
Wildfire,-17.732976374049688,134.3682704125999,6.739336627357174,2026,1,1,0,3,0,-1
Wildfire,-20.42613870887447,140.0207255986671,6.739336627357174,2026,1,1,0,3,0,-1
Wildfire,-30.616429900612538,120.64403253748308,6.739336627357174,2026,1,1,0,3,0,-1
Wildfire,6.851591531000284,31.862204905244752,6.739336627357174,2026,1,1,0,3,0,-1
Wildfire,-21.652017104608205,145.49242110166543,6.739336627357174,2026,1,1,0,3,0,-1
Wildfire,-19.269656671018662,141.6229536369306,6.739336627357174,2026,1,1,0,3,0,-1
Wildfire,6.016896577836094,27.916501493900785,6.739336627357174,2026,1,1,0,3,0,-1
Wildfire,37.715412,-81.863359,6.285290209007722,2026,1,1,0,3,0,-1
Volcano,19.421,-155.287,6.739336627357174,2026,1,1,0,3,0,-1
Wildfire,7.196690786437291,24.829211857916736,6.739336627357174,2026,1,1,0,3,0,4873
Wildfire,7.036564030571083,24.743068123643862,6.739336627357174,2026,1,1,0,3,0,4873
Wildfire,6.806729494966652,26.853612988715835,6.739336627357174,2026,1,1,0,3,0,-1
Wildfire,9.166606847356444,32.230527128580206,6.739336627357174,2026,1,1,0,3,0,-1
Wildfire,5.935681496147373,29.075709532062124,6.739336627357174,2026,1,1,0,3,0,-1
Wildfire,11.748182304578076,5.197697717332322,6.739336627357174,2026,1,1,0,3,0,-1
Wildfire,6.508332043399119,26.13994429521384,6.739336627357174,2026,1,1,0,3,0,-1
Wildfire,7.968555698168621,26.36848252744161,6.739336627357174,2026,1,1,0,3,0,-1
Wildfire,10.351029112492064,5.71129068431093,6.739336627357174,2026,1,1,0,3,0,-1
Wildfire,-20.16860798854308,143.92306171875097,6.739336627357174,2026,1,1,0,3,0,-1
Wildfire,7.805273453015888,31.4070857314608,6.739336627357174,2026,1,1,0,3,0,-1
Wildfire,4.339395710293139,26.277834194151406,6.739336627357174,2026,1,1,0,3,0,-1
Wildfire,6.372504507964626,26.639006605893616,6.739336627357174,2026,1,1,0,3,0,-1
Wildfire,6.164890317160012,27.849364991729065,6.739336627357174,2026,1,1,0,3,0,-1
Wildfire,9.433875777081592,32.45807396635831,6.739336627357174,2026,1,1,0,3,0,-1
Wildfire,8.304323084719792,26.587178802255785,6.739336627357174,2026,1,1,0,3,0,-1
Wildfire,6.778297162825552,28.603155493159004,6.739336627357174,2026,1,1,0,3,0,-1
Wildfire,-20.32765977480051,143.58619126449713,6.739336627357174,2026,1,1,0,3,0,-1
Wildfire,5.714056510177389,28.89770914583396,6.739336627357174,2026,1,1,0,3,0,-1
Wildfire,8.760960940595426,21.78918981888604,6.739336627357174,2026,1,1,0,3,0,-1
Wildfire,-24.223735734974618,147.21505896767596,6.739336627357174,2026,1,1,0,3,0,-1
Wildfire,6.866296667724953,27.406221624295075,6.739336627357174,2026,1,1,0,3,0,-1
Wildfire,8.119412186138792,25.077704718550947,6.739336627357174,2026,1,1,0,3,0,4873
Wildfire,-37.25185564740433,142.51899469861064,6.739336627357174,2026,1,1,0,3,0,-1
Wildfire,11.865362153224195,2.779362154938428,6.739336627357174,2026,1,1,0,3,0,-1
Wildfire,9.652931252488653,32.06158742806257,6.739336627357174,2026,1,1,0,3,0,-1
Wildfire,7.0148931381953386,26.10724174706148,6.739336627357174,2026,1,1,0,3,0,-1
Wildfire,9.236211455627362,22.21869305480532,6.739336627357174,2026,1,1,0,3,0,-1
Wildfire,11.282823470518275,1.677196703961792,6.739336627357174,2026,1,1,0,3,0,-1
Wildfire,6.079751998244758,28.04899857105185,6.739336627357174,2026,1,1,0,3,0,-1
Wildfire,-19.96298876078369,139.44553945208315,6.739336627357174,2026,1,1,0,3,0,-1
Wildfire,9.459376982876414,-2.0138390674124684,6.739336627357174,2026,1,1,0,3,0,-1
Wildfire,9.45624621320993,-1.8938193211369605,6.739336627357174,2026,1,1,0,3,0,-1
Wildfire,9.13968705887703,31.547425301145744,6.739336627357174,2026,1,1,0,3,0,-1
Wildfire,6.214360894263272,29.10409116432861,6.739336627357174,2026,1,1,0,3,0,-1
Wildfire,35.354386,-103.190387,6.587550014824796,2026,1,1,0,3,0,-1
Wildfire,6.575511077796096,26.60656139531848,6.739336627357174,2026,1,1,0,3,0,-1
Wildfire,7.796701932269451,32.299037749287685,6.739336627357174,2026,1,1,0,3,0,-1
Wildfire,9.771467259941888,32.846553837686145,6.739336627357174,2026,1,1,0,3,0,-1
Wildfire,9.332724427581564,32.131352499286386,6.739336627357174,2026,1,1,0,3,0,-1
Wildfire,31.0533,-92.908717,7.772752716468742,2026,1,1,0,3,0,-1
Wildfire,15.059077423218392,-0.6277583371475721,6.739336627357174,2026,1,1,0,3,0,-1
Wildfire,-37.41261198267845,142.46711012070458,6.739336627357174,2026,1,1,0,3,0,-1
Wildfire,8.157447038847955,26.320399396524785,6.739336627357174,2026,1,1,0,3,0,-1
Wildfire,9.220984240534191,31.972620487727244,6.739336627357174,2026,1,1,0,3,0,-1
Wildfire,6.091975439358199,29.12363987041677,6.739336627357174,2026,1,1,0,3,0,-1
Wildfire,6.935052601565984,5.375677639487464,6.739336627357174,2026,1,1,0,3,0,-1
Wildfire,27.578295,-81.294022,6.436150368369428,2026,1,1,0,3,0,-1
Wildfire,33.8451,-95.5874,6.2166061010848646,2026,1,1,0,3,0,4872
Wildfire,6.581660951987227,26.51049200302208,6.739336627357174,2026,1,1,0,3,0,-1
Wildfire,7.305156299709234,-1.061756521358138,6.739336627357174,2026,1,1,0,3,0,-1
Wildfire,11.644825301940443,-5.175711858487765,6.739336627357174,2026,1,1,0,3,0,-1
Wildfire,34.088933,-112.200767,6.90875477931522,2026,1,1,0,3,0,-1
Wildfire,27.669495,-81.332645,6.943122422819428,2026,1,1,0,3,0,-1
Wildfire,9.695642753307384,32.63570905018464,6.739336627357174,2026,1,1,0,3,0,-1
Wildfire,8.793225281520789,-3.6594910900642255,6.739336627357174,2026,1,1,0,3,0,-1
Wildfire,8.804297286483244,-3.718219611202932,6.739336627357174,2026,1,1,0,3,0,-1
Wildfire,13.871897560840004,12.542507299986,6.739336627357174,2026,1,1,0,3,0,-1
Wildfire,8.940257014081748,-3.7793502188578807,6.739336627357174,2026,1,1,0,3,0,-1
Wildfire,6.353746851121146,29.241926081242337,6.739336627357174,2026,1,1,0,3,0,-1
Wildfire,-21.788925568901377,145.76573525724984,6.739336627357174,2026,1,1,0,3,0,-1
Wildfire,-19.968007239287235,138.8801871658071,6.739336627357174,2026,1,1,0,3,0,-1
Wildfire,-34.89628365692928,116.59388568972828,6.739336627357174,2026,1,1,0,3,0,-1
Wildfire,8.043161141472076,-1.1077097207067432,6.739336627357174,2026,1,1,0,3,0,-1
Wildfire,27.682825,-81.328526,6.396929655216146,2026,1,1,0,3,0,-1
Wildfire,7.125505061161163,26.62808459201424,6.739336627357174,2026,1,1,0,3,0,-1
Wildfire,9.048220600285456,-3.674344876939678,6.739336627357174,2026,1,1,0,3,0,-1
Wildfire,12.799972610328515,-10.507156381881808,6.739336627357174,2026,1,1,0,3,0,-1
Wildfire,10.656035245256726,-2.308010282395875,6.739336627357174,2026,1,1,0,3,0,-1
Wildfire,7.362650920097517,-0.544773538143576,6.739336627357174,2026,1,1,0,3,0,-1
Wildfire,7.357045393854975,-0.5412255317506104,6.739336627357174,2026,1,1,0,3,0,-1
Wildfire,7.023694715976142,32.782795635312,6.739336627357174,2026,1,1,0,3,0,-1
Wildfire,27.731616,-81.398735,6.364750756851911,2026,1,1,0,3,0,-1
Wildfire,31.01,-92.923,6.787844982309579,2026,1,1,0,3,0,-1
Volcano,-18.992,-174.775,6.739336627357174,2026,1,1,0,3,0,-1
Wildfire,8.295831819972008,26.33868818535248,6.739336627357174,2026,1,1,0,3,0,-1
Wildfire,9.57671059604528,29.74832521540173,6.739336627357174,2026,1,1,0,3,0,-1
Wildfire,6.507246084084775,23.989073919436567,6.739336627357174,2026,1,1,0,3,0,4873
Wildfire,33.761389,-95.951944,7.70796153183549,2026,1,1,0,3,0,-1
Wildfire,12.328266420489443,20.38477446899014,6.739336627357174,2026,1,1,0,3,0,-1
Wildfire,13.574523301996058,-4.086337655737058,6.739336627357174,2026,1,1,0,3,0,-1
Wildfire,8.949694038845726,-3.776866382300303,6.739336627357174,2026,1,1,0,3,0,-1
Wildfire,27.694373,-81.343675,6.309918278226516,2026,1,1,0,3,0,-1
Wildfire,34.06343,-118.69642,8.303504798872783,2026,1,1,0,3,0,-1
Wildfire,-20.944109924452626,147.53236806064731,6.739336627357174,2026,1,1,0,3,0,-1
Wildfire,6.4903658282521866,28.16562823440938,6.739336627357174,2026,1,1,0,3,0,-1
Wildfire,9.850968371808955,-4.6365430552399705,6.739336627357174,2026,1,1,0,3,0,-1
Wildfire,11.927440717052702,35.434534544517554,6.739336627357174,2026,1,1,0,3,0,-1
Wildfire,7.118884281784125,26.512830754202994,6.739336627357174,2026,1,1,0,3,0,-1
Wildfire,27.728718,-81.397791,6.317164686747284,2026,1,1,0,3,0,-1
Wildfire,35.2148333,-81.2988333,6.594413459749778,2026,1,1,0,3,0,-1
Wildfire,6.495073206951486,33.478838393856854,6.739336627357174,2026,1,1,0,3,0,-1
Wildfire,7.352535032858098,-0.1924576363842261,6.739336627357174,2026,1,1,0,3,0,-1
Wildfire,9.857387717262942,32.68172277961916,6.739336627357174,2026,1,1,0,3,0,-1
Wildfire,46.09975,-105.874483,6.748642307325063,2026,1,1,0,3,0,-1
Wildfire,27.691005,-81.348696,6.329720905522696,2026,1,1,0,3,0,-1
Wildfire,-18.39119076022802,144.5772672249946,6.739336627357174,2026,1,1,0,3,0,-1
Wildfire,-18.76122534467231,144.9281834960211,6.739336627357174,2026,1,1,0,3,0,-1
Wildfire,-18.239656973522703,144.51913124753625,6.739336627357174,2026,1,1,0,3,0,-1
Wildfire,6.542698962605854,29.101747618019537,6.739336627357174,2026,1,1,0,3,0,-1
Wildfire,9.46682316912833,31.789937073590888,6.739336627357174,2026,1,1,0,3,0,-1
Wildfire,27.696505,-81.358051,6.53813982376767,2026,1,1,0,3,0,-1
Wildfire,11.26797181445212,32.50487186183727,6.739336627357174,2026,1,1,0,3,0,-1
Wildfire,6.2984318920026565,24.33278937830537,6.739336627357174,2026,1,1,0,3,0,4873
Wildfire,8.526077903575507,26.23213478383749,6.739336627357174,2026,1,1,0,3,0,-1
Wildfire,7.584673453116638,26.99270761653973,6.739336627357174,2026,1,1,0,3,0,-1
Wildfire,6.388406467172499,24.01784544368539,6.739336627357174,2026,1,1,0,3,0,4873
Wildfire,7.861274268843025,26.5807612761476,6.739336627357174,2026,1,1,0,3,0,-1
Wildfire,-15.013978477925678,48.25976904832712,6.739336627357174,2026,1,1,0,3,0,-1
Wildfire,-16.499266903005342,48.94742710694347,6.739336627357174,2026,1,1,0,3,0,-1
Wildfire,8.330831153955994,26.245192089062336,6.739336627357174,2026,1,1,0,3,0,-1
Wildfire,-15.010448591306409,48.251642716167694,6.739336627357174,2026,1,1,0,3,0,-1
Wildfire,13.40207132179837,-1.7848067265268617,6.739336627357174,2026,1,1,0,3,0,-1
Wildfire,-22.630757852696384,146.04704875539514,6.739336627357174,2026,1,1,0,3,0,-1
Wildfire,9.814722542232175,31.12897121527095,6.739336627357174,2026,1,1,0,3,0,-1
Wildfire,-23.333426844719767,147.29344354057656,6.739336627357174,2026,1,1,0,3,0,-1
Wildfire,10.998631810272672,1.4689737237424556,6.739336627357174,2026,1,1,0,3,0,-1
Wildfire,8.343867869265342,25.097956992119897,6.739336627357174,2026,1,1,0,3,0,4873
Wildfire,7.454108966526715,-0.2641069620320304,6.739336627357174,2026,1,1,0,3,0,-1
Wildfire,9.804490705625868,31.35528295399008,6.739336627357174,2026,1,1,0,3,0,-1
Wildfire,8.91367827872586,25.97610749095814,6.739336627357174,2026,1,1,0,3,0,-1
Wildfire,10.0434913616767,31.51940914220699,6.739336627357174,2026,1,1,0,3,0,-1
Wildfire,37.295268,-83.396702,6.516193076042964,2026,1,1,0,3,0,-1
Wildfire,9.058944514693914,25.857188772134748,6.739336627357174,2026,1,1,0,3,0,-1
Wildfire,11.204894940655628,1.4243613126509973,6.739336627357174,2026,1,1,0,3,0,-1
Wildfire,-23.24470629732928,147.38338373857528,6.739336627357174,2026,1,1,0,3,0,-1
Wildfire,6.68794714581094,23.76126743814646,6.739336627357174,2026,1,1,0,3,0,4873
Wildfire,13.801758684355518,-2.252660385121848,6.739336627357174,2026,1,1,0,3,0,-1
Wildfire,11.087548262534847,1.3899577956551668,6.739336627357174,2026,1,1,0,3,0,-1
Wildfire,7.863153113313824,27.033398796458364,6.739336627357174,2026,1,1,0,3,0,-1
Wildfire,5.666469501674111,31.36970133669082,6.739336627357174,2026,1,1,0,3,0,-1
Wildfire,-4.872225373763623,-41.30435530951966,6.739336627357174,2026,1,1,0,3,0,-1
Wildfire,11.104340231235808,1.413790381722872,6.739336627357174,2026,1,1,0,3,0,-1
Wildfire,6.73280154990643,33.44075166231789,6.739336627357174,2026,1,1,0,3,0,-1
Wildfire,11.25405729886014,1.561732760687401,6.739336627357174,2026,1,1,0,3,0,-1
Wildfire,14.606564360734026,1.2532275733734233,6.739336627357174,2026,1,1,0,3,0,-1
Wildfire,10.138395558959116,30.52276512870672,6.739336627357174,2026,1,1,0,3,0,-1
Wildfire,1.2072489626413836,-55.95724575255249,6.739336627357174,2026,1,1,0,3,0,-1
Wildfire,9.471200505885474,31.49442308162692,6.739336627357174,2026,1,1,0,3,0,-1
Wildfire,12.864921725474192,-0.0566272378627289,6.739336627357174,2026,1,1,0,3,0,-1
Wildfire,-30.74314376665677,115.36471239741812,6.739336627357174,2026,1,1,0,3,0,-1
Wildfire,14.570139383298864,1.1754940450117686,6.739336627357174,2026,1,1,0,3,0,-1
Wildfire,-16.22908768278416,143.49380708924042,6.739336627357174,2026,1,1,0,3,0,-1
Wildfire,-16.074671983871216,142.52593342304095,6.739336627357174,2026,1,1,0,3,0,-1
Wildfire,9.702943692983492,25.84795265334268,6.739336627357174,2026,1,1,0,3,0,-1
Wildfire,10.164449120797494,32.649243793587075,6.739336627357174,2026,1,1,0,3,0,-1
Wildfire,35.113722,-105.977628,6.679599185844383,2026,1,1,0,3,0,-1
Wildfire,-2.8474266629272096,-46.83790375896735,6.739336627357174,2026,1,1,0,3,0,-1
Wildfire,11.074854423968375,1.5926074754366433,6.739336627357174,2026,1,1,0,3,0,-1
Wildfire,-17.7090187051562,143.94776644345987,6.739336627357174,2026,1,1,0,3,0,-1
Wildfire,-18.76580698690264,144.5749199320524,6.739336627357174,2026,1,1,0,3,0,-1
Wildfire,-19.43379673811204,145.4622870619928,6.739336627357174,2026,1,1,0,3,0,-1
Wildfire,10.915030925499265,1.2933157413496097,6.739336627357174,2026,1,1,0,3,0,-1
Wildfire,37.842495,-82.297147,6.566672429803241,2026,1,1,0,3,0,-1
Wildfire,-14.676136157330934,142.8941569191651,6.739336627357174,2026,1,1,0,3,0,-1
Wildfire,-18.186810768593325,142.35940250277594,6.739336627357174,2026,1,1,0,3,0,-1
Wildfire,-14.746979921020836,143.38044244094593,6.739336627357174,2026,1,1,0,3,0,-1
Wildfire,-18.07902842021259,143.6856828861156,6.739336627357174,2026,1,1,0,3,0,-1
Wildfire,14.680242043028302,-7.629614860645167,6.739336627357174,2026,1,1,0,3,0,-1
Wildfire,10.465076145475772,31.818724597843083,6.739336627357174,2026,1,1,0,3,0,-1
Wildfire,31.2363,-92.61505,6.222576268071369,2026,1,1,0,3,0,-1
Wildfire,27.740791,-81.391006,6.42648845745769,2026,1,1,0,3,0,-1
Wildfire,63.88807752468611,-22.37065948356308,6.739336627357174,2026,1,1,0,3,0,-1
Wildfire,-19.689047091535578,142.50636128720723,6.739336627357174,2026,1,1,0,3,0,-1
Wildfire,-16.238549964987,143.08040682757823,6.739336627357174,2026,1,1,0,3,0,-1
Wildfire,-16.220357147479863,143.11063756127788,6.739336627357174,2026,1,1,0,3,0,-1
Wildfire,12.319594240920347,35.32734755607088,6.739336627357174,2026,1,1,0,3,0,-1
Wildfire,15.496654674815549,-2.5097499741893987,6.739336627357174,2026,1,1,0,3,0,-1
Wildfire,11.494306197703226,0.9411565307110876,6.739336627357174,2026,1,1,0,3,0,-1
Wildfire,42.1778861,-73.3371156,7.421177528595393,2026,1,1,0,3,0,-1
Wildfire,38.109199,-81.454761,6.496322399094181,2026,1,1,0,3,0,-1
Wildfire,42.6527778,-73.7566667,6.249975242259483,2026,1,1,0,3,0,-1
Wildfire,11.460263326334497,0.9377403874812666,6.739336627357174,2026,1,1,0,3,0,-1
Wildfire,-2.788733140627388,-54.07711629673137,6.739336627357174,2026,1,1,0,3,0,-1
Wildfire,-1.6486416883556598,-52.4398205139233,6.739336627357174,2026,1,1,0,3,0,-1
Wildfire,34.2305,-117.758,6.710523109452428,2026,1,1,0,3,0,-1
Wildfire,30.936563,-89.309907,6.785587645007929,2026,1,1,0,3,0,-1
Wildfire,-16.20862626238738,141.87874241419206,6.739336627357174,2026,1,1,0,3,0,-1
Wildfire,-18.042938363566964,143.96828611615334,6.739336627357174,2026,1,1,0,3,0,-1
Wildfire,-17.81650385983351,129.95086077416963,6.739336627357174,2026,1,1,0,3,0,-1
Wildfire,15.531261899996093,-2.4864150795096065,6.739336627357174,2026,1,1,0,3,0,-1
Wildfire,14.27860405108838,-0.6109609615032287,6.739336627357174,2026,1,1,0,3,0,-1
Wildfire,-20.274978899772407,133.24439915045156,6.739336627357174,2026,1,1,0,3,0,-1
Wildfire,12.723797293122,34.99300018873369,6.739336627357174,2026,1,1,0,3,0,-1
Wildfire,26.285556,-81.074722,6.597145701886651,2026,1,1,0,3,0,-1
Wildfire,-17.307422065345403,135.0552025955031,6.739336627357174,2026,1,1,0,3,0,-1
Wildfire,-14.915078909433102,142.30420376003798,6.739336627357174,2026,1,1,0,3,0,-1
Wildfire,-14.071866486955964,127.1513512140444,6.739336627357174,2026,1,1,0,3,0,-1
Wildfire,-20.98569342717179,148.40291220159315,6.739336627357174,2026,1,1,0,3,0,-1
Wildfire,-19.24242432418372,144.0758322855467,6.739336627357174,2026,1,1,0,3,0,-1
Wildfire,-14.91323875668888,142.3237550412056,6.739336627357174,2026,1,1,0,3,0,-1
Wildfire,11.585361951325767,0.8137404243693152,6.739336627357174,2026,1,1,0,3,0,-1
Wildfire,-0.2936489557557541,-51.53902234733897,6.739336627357174,2026,1,1,0,3,0,-1
Wildfire,33.391667,-94.422778,6.654152520183219,2026,1,1,0,3,0,-1
Wildfire,-17.346421242067436,134.68103140531653,6.739336627357174,2026,1,1,0,3,0,-1
Wildfire,14.737073868472663,-1.95793535679486,6.739336627357174,2026,1,1,0,3,0,-1
Wildfire,-17.97261611577095,137.3818955248471,6.739336627357174,2026,1,1,0,3,0,-1
Wildfire,-14.31745591651739,134.20709995563408,6.739336627357174,2026,1,1,0,3,0,-1
Wildfire,13.887848587755746,-0.3410690434774551,6.739336627357174,2026,1,1,0,3,0,-1
Wildfire,11.6295609159766,1.1178044295566036,6.739336627357174,2026,1,1,0,3,0,-1
Wildfire,-16.967396896327454,135.21781453440636,6.739336627357174,2026,1,1,0,3,0,-1
Wildfire,11.814147302270822,5.251519190870137,6.739336627357174,2026,1,1,0,3,0,-1
Wildfire,-17.055959360720085,135.22811219789276,6.739336627357174,2026,1,1,0,3,0,-1
Wildfire,-19.347148980788724,139.70487019804162,6.739336627357174,2026,1,1,0,3,0,-1
Wildfire,-17.522938360890862,130.14588712258862,6.739336627357174,2026,1,1,0,3,0,-1
Wildfire,-16.966426921876508,135.6908794412422,6.739336627357174,2026,1,1,0,3,0,-1
Wildfire,-17.04235003657651,134.82497724462866,6.739336627357174,2026,1,1,0,3,0,-1
Wildfire,-17.039193866013967,134.9730892703635,6.739336627357174,2026,1,1,0,3,0,-1
Wildfire,-17.154429169098442,143.26923185287362,6.739336627357174,2026,1,1,0,3,0,-1
Wildfire,13.065494745021562,19.095192612734625,6.739336627357174,2026,1,1,0,3,0,-1
Wildfire,-18.974925103204573,133.28274752318532,6.739336627357174,2026,1,1,0,3,0,-1
Wildfire,-17.774689977494756,134.54083437495711,6.739336627357174,2026,1,1,0,3,0,-1
Wildfire,-20.345143644695693,139.60879988306206,6.739336627357174,2026,1,1,0,3,0,-1
Wildfire,-16.726432090431466,143.6490124166574,6.739336627357174,2026,1,1,0,3,0,-1
Wildfire,-17.16121444505945,135.10392938075984,6.739336627357174,2026,1,1,0,3,0,-1
Wildfire,-17.078080917758747,135.67766564552616,6.739336627357174,2026,1,1,0,3,0,-1
Wildfire,-19.484407142060824,139.54792907687542,6.739336627357174,2026,1,1,0,3,0,-1
Wildfire,-17.655391637068007,134.541348855912,6.739336627357174,2026,1,1,0,3,0,-1
Wildfire,12.534698181618284,34.943709599787205,6.739336627357174,2026,1,1,0,3,0,-1
Wildfire,-23.30659529560684,123.6930357995494,6.739336627357174,2026,1,1,0,3,0,-1
Wildfire,-23.18403105958204,123.78922461873958,6.739336627357174,2026,1,1,0,3,0,-1
Wildfire,-17.883259756372603,133.69767730372627,6.739336627357174,2026,1,1,0,3,0,-1
Wildfire,-15.645149339475273,142.3718505974121,6.739336627357174,2026,1,1,0,3,0,-1
Wildfire,-17.235052855319747,135.51895230949523,6.739336627357174,2026,1,1,0,3,0,-1
Wildfire,-18.20273560057654,133.52297868837675,6.739336627357174,2026,1,1,0,3,0,-1
Wildfire,-15.622549324776934,142.23294441451486,6.739336627357174,2026,1,1,0,3,0,-1
Wildfire,-16.193395610051528,123.6833549953454,6.739336627357174,2026,1,1,0,3,0,-1
Wildfire,16.30637820889483,4.807112316136861,6.739336627357174,2026,1,1,0,3,0,-1
Wildfire,14.32461069366768,0.2190495098568094,6.739336627357174,2026,1,1,0,3,0,-1
Wildfire,-16.165391716174224,142.39024119219405,6.739336627357174,2026,1,1,0,3,0,-1
Wildfire,-15.949755748449356,133.68369068937787,6.739336627357174,2026,1,1,0,3,0,-1
Wildfire,-15.74461629020879,134.09719297744107,6.739336627357174,2026,1,1,0,3,0,-1
Wildfire,-16.916361768663467,143.33675117297255,6.739336627357174,2026,1,1,0,3,0,-1
Wildfire,16.269170176838255,5.0814404418780335,6.739336627357174,2026,1,1,0,3,0,-1
Wildfire,-19.17127978884896,142.62036683956202,6.739336627357174,2026,1,1,0,3,0,-1
Wildfire,-18.017703948120182,129.9640605282926,6.739336627357174,2026,1,1,0,3,0,-1
Wildfire,-16.977011190883303,132.6169134474521,6.739336627357174,2026,1,1,0,3,0,-1
Wildfire,-20.188372479893527,139.9887211010341,6.739336627357174,2026,1,1,0,3,0,-1
Wildfire,-18.203190736121083,133.77113280047575,6.739336627357174,2026,1,1,0,3,0,-1
Wildfire,-23.550950620062213,147.21830045209666,6.739336627357174,2026,1,1,0,3,0,-1
Wildfire,41.9011,-74.4598,6.470799503782602,2026,1,1,0,3,0,-1
Wildfire,-14.239474924465776,133.97884982193025,6.739336627357174,2026,1,1,0,3,0,-1
Wildfire,-17.496528143115434,130.05499589390823,6.739336627357174,2026,1,1,0,3,0,-1
Wildfire,-15.975848969096925,133.83050284848392,6.739336627357174,2026,1,1,0,3,0,-1
Wildfire,-15.802718055643782,133.71637198962694,6.739336627357174,2026,1,1,0,3,0,-1
Wildfire,-17.464633477570388,131.4348782649209,6.739336627357174,2026,1,1,0,3,0,-1
Wildfire,-15.710765575726075,133.72683713332376,6.739336627357174,2026,1,1,0,3,0,-1
Wildfire,-16.634225081876064,129.54080717436793,6.739336627357174,2026,1,1,0,3,0,-1
Wildfire,-16.52717887138789,144.78832545654873,6.739336627357174,2026,1,1,0,3,0,-1
Wildfire,-20.77152772378897,148.26026994363357,6.739336627357174,2026,1,1,0,3,0,-1
Wildfire,-18.544572117886155,142.43676680204476,6.739336627357174,2026,1,1,0,3,0,-1
Wildfire,-13.53161222861022,132.81164759379956,6.739336627357174,2026,1,1,0,3,0,-1
Wildfire,-14.2472836484535,133.22856476640771,6.739336627357174,2026,1,1,0,3,0,-1
Wildfire,-16.454512875145845,144.91467827893243,6.739336627357174,2026,1,1,0,3,0,-1
Wildfire,-17.600076043950516,132.76560789897067,6.739336627357174,2026,1,1,0,3,0,-1
Wildfire,-17.606111705737074,-57.52094901573101,6.739336627357174,2026,1,1,0,3,0,-1
Wildfire,-11.377087165073478,142.22887445821962,6.739336627357174,2026,1,1,0,3,0,-1
Wildfire,-17.60282144232737,-57.50002763119196,6.739336627357174,2026,1,1,0,3,0,-1
Wildfire,-2.643922139342916,-46.18215730732176,6.739336627357174,2026,1,1,0,3,0,-1
Wildfire,37.952373,-81.371157,6.55250788703459,2026,1,1,0,3,0,-1
Wildfire,-16.63640178028307,143.46243974416396,6.739336627357174,2026,1,1,0,3,0,-1
Wildfire,-17.07417928736485,132.5984126753538,6.739336627357174,2026,1,1,0,3,0,-1
Wildfire,15.48618195371954,-0.1255664279410446,6.739336627357174,2026,1,1,0,3,0,-1
Wildfire,-14.798256058441158,132.36211706680294,6.739336627357174,2026,1,1,0,3,0,-1
Wildfire,-15.676602429071115,133.96450911400157,6.739336627357174,2026,1,1,0,3,0,-1
Wildfire,-17.26819216457228,142.94202006455373,6.739336627357174,2026,1,1,0,3,0,-1
Wildfire,-16.903432056975202,143.04933433958777,6.739336627357174,2026,1,1,0,3,0,-1
Wildfire,-17.242365935097286,142.96488100342762,6.739336627357174,2026,1,1,0,3,0,-1
Wildfire,25.571184574035875,76.70890104125064,6.739336627357174,2026,1,1,0,3,0,-1
Wildfire,-15.044257002161624,134.4138342149365,6.739336627357174,2026,1,1,0,3,0,-1
Wildfire,-14.546162577081748,134.23204881192203,6.739336627357174,2026,1,1,0,3,0,-1
Wildfire,25.785872257463776,76.6407432589817,6.739336627357174,2026,1,1,0,3,0,-1
Wildfire,25.7802010840543,76.62217239585428,6.739336627357174,2026,1,1,0,3,0,-1
Wildfire,37.81916,-82.0246,6.674561391814426,2026,1,1,0,3,0,-1
Wildfire,38.03196,-82.484752,6.90875477931522,2026,1,1,0,3,0,-1
Wildfire,37.627701,-81.69602,6.654152520183219,2026,1,1,0,3,0,-1
Wildfire,38.184601,-81.113063,6.68586094706836,2026,1,1,0,3,0,-1
Wildfire,-18.57089924614207,143.8369066612789,6.739336627357174,2026,1,1,0,3,0,-1
Wildfire,-11.9023806182407,142.07195580089376,6.739336627357174,2026,1,1,0,3,0,-1
Wildfire,-15.14980866889889,142.61714027487648,6.739336627357174,2026,1,1,0,3,0,-1
Wildfire,-17.9712167724096,132.9130282917835,6.739336627357174,2026,1,1,0,3,0,-1
Wildfire,-17.75813107912585,132.8517761150097,6.739336627357174,2026,1,1,0,3,0,-1
Wildfire,37.3,-82.1536111,7.244941546337007,2026,1,1,0,3,0,-1
Wildfire,34.3152778,-118.9711111,9.934550077987948,2026,1,1,0,3,0,-1
Wildfire,-18.536029614167337,143.8449078906187,6.739336627357174,2026,1,1,0,3,0,-1
Wildfire,-19.34359859955262,143.48267166667247,6.739336627357174,2026,1,1,0,3,0,-1
Wildfire,-20.553805028977127,148.30794567854812,6.739336627357174,2026,1,1,0,3,0,-1
Wildfire,40.788063,-75.598934,6.359573868672378,2026,1,1,0,3,0,-1
Wildfire,-20.37158335312259,144.80334554085078,6.739336627357174,2026,1,1,0,3,0,-1
Wildfire,-13.45789956980979,132.91056183042122,6.739336627357174,2026,1,1,0,3,0,-1
Wildfire,-21.32564940380349,147.72595148069888,6.739336627357174,2026,1,1,0,3,0,-1
Wildfire,40.7875,-75.598611,6.359573868672378,2026,1,1,0,3,0,-1
Wildfire,-19.343926067742995,143.26207953258844,6.739336627357174,2026,1,1,0,3,0,-1
Wildfire,-16.78402337707109,134.29764771282208,6.739336627357174,2026,1,1,0,3,0,-1
Wildfire,-19.124979205200063,143.65820126410563,6.739336627357174,2026,1,1,0,3,0,-1
Wildfire,-18.28641194981316,135.39920277159567,6.739336627357174,2026,1,1,0,3,0,-1
Wildfire,-20.516427997842264,135.02271967088603,6.739336627357174,2026,1,1,0,3,0,-1
Wildfire,-19.272030980621967,128.2922637258025,6.739336627357174,2026,1,1,0,3,0,-1
Wildfire,-18.088945708491224,131.13653042273185,6.739336627357174,2026,1,1,0,3,0,-1
Wildfire,-20.35149432378364,138.32695879476472,6.739336627357174,2026,1,1,0,3,0,-1
Wildfire,-19.76676252645889,138.56178491866433,6.739336627357174,2026,1,1,0,3,0,-1
Wildfire,-17.92325767986022,134.97957256231672,6.739336627357174,2026,1,1,0,3,0,-1
Wildfire,-16.51765981359745,134.41129167508984,6.739336627357174,2026,1,1,0,3,0,-1
Wildfire,-16.79745288492284,132.3595833100926,6.739336627357174,2026,1,1,0,3,0,-1
Wildfire,36.1030556,-98.8130556,7.362645270417825,2026,1,1,0,3,0,-1
Wildfire,35.9619444,-96.685,7.154615356913663,2026,1,1,0,3,0,4872
Wildfire,-21.03611964628729,135.2431527355301,6.739336627357174,2026,1,1,0,3,0,-1
Wildfire,-18.379013177302333,135.76600533870948,6.739336627357174,2026,1,1,0,3,0,-1
Wildfire,-17.001102030551085,131.603252581703,6.739336627357174,2026,1,1,0,3,0,-1
Wildfire,-23.02146754858887,146.35283814342694,6.739336627357174,2026,1,1,0,3,0,-1
Wildfire,35.85694444,-97.685,7.655864017616056,2026,1,1,0,3,0,-1
Wildfire,36.647778,-96.335556,8.184513753033722,2026,1,1,0,3,0,-1
Wildfire,36.3719444,-97.5683333,6.576469569048224,2026,1,1,0,3,0,-1
Wildfire,-17.06480660661728,128.267824743226,6.739336627357174,2026,1,1,0,3,0,-1
Wildfire,-21.033455809456648,135.26431924653662,6.739336627357174,2026,1,1,0,3,0,-1
Wildfire,-19.597180190011105,-56.72429548304898,6.739336627357174,2026,1,1,0,3,0,-1
Wildfire,-19.49626254806055,-56.67902527452382,6.739336627357174,2026,1,1,0,3,0,-1
Wildfire,-16.702310666014,128.546180998933,6.739336627357174,2026,1,1,0,3,0,-1
Wildfire,-19.496842331008423,-56.66639250611148,6.739336627357174,2026,1,1,0,3,0,-1
Wildfire,15.564391827014664,0.6558384473798816,6.739336627357174,2026,1,1,0,3,0,-1
Wildfire,-12.94659480868508,-68.72121458379452,6.739336627357174,2026,1,1,0,3,0,-1
Wildfire,-21.77115647049876,116.70246819340646,6.739336627357174,2026,1,1,0,3,0,-1
Wildfire,36.7924,-92.7263,6.398594934535208,2026,1,1,0,3,0,-1
Wildfire,34.4325,-94.92027778,6.371611847231857,2026,1,1,0,3,0,4872
Wildfire,-19.50419258563784,128.6626293779756,6.739336627357174,2026,1,1,0,3,0,-1
Wildfire,-20.52990322796338,134.43011069083727,6.739336627357174,2026,1,1,0,3,0,-1
Wildfire,-18.910333389517785,24.92315341376376,6.739336627357174,2026,1,1,0,3,0,-1
Wildfire,-19.52421617844779,134.6547655520915,6.739336627357174,2026,1,1,0,3,0,-1
Wildfire,-20.507743136240567,134.38674404043152,6.739336627357174,2026,1,1,0,3,0,-1
Wildfire,-17.89384966508282,128.61959726189215,6.739336627357174,2026,1,1,0,3,0,-1
Wildfire,-20.40128765782137,145.03409856681242,6.739336627357174,2026,1,1,0,3,0,-1
Wildfire,-27.215069073403303,148.10021938406288,6.739336627357174,2026,1,1,0,3,0,-1
Wildfire,-17.83850955184375,133.97027402988505,6.739336627357174,2026,1,1,0,3,0,-1
Wildfire,-16.330234743143222,133.5459106286566,6.739336627357174,2026,1,1,0,3,0,-1
Wildfire,-21.062998293527244,135.47288934080908,6.739336627357174,2026,1,1,0,3,0,-1
Wildfire,-23.15199723565496,25.05699101247812,6.739336627357174,2026,1,1,0,3,0,-1
Wildfire,-14.339275532855584,127.24965256779063,6.739336627357174,2026,1,1,0,3,0,-1
Wildfire,-22.75654987304036,146.31743928502422,6.739336627357174,2026,1,1,0,3,0,-1
Wildfire,-20.55013475831848,134.42703465225424,6.739336627357174,2026,1,1,0,3,0,-1
Wildfire,-20.607754090486097,134.65539234065398,6.739336627357174,2026,1,1,0,3,0,-1
Wildfire,-14.336864821647016,133.9724771861392,6.739336627357174,2026,1,1,0,3,0,-1
Wildfire,14.407350356779087,-0.9822772948726692,6.739336627357174,2026,1,1,0,3,0,-1
Wildfire,-22.91395038078649,146.34247513946704,6.739336627357174,2026,1,1,0,3,0,-1
Wildfire,33.58029,-109.74549,6.220590170099739,2026,1,1,0,3,0,-1
Wildfire,-18.35969598100037,19.73044631425532,6.739336627357174,2026,1,1,0,3,0,-1
Wildfire,-15.185407305235517,134.8033362886282,6.739336627357174,2026,1,1,0,3,0,-1
Wildfire,-14.446621326552794,127.39887548625512,6.739336627357174,2026,1,1,0,3,0,-1
Wildfire,-14.846903341479033,134.88481263379268,6.739336627357174,2026,1,1,0,3,0,-1
Wildfire,-18.69439412370786,20.97951156036973,6.739336627357174,2026,1,1,0,3,0,-1
Wildfire,-14.503668093212273,134.11159497388516,6.739336627357174,2026,1,1,0,3,0,-1
Wildfire,-20.456935576578623,148.2195779512745,6.739336627357174,2026,1,1,0,3,0,-1
Wildfire,-19.23993580869632,48.12880614063655,6.739336627357174,2026,1,1,0,3,0,-1
Wildfire,13.322862384653492,12.865202002214888,6.739336627357174,2026,1,1,0,3,0,-1
Wildfire,-16.70775264353619,129.80102037067292,6.739336627357174,2026,1,1,0,3,0,-1
Wildfire,-17.16096452409861,136.08334155207993,6.739336627357174,2026,1,1,0,3,0,-1
Wildfire,34.75118051153844,-98.63411327305327,6.739336627357174,2026,1,1,0,3,0,-1
Wildfire,-16.81478759199535,137.63940993624988,6.739336627357174,2026,1,1,0,3,0,-1
Wildfire,-16.377430014521114,133.5268740229006,6.739336627357174,2026,1,1,0,3,0,-1
Wildfire,-19.296535500788487,142.8508298269367,6.739336627357174,2026,1,1,0,3,0,-1
Wildfire,-17.471527739454405,142.85075265004272,6.739336627357174,2026,1,1,0,3,0,-1
Wildfire,-19.505996603117392,129.3302247645696,6.739336627357174,2026,1,1,0,3,0,-1
Wildfire,-18.97697506729515,141.96613680303315,6.739336627357174,2026,1,1,0,3,0,-1
Wildfire,-16.7735850520269,129.20834676326416,6.739336627357174,2026,1,1,0,3,0,-1
Wildfire,-18.71563181580732,129.99931254964693,6.739336627357174,2026,1,1,0,3,0,-1
Wildfire,34.74259,-98.605421,9.43188264192342,2026,1,1,0,3,0,-1
Wildfire,33.69,-85.9138889,6.2166061010848646,2026,1,1,0,3,0,-1
Wildfire,-20.63479082915304,145.43849937126402,6.739336627357174,2026,1,1,0,3,0,-1
Wildfire,-17.06805584005941,136.16001034721083,6.739336627357174,2026,1,1,0,3,0,-1
Wildfire,-20.998697396217462,140.57236706907798,6.739336627357174,2026,1,1,0,3,0,-1
Wildfire,-24.855086421392453,146.72789966667187,6.739336627357174,2026,1,1,0,3,0,-1
Wildfire,-17.64205575715483,132.53737225700976,6.739336627357174,2026,1,1,0,3,0,-1
Wildfire,-17.899696831292154,132.6568134318015,6.739336627357174,2026,1,1,0,3,0,-1
Wildfire,-18.46125926731593,130.15385946064404,6.739336627357174,2026,1,1,0,3,0,-1
Wildfire,-14.23310435924109,126.4236962521776,6.739336627357174,2026,1,1,0,3,0,-1
Wildfire,-2.8350911770163334,-49.24530452529223,6.739336627357174,2026,1,1,0,3,0,-1
Wildfire,46.2811602,-91.8323551,6.45661265737732,2026,1,1,0,3,0,-1
Wildfire,36.768967,-105.012783,7.323170717943469,2026,1,1,0,3,0,-1
Wildfire,-19.66057564281621,-56.76818177682636,6.739336627357174,2026,1,1,0,3,0,-1
Wildfire,-19.03083372302479,130.12003832331592,6.739336627357174,2026,1,1,0,3,0,-1
Wildfire,-18.89604428412518,130.23163072757757,6.739336627357174,2026,1,1,0,3,0,-1
Wildfire,-14.162455159034364,133.51088976851636,6.739336627357174,2026,1,1,0,3,0,-1
Wildfire,-20.78836294214337,134.71643032685367,6.739336627357174,2026,1,1,0,3,0,-1
Wildfire,-16.92433450357885,137.0925544890553,6.739336627357174,2026,1,1,0,3,0,-1
Wildfire,-18.29645965305151,130.7430854838704,6.739336627357174,2026,1,1,0,3,0,-1
Wildfire,-22.6853644925468,150.6321501282251,6.739336627357174,2026,1,1,0,3,0,-1
Wildfire,3.437857505464677,-51.26672431010214,6.739336627357174,2026,1,1,0,3,0,-1
Wildfire,34.622083,-106.397133,6.3473892096560105,2026,1,1,0,3,0,-1
Wildfire,34.9706667,-79.5103333,6.311734809152915,2026,1,1,0,3,0,-1
Wildfire,-20.60059461412145,131.42087752698498,6.739336627357174,2026,1,1,0,3,0,-1
Wildfire,-15.80278811283078,131.40328029632704,6.739336627357174,2026,1,1,0,3,0,-1
Wildfire,-15.703293860954377,136.99774477665702,6.739336627357174,2026,1,1,0,3,0,-1
Wildfire,-18.14245303407905,137.61218035093663,6.739336627357174,2026,1,1,0,3,0,-1
Wildfire,-16.68526406471077,129.93535520759085,6.739336627357174,2026,1,1,0,3,0,-1
Wildfire,-20.932948452531058,136.05068364699113,6.739336627357174,2026,1,1,0,3,0,-1
Wildfire,-17.717929743306247,134.0331829208747,6.739336627357174,2026,1,1,0,3,0,-1
Wildfire,-14.454295598406148,134.17591957640826,6.739336627357174,2026,1,1,0,3,0,-1
Wildfire,-15.297514259738117,134.86170058902223,6.739336627357174,2026,1,1,0,3,0,-1
Wildfire,-12.649074225336182,133.8072941819244,6.739336627357174,2026,1,1,0,3,0,-1
Wildfire,-17.295428182872115,136.46945136797376,6.739336627357174,2026,1,1,0,3,0,-1
Wildfire,-19.571177401850047,128.96114574965574,6.739336627357174,2026,1,1,0,3,0,-1
Wildfire,48.005,-108.4888889,6.398594934535208,2026,1,1,0,3,0,-1
Wildfire,-12.041307316043806,33.98147648848935,6.739336627357174,2026,1,1,0,3,0,-1
Wildfire,-17.084269751587467,19.272149326590203,6.739336627357174,2026,1,1,0,3,0,-1
Wildfire,-14.177899906220429,134.55802039492826,6.739336627357174,2026,1,1,0,3,0,-1
Wildfire,-24.833380270983675,147.57654063648764,6.739336627357174,2026,1,1,0,3,0,-1
Wildfire,-20.554428123761703,127.42196176587272,6.739336627357174,2026,1,1,0,3,0,-1
Wildfire,-17.880431210569434,-57.558243993254905,6.739336627357174,2026,1,1,0,3,0,-1
Wildfire,-16.86132653048078,129.23400754126789,6.739336627357174,2026,1,1,0,3,0,-1
Wildfire,-16.00038162066006,131.42988958497207,6.739336627357174,2026,1,1,0,3,0,-1
Wildfire,-16.583482131661132,129.1370533294415,6.739336627357174,2026,1,1,0,3,0,-1
Wildfire,-15.145142158243804,128.84271925785254,6.739336627357174,2026,1,1,0,3,0,-1
Wildfire,-16.582973563873193,130.1076192493414,6.739336627357174,2026,1,1,0,3,0,-1
Wildfire,-21.060938329353768,135.73334357204047,6.739336627357174,2026,1,1,0,3,0,-1
Wildfire,-16.341823096749657,133.69704423064465,6.739336627357174,2026,1,1,0,3,0,-1
Wildfire,-24.75532822452758,149.0600734816434,6.739336627357174,2026,1,1,0,3,0,-1
Wildfire,-11.645225127521485,33.92424613380657,6.739336627357174,2026,1,1,0,3,0,-1
Wildfire,-18.311912139393463,-56.193011760512775,6.739336627357174,2026,1,1,0,3,0,-1
Wildfire,-16.74610353860571,132.8875813920336,6.739336627357174,2026,1,1,0,3,0,-1
Wildfire,-19.567261221804056,129.15160875384026,6.739336627357174,2026,1,1,0,3,0,-1
Wildfire,-19.55075615792885,-56.64317361103586,6.739336627357174,2026,1,1,0,3,0,-1
Wildfire,-12.169018805269031,33.94498731639702,6.739336627357174,2026,1,1,0,3,0,-1
Wildfire,-17.00197914484936,129.37147675764135,6.739336627357174,2026,1,1,0,3,0,-1
Wildfire,-16.103177802731217,136.91712925228038,6.739336627357174,2026,1,1,0,3,0,-1
Wildfire,-18.53962555589569,141.91140609179575,6.739336627357174,2026,1,1,0,3,0,-1
Wildfire,-15.056044818764503,128.70228307401783,6.739336627357174,2026,1,1,0,3,0,-1
Wildfire,-19.32780846367275,142.63055482239065,6.739336627357174,2026,1,1,0,3,0,-1
Wildfire,-11.780494645494064,34.09803369945095,6.739336627357174,2026,1,1,0,3,0,-1
Wildfire,35.45554,-118.1033,6.86171134048073,2026,1,1,0,3,0,-1
Wildfire,-18.418036752486,132.30349334189938,6.739336627357174,2026,1,1,0,3,0,-1
Wildfire,-18.289116879722563,133.23900149961733,6.739336627357174,2026,1,1,0,3,0,-1
Wildfire,-19.651580522952408,129.36380344513353,6.739336627357174,2026,1,1,0,3,0,-1
Wildfire,-17.309700603610505,138.1003300205901,6.739336627357174,2026,1,1,0,3,0,-1
Wildfire,-18.38547378159575,138.1220112624801,6.739336627357174,2026,1,1,0,3,0,-1
Wildfire,-12.281985422633758,134.5200728214175,6.739336627357174,2026,1,1,0,3,0,-1
Wildfire,-11.861612196529132,33.96581236136204,6.739336627357174,2026,1,1,0,3,0,-1
Wildfire,43.9963889,-98.2233333,7.02197642307216,2026,1,1,0,3,0,-1
Wildfire,43.91,-89.02727,6.472346294500901,2026,1,1,0,3,0,-1
Wildfire,36.5977778,-102.3552778,7.00397413672268,2026,1,1,0,3,0,-1
Wildfire,-20.816007937532152,131.48136531710765,6.739336627357174,2026,1,1,0,3,0,-1
Wildfire,-18.969454523786904,35.18459484350846,6.739336627357174,2026,1,1,0,3,0,-1
Wildfire,-18.93880525043313,130.63503025785636,6.739336627357174,2026,1,1,0,3,0,-1
Wildfire,-17.261557469404433,133.75411219605857,6.739336627357174,2026,1,1,0,3,0,-1
Wildfire,-15.364271949364037,144.14468677023754,6.739336627357174,2026,1,1,0,3,0,-1
Wildfire,-16.39632630937279,36.448779748213305,6.739336627357174,2026,1,1,0,3,0,-1
Wildfire,-20.9374369816651,135.9152457181929,6.739336627357174,2026,1,1,0,3,0,-1
Wildfire,43.27923397,-102.5528953,6.597145701886651,2026,1,1,0,3,0,-1
Wildfire,30.554,-89.044,6.746412128573375,2026,1,1,0,3,0,-1
Wildfire,46.949367,-103.642967,6.68586094706836,2026,1,1,0,3,0,-1
Wildfire,39.9148,-112.2425,6.577861357721047,2026,1,1,0,3,0,-1
Wildfire,-21.773445214987344,140.6933666078225,6.739336627357174,2026,1,1,0,3,0,-1
Wildfire,-19.46628303714392,138.3842494609939,6.739336627357174,2026,1,1,0,3,0,-1
Wildfire,49.88263237073247,113.3697652538194,6.739336627357174,2026,1,1,0,3,0,-1
Wildfire,51.43773499765472,130.24178623775194,6.739336627357174,2026,1,1,0,3,0,-1
Wildfire,46.82259250602937,116.84336258144356,6.739336627357174,2026,1,1,0,3,0,-1
Wildfire,-15.204544901400196,144.15524636686067,6.739336627357174,2026,1,1,0,3,0,-1
Wildfire,50.95746401906496,129.90156362091534,6.739336627357174,2026,1,1,0,3,0,-1
Wildfire,-13.07886895005764,-67.33438484912152,6.739336627357174,2026,1,1,0,3,0,-1
Wildfire,-19.34729676861363,138.58182718897277,6.739336627357174,2026,1,1,0,3,0,-1
Wildfire,-19.24663424504516,138.5455898627571,6.739336627357174,2026,1,1,0,3,0,-1
Wildfire,-19.29109337136628,138.71424630301482,6.739336627357174,2026,1,1,0,3,0,-1
Wildfire,50.98405704327328,129.93039068231568,6.739336627357174,2026,1,1,0,3,0,-1
Wildfire,-17.859711643403312,-57.32847400144102,6.739336627357174,2026,1,1,0,3,0,-1
Wildfire,-16.709990656816686,131.60080947742898,6.739336627357174,2026,1,1,0,3,0,-1
Wildfire,-18.127973609637163,132.24334477390096,6.739336627357174,2026,1,1,0,3,0,-1
Wildfire,-14.624494149042002,-65.85751644524468,6.739336627357174,2026,1,1,0,3,0,-1
Wildfire,49.87594107586084,113.369300428544,6.739336627357174,2026,1,1,0,3,0,-1
Wildfire,-10.935118379778304,-44.678291020598174,6.739336627357174,2026,1,1,0,3,0,-1
Wildfire,-16.073966799310035,144.65015852635352,6.739336627357174,2026,1,1,0,3,0,-1
Wildfire,32.601167,-110.9815,6.90875477931522,2026,1,1,0,3,0,-1
Wildfire,-18.51079451480582,133.6670956256658,6.739336627357174,2026,1,1,0,3,0,-1
Wildfire,-17.9995054798654,132.33008170254809,6.739336627357174,2026,1,1,0,3,0,-1
Wildfire,-17.685515630615086,-56.27904260930792,6.739336627357174,2026,1,1,0,3,0,-1
Wildfire,-17.39883445355382,133.87971391543314,6.739336627357174,2026,1,1,0,3,0,-1
Wildfire,-18.396874341818418,133.4969285442372,6.739336627357174,2026,1,1,0,3,0,-1
Wildfire,-16.678981656213498,134.89146004943208,6.739336627357174,2026,1,1,0,3,0,-1
Wildfire,-14.917209498516536,-64.1774133560875,6.739336627357174,2026,1,1,0,3,0,-1
Wildfire,-22.10592533902044,21.30518321431347,6.739336627357174,2026,1,1,0,3,0,-1
Wildfire,-18.94599723251491,126.61572570153012,6.739336627357174,2026,1,1,0,3,0,-1
Wildfire,-8.597297713159998,39.07970484853711,6.739336627357174,2026,1,1,0,3,0,-1
Wildfire,-8.591102655137439,39.05733076090904,6.739336627357174,2026,1,1,0,3,0,-1
Wildfire,-15.45371609146519,125.24263724072688,6.739336627357174,2026,1,1,0,3,0,-1
Wildfire,-15.676408806483211,135.6152264630125,6.739336627357174,2026,1,1,0,3,0,-1
Wildfire,-16.555331491920306,135.54882379688777,6.739336627357174,2026,1,1,0,3,0,-1
Wildfire,-16.731485085722042,134.99503042321973,6.739336627357174,2026,1,1,0,3,0,-1
Wildfire,51.91174013643321,129.67037641685863,6.739336627357174,2026,1,1,0,3,0,-1
Wildfire,-18.515090520328283,133.6843164147602,6.739336627357174,2026,1,1,0,3,0,-1
Wildfire,-18.17957613194617,-56.434921947540126,6.739336627357174,2026,1,1,0,3,0,-1
Wildfire,-12.85271451476827,-53.4940353232502,6.739336627357174,2026,1,1,0,3,0,-1
Wildfire,-18.1520249955246,-56.42488755887903,6.739336627357174,2026,1,1,0,3,0,-1
Wildfire,-22.852940884065013,33.32058253981542,6.739336627357174,2026,1,1,0,3,0,-1
Wildfire,-15.394077788763552,125.59455884953822,6.739336627357174,2026,1,1,0,3,0,-1
Wildfire,-14.422411735321552,48.22049595671835,6.739336627357174,2026,1,1,0,3,0,-1
Wildfire,43.784583,-120.889917,8.785386587284156,2026,1,1,0,3,0,-1
Wildfire,-21.48174505334668,138.65605282867347,6.739336627357174,2026,1,1,0,3,0,-1
Wildfire,-20.40790426214328,-47.993463318761016,6.739336627357174,2026,1,1,0,3,0,-1
Wildfire,-20.96688390505127,134.28848397822787,6.739336627357174,2026,1,1,0,3,0,-1
Wildfire,-16.345284141197087,135.44295228031353,6.739336627357174,2026,1,1,0,3,0,-1
Wildfire,-18.55738784711696,138.28124625869037,6.739336627357174,2026,1,1,0,3,0,-1
Wildfire,-16.267079518941934,131.0975388326391,6.739336627357174,2026,1,1,0,3,0,-1
Wildfire,-19.34948762730908,135.2332379239978,6.739336627357174,2026,1,1,0,3,0,-1
Wildfire,-14.488894604225072,127.07146007000972,6.739336627357174,2026,1,1,0,3,0,-1
Wildfire,-14.537358037400862,125.74101303281526,6.739336627357174,2026,1,1,0,3,0,-1
Wildfire,-20.11726849217652,24.966019922931416,6.739336627357174,2026,1,1,0,3,0,-1
Wildfire,-11.31133848204933,-51.06189296417614,6.739336627357174,2026,1,1,0,3,0,-1
Wildfire,-14.404807660293107,127.0352029087893,6.739336627357174,2026,1,1,0,3,0,-1
Wildfire,-10.388951414212944,-61.2452389259121,6.739336627357174,2026,1,1,0,3,0,-1
Wildfire,-16.198147883662624,36.610771607564814,6.739336627357174,2026,1,1,0,3,0,-1
Wildfire,-16.186706687822717,36.66256650429141,6.739336627357174,2026,1,1,0,3,0,-1
Wildfire,49.95302233707887,75.92199863512646,6.739336627357174,2026,1,1,0,3,0,-1
Wildfire,-21.875210823129752,139.7584167800004,6.739336627357174,2026,1,1,0,3,0,-1
Wildfire,-24.19133022933348,-57.52729759297604,6.739336627357174,2026,1,1,0,3,0,-1
Wildfire,-16.889316548001123,129.64309700539005,6.739336627357174,2026,1,1,0,3,0,-1
Wildfire,-20.382207403158432,-48.82579590977534,6.739336627357174,2026,1,1,0,3,0,-1
Wildfire,-18.878884898349657,138.88261942917325,6.739336627357174,2026,1,1,0,3,0,-1
Wildfire,-21.34332426183061,138.594728829502,6.739336627357174,2026,1,1,0,3,0,-1
Wildfire,51.57607318830451,130.1728912049867,6.739336627357174,2026,1,1,0,3,0,-1
Wildfire,-20.445397931357,-47.675504767141724,6.739336627357174,2026,1,1,0,3,0,-1
Wildfire,41.279033002168376,-116.751293334258,6.739336627357174,2026,1,1,0,3,0,-1
Wildfire,-16.69364488868191,123.6865046047607,6.739336627357174,2026,1,1,0,3,0,-1
Wildfire,-18.37967000333171,132.9153808508776,6.739336627357174,2026,1,1,0,3,0,-1
Wildfire,-32.17365645881449,116.16495441244756,6.739336627357174,2026,1,1,0,3,0,-1
Wildfire,-20.6808438051278,134.87702337044848,6.739336627357174,2026,1,1,0,3,0,-1
Wildfire,-15.68647061690875,-59.42162355063073,6.739336627357174,2026,1,1,0,3,0,-1
Wildfire,-20.46928476594513,138.31197087033917,6.739336627357174,2026,1,1,0,3,0,-1
Wildfire,-18.52600272099721,133.86680991176016,6.739336627357174,2026,1,1,0,3,0,-1
Wildfire,-20.61717270854684,135.61284479042845,6.739336627357174,2026,1,1,0,3,0,-1
Wildfire,-8.308358194404638,-44.11529649958027,6.739336627357174,2026,1,1,0,3,0,-1
Wildfire,-32.190924332776206,116.16744721487504,6.739336627357174,2026,1,1,0,3,0,-1
Wildfire,-16.12173711306666,16.755886864781118,6.739336627357174,2026,1,1,0,3,0,-1
Wildfire,-15.39437593022124,126.65517673968571,6.739336627357174,2026,1,1,0,3,0,-1
Wildfire,-16.566217523616643,17.196291515124734,6.739336627357174,2026,1,1,0,3,0,-1
Wildfire,-11.359477561626251,130.51501321803966,6.739336627357174,2026,1,1,0,3,0,-1
Wildfire,-15.932325542946636,129.9632556788453,6.739336627357174,2026,1,1,0,3,0,-1
Wildfire,-16.95144368144209,-57.46501030438313,6.739336627357174,2026,1,1,0,3,0,-1
Wildfire,-18.12052797578537,132.52565085670784,6.739336627357174,2026,1,1,0,3,0,-1
Wildfire,-16.499704509516384,36.493815490432816,6.739336627357174,2026,1,1,0,3,0,-1
Wildfire,47.688967,-103.206283,10.2553760597409,2026,1,1,0,3,0,-1
Wildfire,47.68395,-103.277083,8.517393171418904,2026,1,1,0,3,0,-1
Wildfire,47.832778,-102.822778,7.313886831633462,2026,1,1,0,3,0,-1
Wildfire,50.20519596097586,75.6843586305727,6.739336627357174,2026,1,1,0,3,0,-1
Wildfire,50.0835509264835,75.67455917101783,6.739336627357174,2026,1,1,0,3,0,-1
Wildfire,-19.283818266947875,134.63931797005276,6.739336627357174,2026,1,1,0,3,0,-1
Wildfire,-20.392106348642848,134.63740007504532,6.739336627357174,2026,1,1,0,3,0,-1
Wildfire,-21.118477705156906,136.63523122266818,6.739336627357174,2026,1,1,0,3,0,-1
Wildfire,-16.86132112601189,135.0408311548923,6.739336627357174,2026,1,1,0,3,0,-1
Wildfire,-17.067935511567782,131.8117109012102,6.739336627357174,2026,1,1,0,3,0,-1
Wildfire,-19.00141986614453,135.06433660102903,6.739336627357174,2026,1,1,0,3,0,-1
Wildfire,-19.099523868260903,134.68369846770102,6.739336627357174,2026,1,1,0,3,0,-1
Wildfire,-20.841549486737385,136.6894852148059,6.739336627357174,2026,1,1,0,3,0,-1
Wildfire,-20.57104894385339,138.979292246117,6.739336627357174,2026,1,1,0,3,0,-1
Wildfire,-17.477193815904492,133.74192119607545,6.739336627357174,2026,1,1,0,3,0,-1
Wildfire,-16.751300079688306,136.70917665081888,6.739336627357174,2026,1,1,0,3,0,-1
Wildfire,-16.30049767936207,129.2714668483718,6.739336627357174,2026,1,1,0,3,0,-1
Wildfire,51.34478512890393,129.82311964266614,6.739336627357174,2026,1,1,0,3,0,-1
Wildfire,-20.55494761129263,133.9024475166313,6.739336627357174,2026,1,1,0,3,0,-1
Wildfire,-16.176033246106755,20.61070577867953,6.739336627357174,2026,1,1,0,3,0,-1
Wildfire,-21.61118210285733,-47.72113590986171,6.739336627357174,2026,1,1,0,3,0,-1
Wildfire,-13.867423478077333,-44.6027705945578,6.739336627357174,2026,1,1,0,3,0,-1
Wildfire,-19.08313389270896,135.18244898854226,6.739336627357174,2026,1,1,0,3,0,-1
Wildfire,-21.588875557867123,131.3007208344378,6.739336627357174,2026,1,1,0,3,0,-1
Wildfire,-23.867953105067897,-58.75044492459898,6.739336627357174,2026,1,1,0,3,0,-1
Wildfire,-19.981290693303844,24.975157173286973,6.739336627357174,2026,1,1,0,3,0,-1
Wildfire,51.26791493297954,129.7172600849914,6.739336627357174,2026,1,1,0,3,0,-1
Wildfire,-16.525416532433503,-57.72680860546164,6.739336627357174,2026,1,1,0,3,0,-1
Wildfire,-21.14448296684391,136.69724987463536,6.739336627357174,2026,1,1,0,3,0,-1
Wildfire,-14.40844684894696,27.56933763878756,6.739336627357174,2026,1,1,0,3,0,-1
Wildfire,-17.1166254302386,133.0715572252234,6.739336627357174,2026,1,1,0,3,0,-1
Wildfire,-12.4281866605495,-47.03976281284153,6.739336627357174,2026,1,1,0,3,0,-1
Wildfire,-11.690256691034945,-64.03211348162226,6.739336627357174,2026,1,1,0,3,0,-1
Wildfire,-15.02121300670404,126.0755224928226,6.739336627357174,2026,1,1,0,3,0,-1
Wildfire,-16.290614912507916,128.20983740146025,6.739336627357174,2026,1,1,0,3,0,-1
Wildfire,-20.90929897266963,136.6642642085939,6.739336627357174,2026,1,1,0,3,0,-1
Wildfire,-16.78379628460879,136.58393294418354,6.739336627357174,2026,1,1,0,3,0,-1
Wildfire,-16.150378716975258,45.16705783625444,6.739336627357174,2026,1,1,0,3,0,-1
Wildfire,-16.632278385345753,123.60776358349337,6.739336627357174,2026,1,1,0,3,0,-1
Wildfire,-15.172231742848323,20.182276029562043,6.739336627357174,2026,1,1,0,3,0,-1
Wildfire,47.83277778,-102.8227778,9.210440366976515,2026,1,1,0,3,0,-1
Wildfire,33.39470949,-95.25720017,6.2166061010848646,2026,1,1,0,3,0,-1
Wildfire,-20.719739997001856,133.94159218878156,6.739336627357174,2026,1,1,0,3,0,-1
Wildfire,-21.07345350056432,136.96562972600597,6.739336627357174,2026,1,1,0,3,0,-1
Wildfire,-20.576141663285185,138.82497210527924,6.739336627357174,2026,1,1,0,3,0,-1
Wildfire,-21.68168988510736,131.40627251295183,6.739336627357174,2026,1,1,0,3,0,-1
Wildfire,-16.918302897634106,128.77195435904298,6.739336627357174,2026,1,1,0,3,0,-1
Wildfire,51.62299225774996,129.91520788197937,6.739336627357174,2026,1,1,0,3,0,-1
Wildfire,-16.318776322268832,129.38351526242283,6.739336627357174,2026,1,1,0,3,0,-1
Wildfire,-18.79945062897678,139.03767092950477,6.739336627357174,2026,1,1,0,3,0,-1
Wildfire,-18.88364431777944,-57.900256455097,6.739336627357174,2026,1,1,0,3,0,-1
Wildfire,-17.80074242777861,-53.78169368330193,6.739336627357174,2026,1,1,0,3,0,-1
Wildfire,51.46501230347796,129.8930122317016,6.739336627357174,2026,1,1,0,3,0,-1
Wildfire,-16.620391519688223,136.48837481329977,6.739336627357174,2026,1,1,0,3,0,-1
Wildfire,-23.176328037712526,31.94713278032626,6.739336627357174,2026,1,1,0,3,0,-1
Wildfire,-19.936825630842023,138.16183191255374,6.739336627357174,2026,1,1,0,3,0,-1
Wildfire,-16.482745531318148,136.45626945338833,6.739336627357174,2026,1,1,0,3,0,-1
Wildfire,-20.49618707889742,138.94539750140453,6.739336627357174,2026,1,1,0,3,0,-1
Wildfire,54.16884382276471,123.50198181327264,6.739336627357174,2026,1,1,0,3,0,-1
Wildfire,43.561091,-116.054827,9.14984699154722,2026,1,1,0,3,0,-1
Wildfire,-21.26266230019964,-59.091654296068185,6.739336627357174,2026,1,1,0,3,0,-1
Wildfire,-13.690457408026028,132.10943563333956,6.739336627357174,2026,1,1,0,3,0,-1
Wildfire,-14.224555661478488,136.7668902412513,6.739336627357174,2026,1,1,0,3,0,-1
Wildfire,-32.5310911826972,-64.29503616314398,6.739336627357174,2026,1,1,0,3,0,-1
Wildfire,-20.92138250721944,139.1804774248331,6.739336627357174,2026,1,1,0,3,0,-1
Wildfire,-16.929632513858987,-47.15047430879595,6.739336627357174,2026,1,1,0,3,0,-1
Wildfire,-20.99277235221474,139.33649913742877,6.739336627357174,2026,1,1,0,3,0,-1
Wildfire,-23.28505270155242,31.921725852000385,6.739336627357174,2026,1,1,0,3,0,-1
Wildfire,-14.333042496566195,133.50183848625718,6.739336627357174,2026,1,1,0,3,0,-1
Wildfire,-15.03286567308736,17.891456245262237,6.739336627357174,2026,1,1,0,3,0,-1
Wildfire,51.41737549837452,129.6960639383376,6.739336627357174,2026,1,1,0,3,0,-1
Wildfire,-14.048978342491989,-45.49920962470827,6.739336627357174,2026,1,1,0,3,0,-1
Wildfire,45.93002778,-100.8104167,7.641084249174914,2026,1,1,0,3,0,-1
Wildfire,42.7036,-116.69174,8.501063809486354,2026,1,1,0,3,0,-1
Wildfire,-21.35718652296286,-48.87339732096176,6.739336627357174,2026,1,1,0,3,0,-1
Wildfire,-14.020442622849822,-45.10981302419213,6.739336627357174,2026,1,1,0,3,0,-1
Wildfire,-13.23127189888547,-66.30352957269871,6.739336627357174,2026,1,1,0,3,0,-1
Wildfire,51.02852237329927,61.06797539599744,6.739336627357174,2026,1,1,0,3,0,-1
Wildfire,-34.981175933605826,-65.51015539848723,6.739336627357174,2026,1,1,0,3,0,-1
Wildfire,-12.623585551019294,131.4201407365228,6.739336627357174,2026,1,1,0,3,0,-1
Wildfire,-16.3887272621043,135.58209990887175,6.739336627357174,2026,1,1,0,3,0,-1
Wildfire,-7.15860458369298,29.95850552652036,6.739336627357174,2026,1,1,0,3,0,-1
Wildfire,-15.683083122212388,-57.41632493883296,6.739336627357174,2026,1,1,0,3,0,-1
Wildfire,-10.77962723383635,-45.57624416005788,6.739336627357174,2026,1,1,0,3,0,-1
Wildfire,-15.654847039307864,135.9648409605323,6.739336627357174,2026,1,1,0,3,0,-1
Wildfire,-18.657893497554213,138.37507930404425,6.739336627357174,2026,1,1,0,3,0,-1
Wildfire,-14.199213914271478,-62.123022404324615,6.739336627357174,2026,1,1,0,3,0,-1
Wildfire,-12.09301270095405,133.0810667461572,6.739336627357174,2026,1,1,0,3,0,-1
Wildfire,45.956032,-118.018175,6.416732282512326,2026,1,1,0,3,0,-1
Wildfire,42.642539,-99.341505,6.398594934535208,2026,1,1,0,3,0,-1
Wildfire,34.636033,-111.196883,6.249975242259483,2026,1,1,0,3,0,-1
Wildfire,38.8275,-111.459217,6.55250788703459,2026,1,1,0,3,0,-1
Wildfire,-13.004698649820543,-51.26378862848711,6.739336627357174,2026,1,1,0,3,0,-1
Wildfire,-15.449483660658547,129.13950509988794,6.739336627357174,2026,1,1,0,3,0,-1
Wildfire,-12.933118432369117,-62.66628115988235,6.739336627357174,2026,1,1,0,3,0,-1
Wildfire,-16.514863115786763,135.65595300909123,6.739336627357174,2026,1,1,0,3,0,-1
Wildfire,-20.191580252043703,134.53070638099763,6.739336627357174,2026,1,1,0,3,0,-1
Wildfire,-20.36125148866909,134.30016153761912,6.739336627357174,2026,1,1,0,3,0,-1
Wildfire,-13.075506571602526,-51.3891762833332,6.739336627357174,2026,1,1,0,3,0,-1
Wildfire,-14.810288760333671,126.08844686294094,6.739336627357174,2026,1,1,0,3,0,-1
Wildfire,-16.54232676486467,135.92144713946303,6.739336627357174,2026,1,1,0,3,0,-1
Wildfire,-21.899660135017648,-48.41746619524497,6.739336627357174,2026,1,1,0,3,0,-1
Wildfire,-13.53453295174322,-51.20417187967289,6.739336627357174,2026,1,1,0,3,0,-1
Wildfire,-15.895982672138231,125.41902230497772,6.739336627357174,2026,1,1,0,3,0,-1
Wildfire,-15.82479727943999,-62.983879916826886,6.739336627357174,2026,1,1,0,3,0,-1
Wildfire,-30.789734858428098,27.830748643436145,6.739336627357174,2026,1,1,0,3,0,-1
Wildfire,-31.170151112189263,27.41708426396132,6.739336627357174,2026,1,1,0,3,0,-1
Wildfire,-16.767830830174272,20.62933686064893,6.739336627357174,2026,1,1,0,3,0,-1
Wildfire,-21.41938206852699,-50.95441963365285,6.739336627357174,2026,1,1,0,3,0,-1
Wildfire,-12.951744904623464,-51.46519558399034,6.739336627357174,2026,1,1,0,3,0,-1
Wildfire,-12.31540375962483,141.8739190520054,6.739336627357174,2026,1,1,0,3,0,-1
Wildfire,-10.24343196592588,-47.70527114786275,6.739336627357174,2026,1,1,0,3,0,-1
Wildfire,-19.888686717660992,127.505038640932,6.739336627357174,2026,1,1,0,3,0,-1
Wildfire,-14.783533142460524,-48.06524206935489,6.739336627357174,2026,1,1,0,3,0,-1
Wildfire,-12.757883935866092,141.81817714667514,6.739336627357174,2026,1,1,0,3,0,-1
Wildfire,-18.41464585860936,21.483413836471808,6.739336627357174,2026,1,1,0,3,0,-1
Wildfire,-12.776509806717463,-66.91184759247047,6.739336627357174,2026,1,1,0,3,0,-1
Wildfire,-18.4172490896034,-59.52765402786299,6.739336627357174,2026,1,1,0,3,0,-1
Wildfire,44.806667,-115.110967,6.901737206656574,2026,1,1,0,3,0,-1
Wildfire,42.2624,-104.93317,6.8679744089702925,2026,1,1,0,3,0,-1
Wildfire,-14.883889935950837,132.26805685008745,6.739336627357174,2026,1,1,0,3,0,-1
Wildfire,-2.875129270289601,-50.75592017844968,6.739336627357174,2026,1,1,0,3,0,-1
Wildfire,-11.18073756712153,-45.72217979470268,6.739336627357174,2026,1,1,0,3,0,-1
Wildfire,-14.63490135966748,132.05376049691304,6.739336627357174,2026,1,1,0,3,0,-1
Wildfire,-13.270395741783704,-67.4170913730562,6.739336627357174,2026,1,1,0,3,0,-1
Wildfire,-16.745520657456233,18.81079683763498,6.739336627357174,2026,1,1,0,3,0,-1
Wildfire,-13.92284534347186,-63.29011860024645,6.739336627357174,2026,1,1,0,3,0,-1
Wildfire,-7.380937970316333,30.132567431372905,6.739336627357174,2026,1,1,0,3,0,-1
Wildfire,-15.264544404903432,125.33527390007986,6.739336627357174,2026,1,1,0,3,0,-1
Wildfire,-12.658785213068464,-67.63648005436171,6.739336627357174,2026,1,1,0,3,0,-1
Wildfire,-14.541434628945698,143.6051087359991,6.739336627357174,2026,1,1,0,3,0,-1
Wildfire,-16.545779632291786,135.91871577524307,6.739336627357174,2026,1,1,0,3,0,-1
Wildfire,-14.67188760536473,-62.850283608230825,6.739336627357174,2026,1,1,0,3,0,-1
Wildfire,-15.14755968577721,125.55407313740903,6.739336627357174,2026,1,1,0,3,0,-1
Wildfire,-14.67647164184402,-65.4906101554456,6.739336627357174,2026,1,1,0,3,0,-1
Wildfire,-17.161521130988287,-57.38804161956807,6.739336627357174,2026,1,1,0,3,0,-1
Wildfire,40.469467,-111.0757,9.622913491543724,2026,1,1,0,3,0,-1
Wildfire,-20.737940538128445,134.20948218078192,6.739336627357174,2026,1,1,0,3,0,-1
Wildfire,-20.79406346436167,139.31182768359668,6.739336627357174,2026,1,1,0,3,0,-1
Wildfire,38.09579062668384,22.48446503310513,6.739336627357174,2026,1,1,0,3,0,-1
Wildfire,-16.3885936971606,135.7896123514966,6.739336627357174,2026,1,1,0,3,0,-1
Wildfire,49.04327505008869,43.64296476854999,6.739336627357174,2026,1,1,0,3,0,-1
Wildfire,-16.536431710393718,20.94284218068597,6.739336627357174,2026,1,1,0,3,0,-1
Wildfire,-16.24103114154225,136.63536353925613,6.739336627357174,2026,1,1,0,3,0,-1
Wildfire,-12.723308175468034,-65.7290069384912,6.739336627357174,2026,1,1,0,3,0,-1
Wildfire,-16.098961529593097,127.89901412021696,6.739336627357174,2026,1,1,0,3,0,-1
Wildfire,-13.58096602714329,-51.1032243338548,6.739336627357174,2026,1,1,0,3,0,-1
Wildfire,49.11077760069113,43.747605796463255,6.739336627357174,2026,1,1,0,3,0,-1
Wildfire,-7.557909134002733,38.11982002709535,6.739336627357174,2026,1,1,0,3,0,-1
Wildfire,-15.79803934207118,38.85392548018884,6.739336627357174,2026,1,1,0,3,0,-1
Wildfire,-15.581098191400129,136.09376807288066,6.739336627357174,2026,1,1,0,3,0,-1
Wildfire,-15.764632308834742,-62.42774532334503,6.739336627357174,2026,1,1,0,3,0,-1
Wildfire,-16.093173917522353,-50.362830348723534,6.739336627357174,2026,1,1,0,3,0,-1
Wildfire,-14.763872794305842,-48.76792360985873,6.739336627357174,2026,1,1,0,3,0,-1
Wildfire,-23.73446649020601,28.33770843006551,6.739336627357174,2026,1,1,0,3,0,-1
Wildfire,-11.676191212387971,36.04357967096313,6.739336627357174,2026,1,1,0,3,0,-1
Wildfire,-16.57125948775741,-58.22447660195572,6.739336627357174,2026,1,1,0,3,0,-1
Wildfire,-15.984761043016144,-64.8563525709589,6.739336627357174,2026,1,1,0,3,0,-1
Wildfire,-12.13381929230321,-50.05271001747406,6.739336627357174,2026,1,1,0,3,0,-1
Wildfire,-13.086419151767718,141.83171191048504,6.739336627357174,2026,1,1,0,3,0,-1
Wildfire,-12.34438424185088,135.50625304195785,6.739336627357174,2026,1,1,0,3,0,-1
Wildfire,-23.13132430567936,25.36448341074137,6.739336627357174,2026,1,1,0,3,0,-1
Wildfire,-16.25145335447622,132.56362511974098,6.739336627357174,2026,1,1,0,3,0,-1
Wildfire,-11.940085205729188,38.34242598417039,6.739336627357174,2026,1,1,0,3,0,-1
Wildfire,-20.07654876153244,24.328442578039382,6.739336627357174,2026,1,1,0,3,0,-1
Wildfire,44.903349126287374,-107.49601849472889,6.739336627357174,2026,1,1,0,3,0,-1
Wildfire,-16.530752727234553,136.74403656070257,6.739336627357174,2026,1,1,0,3,0,-1
Wildfire,-14.710930257466911,126.15375353401582,6.739336627357174,2026,1,1,0,3,0,-1
Wildfire,-16.83140184872918,18.374798513561554,6.739336627357174,2026,1,1,0,3,0,-1
Wildfire,-15.693888481137998,39.06341477355352,6.739336627357174,2026,1,1,0,3,0,-1
Wildfire,-14.590477768961543,-62.42578211059123,6.739336627357174,2026,1,1,0,3,0,-1
Wildfire,-24.268096041349096,27.94413873168756,6.739336627357174,2026,1,1,0,3,0,-1
Wildfire,-11.934728980023795,36.7111038841598,6.739336627357174,2026,1,1,0,3,0,-1
Wildfire,-17.08503808054991,-56.73311236062079,6.739336627357174,2026,1,1,0,3,0,-1
Wildfire,-16.317803998431806,-63.67862497607936,6.739336627357174,2026,1,1,0,3,0,-1
Wildfire,44.898083,-107.568617,11.198201021406565,2026,1,1,0,3,0,-1
Wildfire,-14.073666872008502,-65.21669454098956,6.739336627357174,2026,1,1,0,3,0,-1
Wildfire,-13.590783382963153,-66.92221260765643,6.739336627357174,2026,1,1,0,3,0,-1
Wildfire,-17.15924380274777,134.72059687488806,6.739336627357174,2026,1,1,0,3,0,-1
Wildfire,-16.908803816830822,-57.9986675780448,6.739336627357174,2026,1,1,0,3,0,-1
Wildfire,-11.50568724808209,142.38702451976422,6.739336627357174,2026,1,1,0,3,0,-1
Wildfire,-16.372059113992243,135.91457086136103,6.739336627357174,2026,1,1,0,3,0,-1
Wildfire,43.613222203844366,-110.05423620626516,6.739336627357174,2026,1,1,0,3,0,-1
Wildfire,-10.925194494052851,-46.416365350046014,6.739336627357174,2026,1,1,0,3,0,-1
Wildfire,-16.442617543835482,136.23597201031,6.739336627357174,2026,1,1,0,3,0,-1
Wildfire,-11.828442120248567,36.261223331762615,6.739336627357174,2026,1,1,0,3,0,-1
Wildfire,-13.17044274385528,-67.5461941503168,6.739336627357174,2026,1,1,0,3,0,-1
Wildfire,-13.082018446248682,-67.46878664551267,6.739336627357174,2026,1,1,0,3,0,-1
Wildfire,-11.993916707363017,36.62734055614657,6.739336627357174,2026,1,1,0,3,0,-1
Wildfire,-16.065274870314116,-64.56565485422752,6.739336627357174,2026,1,1,0,3,0,-1
Wildfire,-10.654100017961952,-46.09567866979131,6.739336627357174,2026,1,1,0,3,0,-1
Wildfire,-21.58359690816157,-47.82314427237922,6.739336627357174,2026,1,1,0,3,0,-1
Wildfire,-13.165437275417167,-67.56831155249866,6.739336627357174,2026,1,1,0,3,0,-1
Wildfire,-17.702090854949745,138.6831594526075,6.739336627357174,2026,1,1,0,3,0,-1
Wildfire,-16.329599380925597,36.12141730133202,6.739336627357174,2026,1,1,0,3,0,-1
Wildfire,-16.97811955887703,38.19729528588899,6.739336627357174,2026,1,1,0,3,0,-1
Wildfire,-16.44924900980541,30.2816493625698,6.739336627357174,2026,1,1,0,3,0,-1
Wildfire,-22.37254276630312,-49.3107206586046,6.739336627357174,2026,1,1,0,3,0,-1
Wildfire,-14.624600160424444,-62.46864165425797,6.739336627357174,2026,1,1,0,3,0,-1
Wildfire,-16.72394744419365,-57.393462288501965,6.739336627357174,2026,1,1,0,3,0,-1
Wildfire,-14.754314628042485,17.89258388071336,6.739336627357174,2026,1,1,0,3,0,-1
Wildfire,-12.815202728780417,-62.56511565974366,6.739336627357174,2026,1,1,0,3,0,-1
Wildfire,-15.85132382399957,39.63436721961179,6.739336627357174,2026,1,1,0,3,0,-1
Wildfire,43.4616667,-101.155,6.68586094706836,2026,1,1,0,3,0,-1
Wildfire,46.6904,-117.573,6.90875477931522,2026,1,1,0,3,0,-1
Wildfire,31.25,-92.645,6.335054251498059,2026,1,1,0,3,0,-1
Wildfire,-14.86493154466332,-51.468734263302586,6.739336627357174,2026,1,1,0,3,0,-1
Wildfire,-12.808886006703908,-62.77937568331047,6.739336627357174,2026,1,1,0,3,0,-1
Wildfire,-20.55130382153421,-51.2838193149624,6.739336627357174,2026,1,1,0,3,0,-1
Wildfire,-20.815634464910133,-51.25169818724329,6.739336627357174,2026,1,1,0,3,0,-1
Wildfire,-27.0373074794178,29.944878733921183,6.739336627357174,2026,1,1,0,3,0,-1
Wildfire,-14.30895224426762,39.58294417696193,6.739336627357174,2026,1,1,0,3,0,-1
Wildfire,-16.014478768738627,18.06570032824409,6.739336627357174,2026,1,1,0,3,0,-1
Wildfire,-8.842445338327746,38.6457266529401,6.739336627357174,2026,1,1,0,3,0,-1
Wildfire,-17.66944607428861,135.22153098558252,6.739336627357174,2026,1,1,0,3,0,-1
Wildfire,-10.882414925050009,-45.52952239378621,6.739336627357174,2026,1,1,0,3,0,-1
Wildfire,-14.196061646229136,136.6769791229722,6.739336627357174,2026,1,1,0,3,0,-1
Wildfire,-10.844532220079044,-46.019768671979385,6.739336627357174,2026,1,1,0,3,0,-1
Wildfire,-8.82458345748417,-45.123497594301945,6.739336627357174,2026,1,1,0,3,0,-1
Wildfire,-16.083990606839215,38.42556232369256,6.739336627357174,2026,1,1,0,3,0,-1
Wildfire,-16.410074300174976,135.91613995644167,6.739336627357174,2026,1,1,0,3,0,-1
Wildfire,-7.270297448239871,-44.96060679515007,6.739336627357174,2026,1,1,0,3,0,-1
Wildfire,-11.577024605942905,-63.87403544288248,6.739336627357174,2026,1,1,0,3,0,-1
Wildfire,-12.890787727133317,36.45143407040785,6.739336627357174,2026,1,1,0,3,0,-1
Wildfire,-15.51381952958408,18.51464456595017,6.739336627357174,2026,1,1,0,3,0,-1
Wildfire,-11.7159855785607,36.739590457500576,6.739336627357174,2026,1,1,0,3,0,-1
Wildfire,-16.13986002917573,36.61791540476423,6.739336627357174,2026,1,1,0,3,0,-1
Wildfire,48.946833,-118.554467,7.313886831633462,2026,1,1,0,3,0,-1
Wildfire,46.6377,-120.3753,7.313886831633462,2026,1,1,0,3,0,-1
Wildfire,-30.36471395079389,29.3029417107516,6.739336627357174,2026,1,1,0,3,0,-1
Wildfire,-13.82548600300813,-65.38410643555194,6.739336627357174,2026,1,1,0,3,0,-1
Wildfire,-12.83962083883135,-51.22706918779853,6.739336627357174,2026,1,1,0,3,0,-1
Wildfire,-12.844022569479842,-51.344100222112,6.739336627357174,2026,1,1,0,3,0,-1
Wildfire,-16.247060732899566,136.85224181712604,6.739336627357174,2026,1,1,0,3,0,-1
Wildfire,-10.659864432605868,-45.9023665676161,6.739336627357174,2026,1,1,0,3,0,-1
Wildfire,-12.940022184725697,-45.34270312749944,6.739336627357174,2026,1,1,0,3,0,-1
Wildfire,-11.11654533321128,-45.58061884502252,6.739336627357174,2026,1,1,0,3,0,-1
Wildfire,-15.990877478195385,36.59417594596507,6.739336627357174,2026,1,1,0,3,0,-1
Wildfire,-16.686241291386565,38.70768332006271,6.739336627357174,2026,1,1,0,3,0,-1
Wildfire,-11.694337467538046,31.779135833048805,6.739336627357174,2026,1,1,0,3,0,-1
Wildfire,-16.092240733056002,36.71097762621109,6.739336627357174,2026,1,1,0,3,0,-1
Wildfire,-11.770485837867682,31.701936902871388,6.739336627357174,2026,1,1,0,3,0,-1
Wildfire,-15.263532064076886,37.03203189390505,6.739336627357174,2026,1,1,0,3,0,-1
Wildfire,-18.60771974106071,35.11538019935188,6.739336627357174,2026,1,1,0,3,0,-1
Wildfire,-8.171147248624838,37.51826711453116,6.739336627357174,2026,1,1,0,3,0,-1
Wildfire,-8.078526964158131,37.4728959639422,6.739336627357174,2026,1,1,0,3,0,-1
Wildfire,-16.621775370334646,-58.534341460803816,6.739336627357174,2026,1,1,0,3,0,-1
Wildfire,-17.815249087071003,136.87006244531574,6.739336627357174,2026,1,1,0,3,0,-1
Wildfire,-14.666886161957896,126.5821469256536,6.739336627357174,2026,1,1,0,3,0,-1
Wildfire,-12.842093394983385,-51.421883967174345,6.739336627357174,2026,1,1,0,3,0,-1
Wildfire,-18.08451002858072,-58.57409703353605,6.739336627357174,2026,1,1,0,3,0,-1
Wildfire,-8.060658436407286,37.5547679620371,6.739336627357174,2026,1,1,0,3,0,-1
Wildfire,-27.587751212593588,31.547312311872965,6.739336627357174,2026,1,1,0,3,0,-1
Wildfire,-27.726230561374088,29.632435489466285,6.739336627357174,2026,1,1,0,3,0,-1
Wildfire,-11.425036602929625,32.50624986777901,6.739336627357174,2026,1,1,0,3,0,-1
Wildfire,-17.681575195047948,20.64882973746285,6.739336627357174,2026,1,1,0,3,0,-1
Wildfire,-16.607931078538606,38.58781846590803,6.739336627357174,2026,1,1,0,3,0,-1
Wildfire,-10.054540103052028,30.29821152441888,6.739336627357174,2026,1,1,0,3,0,-1
Wildfire,-16.60805798754404,39.31690157601248,6.739336627357174,2026,1,1,0,3,0,-1
Wildfire,-16.05759098007481,36.517359286427904,6.739336627357174,2026,1,1,0,3,0,-1
Wildfire,-16.16829246684288,45.08530059825791,6.739336627357174,2026,1,1,0,3,0,-1
Wildfire,-11.183034799290194,32.016409819434095,6.739336627357174,2026,1,1,0,3,0,-1
Wildfire,34.6358333,-98.7072222,6.881411303642535,2026,1,1,0,3,0,-1
Wildfire,-13.176883627131398,-45.54631139856898,6.739336627357174,2026,1,1,0,3,0,-1
Wildfire,-27.507609798736528,29.70497597142701,6.739336627357174,2026,1,1,0,3,0,-1
Wildfire,-27.67344276924065,29.297097720262503,6.739336627357174,2026,1,1,0,3,0,-1
Wildfire,-26.36838981982553,29.83509885975743,6.739336627357174,2026,1,1,0,3,0,-1
Wildfire,-13.29606236924527,-46.32227016057102,6.739336627357174,2026,1,1,0,3,0,-1
Wildfire,-15.316146588823996,-58.19073314515499,6.739336627357174,2026,1,1,0,3,0,-1
Wildfire,-18.025094869890896,-44.36432529556453,6.739336627357174,2026,1,1,0,3,0,-1
Wildfire,-10.262265688233072,14.608779400749173,6.739336627357174,2026,1,1,0,3,0,-1
Wildfire,-5.821751493778383,31.893413668888044,6.739336627357174,2026,1,1,0,3,0,-1
Wildfire,34.174278,-97.946306,6.78897174299217,2026,1,1,0,3,0,-1
Wildfire,-16.10522643502455,136.728831525769,6.739336627357174,2026,1,1,0,3,0,-1
Wildfire,-10.387202812774026,-45.698782714653646,6.739336627357174,2026,1,1,0,3,0,-1
Wildfire,-18.24836889638439,142.52405198881266,6.739336627357174,2026,1,1,0,3,0,-1
Wildfire,-2.520864524817455,35.14908126888374,6.739336627357174,2026,1,1,0,3,0,-1
Wildfire,-20.85775227674734,145.22795083744197,6.739336627357174,2026,1,1,0,3,0,-1
Wildfire,-13.638166105511823,-45.98142772165138,6.739336627357174,2026,1,1,0,3,0,-1
Wildfire,-9.50785597194311,-50.15582724390218,6.739336627357174,2026,1,1,0,3,0,-1
Wildfire,-20.034838614212816,-55.52998192719732,6.739336627357174,2026,1,1,0,3,0,-1
Wildfire,-16.919264465386505,-56.14661317033664,6.739336627357174,2026,1,1,0,3,0,-1
Wildfire,-11.695522152155448,37.69615307426128,6.739336627357174,2026,1,1,0,3,0,-1
Wildfire,-14.631624373297663,131.7444874862926,6.739336627357174,2026,1,1,0,3,0,-1
Wildfire,54.31374541506148,116.99338173666004,6.739336627357174,2026,1,1,0,3,0,-1
Wildfire,-16.53697792285653,-46.97275135050607,6.739336627357174,2026,1,1,0,3,0,-1
Wildfire,-14.798559889303233,-48.867500910336034,6.739336627357174,2026,1,1,0,3,0,-1
Wildfire,35.144617,-111.720667,7.048386408721883,2026,1,1,0,3,0,-1
Wildfire,-11.788009391787565,-51.04733124441247,6.739336627357174,2026,1,1,0,3,0,-1
Wildfire,-11.783665084854585,-50.9494918250005,6.739336627357174,2026,1,1,0,3,0,-1
Wildfire,-15.314735213339723,-55.69287997632752,6.739336627357174,2026,1,1,0,3,0,-1
Wildfire,-12.805700042779153,-67.78133975228334,6.739336627357174,2026,1,1,0,3,0,-1
Wildfire,-8.002939085859119,14.415613132144346,6.739336627357174,2026,1,1,0,3,0,-1
Wildfire,-12.67279985763174,-45.52063718618064,6.739336627357174,2026,1,1,0,3,0,-1
Wildfire,-12.834155956902029,-64.63779833345808,6.739336627357174,2026,1,1,0,3,0,-1
Wildfire,-10.516281925566028,-45.70267297652253,6.739336627357174,2026,1,1,0,3,0,-1
Wildfire,-12.34983224904855,135.41255721916008,6.739336627357174,2026,1,1,0,3,0,-1
Wildfire,-10.423721127661072,-46.40735025909172,6.739336627357174,2026,1,1,0,3,0,-1
Wildfire,-8.70795715511118,-45.921037338319366,6.739336627357174,2026,1,1,0,3,0,-1
Wildfire,-5.405660048049151,14.423424010447947,6.739336627357174,2026,1,1,0,3,0,-1
Wildfire,-8.350749978229837,-45.452584932576144,6.739336627357174,2026,1,1,0,3,0,-1
Wildfire,-11.8199638457629,-47.69719441993591,6.739336627357174,2026,1,1,0,3,0,-1
Wildfire,-11.36190868148962,-46.36749998108258,6.739336627357174,2026,1,1,0,3,0,-1
Wildfire,-13.814209425073056,-48.08231846512877,6.739336627357174,2026,1,1,0,3,0,-1
Wildfire,-9.114222114245678,-61.31390826589118,6.739336627357174,2026,1,1,0,3,0,-1
Wildfire,-8.29746820258511,14.316786514102766,6.739336627357174,2026,1,1,0,3,0,-1
Wildfire,34.706953,-98.555844,6.566672429803241,2026,1,1,0,3,0,-1
Wildfire,34.2305,-117.758,6.710523109452428,2026,1,1,0,3,0,-1
Wildfire,-20.43576574451032,-47.76102144049734,6.739336627357174,2026,1,1,0,3,0,-1
Wildfire,-21.01966966186753,145.52307502323933,6.739336627357174,2026,1,1,0,3,0,-1
Wildfire,-8.608297275733815,14.1794121360248,6.739336627357174,2026,1,1,0,3,0,-1
Wildfire,-14.841698676579965,-52.60853917454007,6.739336627357174,2026,1,1,0,3,0,-1
Wildfire,-21.182604793862872,145.53627959982842,6.739336627357174,2026,1,1,0,3,0,-1
Wildfire,-18.80615286302456,20.95219900736543,6.739336627357174,2026,1,1,0,3,0,-1
Wildfire,-11.631548872066308,-46.49498393612529,6.739336627357174,2026,1,1,0,3,0,-1
Wildfire,-10.149558943525264,-46.06915084088909,6.739336627357174,2026,1,1,0,3,0,-1
Wildfire,-14.785631836985484,-52.54991718311111,6.739336627357174,2026,1,1,0,3,0,-1
Wildfire,-8.488611219583289,14.52952630202955,6.739336627357174,2026,1,1,0,3,0,-1
Wildfire,-25.242780083689773,147.9701169781222,6.739336627357174,2026,1,1,0,3,0,-1
Wildfire,-12.589842249614502,-66.12344452948822,6.739336627357174,2026,1,1,0,3,0,-1
Wildfire,-17.99545590878962,-58.543589245118085,6.739336627357174,2026,1,1,0,3,0,-1
Wildfire,-9.69792339388752,-58.15123561000782,6.739336627357174,2026,1,1,0,3,0,-1
Wildfire,-14.85838344818076,-51.59930083017897,6.739336627357174,2026,1,1,0,3,0,-1
Wildfire,-14.509645970013263,-45.70046850639848,6.739336627357174,2026,1,1,0,3,0,-1
Wildfire,-8.672449464900584,14.4490324975315,6.739336627357174,2026,1,1,0,3,0,-1
Wildfire,-8.026697028225932,14.397475626552652,6.739336627357174,2026,1,1,0,3,0,-1
Wildfire,-11.19763532679336,-45.43154996083852,6.739336627357174,2026,1,1,0,3,0,-1
Wildfire,-12.298841332292078,-62.34362395870325,6.739336627357174,2026,1,1,0,3,0,-1
Wildfire,-16.804084509620928,-57.72681020442926,6.739336627357174,2026,1,1,0,3,0,-1
Wildfire,-16.188676180784668,-64.75754874199441,6.739336627357174,2026,1,1,0,3,0,-1
Wildfire,-13.390955659584948,-64.0560177800717,6.739336627357174,2026,1,1,0,3,0,-1
Wildfire,-22.7921512207864,24.856080191230298,6.739336627357174,2026,1,1,0,3,0,-1
Wildfire,-30.914188144915325,-64.51898504480805,6.739336627357174,2026,1,1,0,3,0,-1
Wildfire,-12.284875222104189,-50.73141266335448,6.739336627357174,2026,1,1,0,3,0,-1
Wildfire,-16.73602133582441,144.21090802074266,6.739336627357174,2026,1,1,0,3,0,-1
Wildfire,-14.83884085653773,-52.49928742147512,6.739336627357174,2026,1,1,0,3,0,-1
Wildfire,-19.000226638745,-51.06444710719816,6.739336627357174,2026,1,1,0,3,0,-1
Wildfire,-11.147086322865038,-51.1952045779305,6.739336627357174,2026,1,1,0,3,0,-1
Wildfire,-14.008313061440877,-65.49357589288715,6.739336627357174,2026,1,1,0,3,0,-1
Wildfire,-8.724881879449411,14.791829861106834,6.739336627357174,2026,1,1,0,3,0,-1
Wildfire,-9.274035420356494,14.769177122763834,6.739336627357174,2026,1,1,0,3,0,-1
Wildfire,-15.420772765461315,-62.94932777610324,6.739336627357174,2026,1,1,0,3,0,-1
Wildfire,-13.969761856817687,-50.95012160639092,6.739336627357174,2026,1,1,0,3,0,-1
Wildfire,-31.34462821647901,-65.39846082870802,6.739336627357174,2026,1,1,0,3,0,-1
Wildfire,-8.248318750461506,-44.89337917629853,6.739336627357174,2026,1,1,0,3,0,-1
Wildfire,-15.694775329235956,-57.79547596855853,6.739336627357174,2026,1,1,0,3,0,-1
Wildfire,53.53378490397416,115.41589464725712,6.739336627357174,2026,1,1,0,3,0,-1
Wildfire,-10.863104946404995,-52.11222355474288,6.739336627357174,2026,1,1,0,3,0,-1
Wildfire,-11.897224260101025,-47.21464625625675,6.739336627357174,2026,1,1,0,3,0,-1
Wildfire,-12.491606026185602,-66.68922416760391,6.739336627357174,2026,1,1,0,3,0,-1
Wildfire,-10.884006045893257,-45.66795875229739,6.739336627357174,2026,1,1,0,3,0,-1
Wildfire,-25.662482377655373,147.8225084908558,6.739336627357174,2026,1,1,0,3,0,-1
Wildfire,-18.82491665472792,20.96798784498907,6.739336627357174,2026,1,1,0,3,0,-1
Wildfire,-9.185394394811995,14.59240497009141,6.739336627357174,2026,1,1,0,3,0,-1
Wildfire,44.386117,-106.078367,7.141245122350491,2026,1,1,0,3,0,-1
Wildfire,-23.55641455019966,24.05536464116052,6.739336627357174,2026,1,1,0,3,0,-1
Wildfire,-22.63332512803287,25.06764439744342,6.739336627357174,2026,1,1,0,3,0,-1
Wildfire,-32.149062355309816,116.2338952872765,6.739336627357174,2026,1,1,0,3,0,-1
Wildfire,-22.64419119002867,24.922602622180666,6.739336627357174,2026,1,1,0,3,0,-1
Wildfire,-11.685062889868371,-49.757873903895735,6.739336627357174,2026,1,1,0,3,0,-1
Wildfire,-22.64236104469925,24.89142559358689,6.739336627357174,2026,1,1,0,3,0,-1
Wildfire,-24.01356346024039,27.88518757368085,6.739336627357174,2026,1,1,0,3,0,-1
Wildfire,-32.59421010875215,-65.58727344469324,6.739336627357174,2026,1,1,0,3,0,-1
Wildfire,-35.28708728828235,-65.49756110447301,6.739336627357174,2026,1,1,0,3,0,-1
Wildfire,-22.56930671837376,24.991983921193967,6.739336627357174,2026,1,1,0,3,0,-1
Wildfire,-23.33941495372778,24.659026490869504,6.739336627357174,2026,1,1,0,3,0,-1
Wildfire,-22.75941766918656,25.16289300471184,6.739336627357174,2026,1,1,0,3,0,-1
Wildfire,-10.429462671895358,-53.72598574496296,6.739336627357174,2026,1,1,0,3,0,-1
Wildfire,-7.778083312470129,-45.80809096371543,6.739336627357174,2026,1,1,0,3,0,-1
Wildfire,-19.03069441225461,138.98851268830575,6.739336627357174,2026,1,1,0,3,0,-1
Wildfire,-22.79228029224584,22.40584280301133,6.739336627357174,2026,1,1,0,3,0,-1
Wildfire,-21.18250949713236,145.74851124310223,6.739336627357174,2026,1,1,0,3,0,-1
Wildfire,-14.842536161539387,-62.26338006264642,6.739336627357174,2026,1,1,0,3,0,-1
Wildfire,-17.963452227574,-58.9179015186281,6.739336627357174,2026,1,1,0,3,0,-1
Wildfire,-7.032616805290703,-44.17497021719578,6.739336627357174,2026,1,1,0,3,0,-1
Wildfire,-17.969768558816416,-59.5056415749629,6.739336627357174,2026,1,1,0,3,0,-1
Wildfire,-17.947679532802656,-59.17044540836001,6.739336627357174,2026,1,1,0,3,0,-1
Wildfire,-17.190912303017054,-56.4400230452742,6.739336627357174,2026,1,1,0,3,0,-1
Wildfire,-14.537766293400525,18.025553588512427,6.739336627357174,2026,1,1,0,3,0,-1
Wildfire,-12.275699694264356,-50.58459963078558,6.739336627357174,2026,1,1,0,3,0,-1
Wildfire,-16.517999729172633,145.15152708893424,6.739336627357174,2026,1,1,0,3,0,-1
Wildfire,40.8671388514953,-7.89007809194233,6.739336627357174,2026,1,1,0,3,0,-1
Wildfire,41.18858553443058,-8.022630999544795,6.739336627357174,2026,1,1,0,3,0,-1
Wildfire,-8.836767515965944,-51.285968449228456,6.739336627357174,2026,1,1,0,3,0,-1
Wildfire,-22.84532137834619,25.011589071217173,6.739336627357174,2026,1,1,0,3,0,-1
Wildfire,41.43229672344128,-7.692829109407524,6.739336627357174,2026,1,1,0,3,0,-1
Wildfire,-23.16192241670556,22.227895078987803,6.739336627357174,2026,1,1,0,3,0,-1
Wildfire,-11.361852021005252,-54.03422551600544,6.739336627357174,2026,1,1,0,3,0,-1
Wildfire,-18.94221717427535,127.87849506461816,6.739336627357174,2026,1,1,0,3,0,-1
Wildfire,-23.44636198393823,22.01764815368185,6.739336627357174,2026,1,1,0,3,0,-1
Wildfire,-18.95565975027781,127.83979528566206,6.739336627357174,2026,1,1,0,3,0,-1
Wildfire,-23.67168097875405,24.012462081852625,6.739336627357174,2026,1,1,0,3,0,-1
Wildfire,-17.06692440635255,-59.71452079194743,6.739336627357174,2026,1,1,0,3,0,-1
Wildfire,-13.420387325357092,-63.62635284647109,6.739336627357174,2026,1,1,0,3,0,-1
Wildfire,-7.280758025348542,-46.50782580724758,6.739336627357174,2026,1,1,0,3,0,-1
Wildfire,-18.13092410727591,-57.79475916886013,6.739336627357174,2026,1,1,0,3,0,-1
Wildfire,-8.344171046219925,-52.31378041865685,6.739336627357174,2026,1,1,0,3,0,-1
Wildfire,-16.980411726236298,-59.78842737852136,6.739336627357174,2026,1,1,0,3,0,-1
Wildfire,-8.69454919763661,-55.0719470625095,6.739336627357174,2026,1,1,0,3,0,-1
Wildfire,-15.558793245231744,18.00584810090343,6.739336627357174,2026,1,1,0,3,0,-1
Wildfire,-13.84567336399707,17.394104715237944,6.739336627357174,2026,1,1,0,3,0,-1
Wildfire,-18.856830344309746,127.88596935900252,6.739336627357174,2026,1,1,0,3,0,-1
Wildfire,-16.992582905607073,136.7197154844389,6.739336627357174,2026,1,1,0,3,0,-1
Wildfire,39.233833,-109.064667,7.559038255443384,2026,1,1,0,3,0,-1
Wildfire,48.4803,-104.567,6.90875477931522,2026,1,1,0,3,0,-1
Wildfire,40.64492818573336,-7.669054251134336,6.739336627357174,2026,1,1,0,3,0,-1
Wildfire,40.4507847456896,-7.926105550902504,6.739336627357174,2026,1,1,0,3,0,-1
Wildfire,-19.179845716748748,20.19919830837696,6.739336627357174,2026,1,1,0,3,0,-1
Wildfire,-11.034467840429857,-51.08183033803323,6.739336627357174,2026,1,1,0,3,0,-1
Wildfire,41.06726115200328,-8.039146482038312,6.739336627357174,2026,1,1,0,3,0,-1
Wildfire,-12.326423117183856,-66.07640654280068,6.739336627357174,2026,1,1,0,3,0,-1
Wildfire,-14.67089916552732,-45.6438828018775,6.739336627357174,2026,1,1,0,3,0,-1
Wildfire,-7.375237045486376,-44.96893954760858,6.739336627357174,2026,1,1,0,3,0,-1
Wildfire,-17.09265407925041,-58.06599920850967,6.739336627357174,2026,1,1,0,3,0,-1
Wildfire,-14.56148711295154,-45.4511923676248,6.739336627357174,2026,1,1,0,3,0,-1
Wildfire,-11.248130282890587,-43.35655186852393,6.739336627357174,2026,1,1,0,3,0,-1
Wildfire,-17.208015424542385,122.36627994809368,6.739336627357174,2026,1,1,0,3,0,-1
Wildfire,-12.466228002249428,-50.28924930333738,6.739336627357174,2026,1,1,0,3,0,-1
Wildfire,-16.023981715155696,38.93216796559732,6.739336627357174,2026,1,1,0,3,0,-1
Wildfire,-16.565207318647776,38.53145344431918,6.739336627357174,2026,1,1,0,3,0,-1
Wildfire,-15.976018010784154,17.72621233891542,6.739336627357174,2026,1,1,0,3,0,-1
Wildfire,-8.967534059801864,-50.6367303132461,6.739336627357174,2026,1,1,0,3,0,-1
Wildfire,-25.30492819078584,149.24833327174517,6.739336627357174,2026,1,1,0,3,0,-1
Wildfire,51.19152013080802,129.24158377859737,6.739336627357174,2026,1,1,0,3,0,-1
Wildfire,-12.40064134254362,36.84917612461282,6.739336627357174,2026,1,1,0,3,0,-1
Wildfire,40.70064309357382,-8.416357945283972,6.739336627357174,2026,1,1,0,3,0,-1
Wildfire,-19.9750248917823,32.76004810135442,6.739336627357174,2026,1,1,0,3,0,-1
Wildfire,-18.55305209702975,21.833854707283862,6.739336627357174,2026,1,1,0,3,0,-1
Wildfire,-11.719603154163636,-65.29869396024262,6.739336627357174,2026,1,1,0,3,0,-1
Wildfire,48.67565434079184,39.62468631717243,6.739336627357174,2026,1,1,0,3,0,-1
Wildfire,-15.6981453807345,36.92056364633671,6.739336627357174,2026,1,1,0,3,0,-1
Wildfire,-7.717119544848672,34.316466216727136,6.739336627357174,2026,1,1,0,3,0,-1
Wildfire,-16.019036018040257,36.56741802450088,6.739336627357174,2026,1,1,0,3,0,-1
Wildfire,-15.248630846315592,39.50802333575937,6.739336627357174,2026,1,1,0,3,0,-1
Wildfire,-16.791389405929348,38.95628549817255,6.739336627357174,2026,1,1,0,3,0,-1
Wildfire,-11.824796687881838,-51.86927801769299,6.739336627357174,2026,1,1,0,3,0,-1
Wildfire,-18.555261023661096,127.38581075652212,6.739336627357174,2026,1,1,0,3,0,-1
Wildfire,-17.352095306394563,128.11036909306816,6.739336627357174,2026,1,1,0,3,0,-1
Wildfire,-9.71001346986095,-51.67474039698765,6.739336627357174,2026,1,1,0,3,0,-1
Wildfire,-7.025238715947671,-52.23905858633714,6.739336627357174,2026,1,1,0,3,0,-1
Wildfire,-19.19538687004073,19.802339517802217,6.739336627357174,2026,1,1,0,3,0,-1
Wildfire,-9.242898058502448,30.74298693105852,6.739336627357174,2026,1,1,0,3,0,-1
Wildfire,-17.284139849107206,23.26505512599168,6.739336627357174,2026,1,1,0,3,0,-1
Wildfire,-3.8326274739496378,36.10048409398839,6.739336627357174,2026,1,1,0,3,0,-1
Wildfire,-13.010194212051594,31.55477186270031,6.739336627357174,2026,1,1,0,3,0,-1
Wildfire,41.10093237932577,-8.433412912443131,6.739336627357174,2026,1,1,0,3,0,-1
Wildfire,-12.572996409430552,-53.22615342004673,6.739336627357174,2026,1,1,0,3,0,-1
Wildfire,41.55032025411793,-7.897557084370321,6.739336627357174,2026,1,1,0,3,0,-1
Wildfire,-7.776502793166148,30.202812759128445,6.739336627357174,2026,1,1,0,3,0,-1
Wildfire,-9.128419423422544,-46.830431834182406,6.739336627357174,2026,1,1,0,3,0,-1
Wildfire,-15.923146972705318,37.987321439754666,6.739336627357174,2026,1,1,0,3,0,-1
Wildfire,-16.59565296945026,35.80435050718611,6.739336627357174,2026,1,1,0,3,0,-1
Wildfire,-15.9690522106729,16.208173184645492,6.739336627357174,2026,1,1,0,3,0,-1
Wildfire,-16.404400633438026,37.158916773581645,6.739336627357174,2026,1,1,0,3,0,-1
Wildfire,-16.596436092843675,38.07852830345091,6.739336627357174,2026,1,1,0,3,0,-1
Wildfire,43.3519444,-102.4622222,7.601402334583733,2026,1,1,0,3,0,-1
Wildfire,42.4295,-105.527833,8.160803920954665,2026,1,1,0,3,0,-1
Wildfire,43.35482406,-102.4504253,6.2166061010848646,2026,1,1,0,3,0,-1
Wildfire,-12.601747572965635,-65.32724492727641,6.739336627357174,2026,1,1,0,3,0,-1
Wildfire,-12.378502500860527,-50.8804735429236,6.739336627357174,2026,1,1,0,3,0,-1
Wildfire,-8.780011902052788,-50.033764909571374,6.739336627357174,2026,1,1,0,3,0,-1
Wildfire,-15.381740424764452,131.4610622404981,6.739336627357174,2026,1,1,0,3,0,-1
Wildfire,-8.593782835779063,17.224337208643124,6.739336627357174,2026,1,1,0,3,0,-1
Wildfire,-13.698629378256738,-65.53357510298113,6.739336627357174,2026,1,1,0,3,0,-1
Wildfire,-8.470186285663244,37.14920556017774,6.739336627357174,2026,1,1,0,3,0,-1
Wildfire,-9.281115241665749,34.26053043737095,6.739336627357174,2026,1,1,0,3,0,-1
Wildfire,-18.897813611577824,20.191521596343826,6.739336627357174,2026,1,1,0,3,0,-1
Wildfire,-25.218678528060128,147.46483148129883,6.739336627357174,2026,1,1,0,3,0,-1
Wildfire,51.17965741909184,117.50913385789949,6.739336627357174,2026,1,1,0,3,0,-1
Wildfire,-15.728565496252486,-54.255643150006286,6.739336627357174,2026,1,1,0,3,0,-1
Wildfire,-21.44060471232907,-44.76946333699773,6.739336627357174,2026,1,1,0,3,0,-1
Wildfire,-11.94729509911513,-51.53932733051439,6.739336627357174,2026,1,1,0,3,0,-1
Wildfire,-10.9072680929278,31.81636920080132,6.739336627357174,2026,1,1,0,3,0,-1
Wildfire,-16.910000905822486,36.494606697466175,6.739336627357174,2026,1,1,0,3,0,-1
Wildfire,-16.970304788833225,36.63189652154784,6.739336627357174,2026,1,1,0,3,0,-1
Wildfire,-16.917368348511655,36.504502471914016,6.739336627357174,2026,1,1,0,3,0,-1
Wildfire,-14.718219144692313,20.45290768072899,6.739336627357174,2026,1,1,0,3,0,-1
Wildfire,-9.63865291529014,-48.118999335434246,6.739336627357174,2026,1,1,0,3,0,-1
Wildfire,-14.726621042049132,20.447363440384294,6.739336627357174,2026,1,1,0,3,0,-1
Wildfire,-5.823533503794463,31.840879015134423,6.739336627357174,2026,1,1,0,3,0,-1
Wildfire,-10.595997343751025,29.735784445469967,6.739336627357174,2026,1,1,0,3,0,-1
Wildfire,-14.997236073104029,-58.03013457048953,6.739336627357174,2026,1,1,0,3,0,-1
Wildfire,-7.563892808947745,30.16923829876473,6.739336627357174,2026,1,1,0,3,0,-1
Wildfire,-16.45745892615216,37.33055478451029,6.739336627357174,2026,1,1,0,3,0,-1
Wildfire,-16.809225189483126,37.83196778534744,6.739336627357174,2026,1,1,0,3,0,-1
Wildfire,-16.505258406934995,38.66081375722017,6.739336627357174,2026,1,1,0,3,0,-1
Wildfire,-5.362646906308962,14.435756974792127,6.739336627357174,2026,1,1,0,3,0,-1
Wildfire,-17.27291471675322,36.97331848223459,6.739336627357174,2026,1,1,0,3,0,-1
Wildfire,-11.860480180839533,37.35588815753656,6.739336627357174,2026,1,1,0,3,0,-1
Wildfire,-18.35551502352552,35.25878811985664,6.739336627357174,2026,1,1,0,3,0,-1
Wildfire,-6.94276848453463,14.790753969150218,6.739336627357174,2026,1,1,0,3,0,-1
Wildfire,-15.408456884079545,38.92677590931751,6.739336627357174,2026,1,1,0,3,0,-1
Wildfire,-17.396058245639605,36.89968423749561,6.739336627357174,2026,1,1,0,3,0,-1
Wildfire,-16.49429260596623,36.89176420168242,6.739336627357174,2026,1,1,0,3,0,-1
Wildfire,46.0864627,-101.2336063,6.2166061010848646,2026,1,1,0,3,0,-1
Wildfire,43.5777778,-100.7616667,9.210440366976515,2026,1,1,0,3,0,-1
Wildfire,41.688278,-105.458417,7.260522598089852,2026,1,1,0,3,0,-1
Wildfire,-20.306370278972828,-47.86382747055583,6.739336627357174,2026,1,1,0,3,0,-1
Wildfire,-18.10840264614425,127.48530621013364,6.739336627357174,2026,1,1,0,3,0,-1
Wildfire,-19.178479899888508,138.93658737595197,6.739336627357174,2026,1,1,0,3,0,-1
Wildfire,-20.81168866161111,-47.82494458579703,6.739336627357174,2026,1,1,0,3,0,-1
Wildfire,-8.584370000103645,-50.577658785786895,6.739336627357174,2026,1,1,0,3,0,-1
Wildfire,-20.263230711197583,-49.0518889730736,6.739336627357174,2026,1,1,0,3,0,-1
Wildfire,-18.386477088091475,127.61081848851576,6.739336627357174,2026,1,1,0,3,0,-1
Wildfire,-9.595905931537436,-48.82882387373547,6.739336627357174,2026,1,1,0,3,0,-1
Wildfire,-13.532798274655413,131.81934952874772,6.739336627357174,2026,1,1,0,3,0,-1
Wildfire,-15.806535554731912,130.59249479972186,6.739336627357174,2026,1,1,0,3,0,-1
Wildfire,-10.944128590267155,-50.69381402055525,6.739336627357174,2026,1,1,0,3,0,-1
Wildfire,-14.12488866999124,131.88839386766008,6.739336627357174,2026,1,1,0,3,0,-1
Wildfire,-19.096431482681947,138.9009872525494,6.739336627357174,2026,1,1,0,3,0,-1
Wildfire,-18.206813653119426,-56.22542933755216,6.739336627357174,2026,1,1,0,3,0,-1
Wildfire,-7.810573443146354,34.47165014240843,6.739336627357174,2026,1,1,0,3,0,-1
Wildfire,-11.139946058728048,-50.73475473121033,6.739336627357174,2026,1,1,0,3,0,-1
Wildfire,-8.816627368582422,-62.02655318450845,6.739336627357174,2026,1,1,0,3,0,-1
Wildfire,-12.479726319129531,-50.57341808120971,6.739336627357174,2026,1,1,0,3,0,-1
Wildfire,-23.24587881574228,21.989526755888367,6.739336627357174,2026,1,1,0,3,0,-1
Wildfire,-23.78982880816295,24.06419835334053,6.739336627357174,2026,1,1,0,3,0,-1
Wildfire,-9.91101848645981,30.407650735443937,6.739336627357174,2026,1,1,0,3,0,-1
Wildfire,-15.690862047367771,130.51990423013538,6.739336627357174,2026,1,1,0,3,0,-1
Wildfire,-7.755270722304092,-46.83930117485869,6.739336627357174,2026,1,1,0,3,0,-1
Wildfire,-32.6940082857453,116.2476413996189,6.739336627357174,2026,1,1,0,3,0,-1
Wildfire,-12.644689793363517,-64.45937987711986,6.739336627357174,2026,1,1,0,3,0,-1
Wildfire,-11.771667823352724,36.57870948701753,6.739336627357174,2026,1,1,0,3,0,-1
Wildfire,-17.23154136028001,36.76648282649727,6.739336627357174,2026,1,1,0,3,0,-1
Wildfire,-16.687934263293208,38.20684975092572,6.739336627357174,2026,1,1,0,3,0,-1
Wildfire,-16.6267143180164,38.83706441011031,6.739336627357174,2026,1,1,0,3,0,-1
Wildfire,-15.330771419511771,38.78007784142217,6.739336627357174,2026,1,1,0,3,0,-1
Wildfire,-15.64476935257637,38.33242019438698,6.739336627357174,2026,1,1,0,3,0,-1
Wildfire,-18.880663933778163,33.87932113585527,6.739336627357174,2026,1,1,0,3,0,-1
Wildfire,-18.4268081503753,34.86582653747228,6.739336627357174,2026,1,1,0,3,0,-1
Wildfire,-18.90243305953086,33.1592768364504,6.739336627357174,2026,1,1,0,3,0,-1
Wildfire,-16.44899921259896,38.108872106282696,6.739336627357174,2026,1,1,0,3,0,-1
Wildfire,-16.20366634642521,37.38216579760684,6.739336627357174,2026,1,1,0,3,0,-1
Wildfire,44.955167,-105.61705,10.59665973278358,2026,1,1,0,3,0,-1
Wildfire,-20.85216770827345,-48.01815793233495,6.739336627357174,2026,1,1,0,3,0,-1
Wildfire,-15.763414438455111,14.727642743486888,6.739336627357174,2026,1,1,0,3,0,-1
Wildfire,-17.366336598333447,-57.8941475309453,6.739336627357174,2026,1,1,0,3,0,-1
Wildfire,-20.43362540335411,135.1717817556437,6.739336627357174,2026,1,1,0,3,0,-1
Wildfire,-9.703863508296225,-49.97500332891895,6.739336627357174,2026,1,1,0,3,0,-1
Wildfire,-20.698790011367063,-54.85750292003807,6.739336627357174,2026,1,1,0,3,0,-1
Wildfire,-9.735899200223136,-49.543842713327024,6.739336627357174,2026,1,1,0,3,0,-1
Wildfire,-15.397523260658268,133.9388433410664,6.739336627357174,2026,1,1,0,3,0,-1
Wildfire,-7.685631086210415,29.6582032566011,6.739336627357174,2026,1,1,0,3,0,-1
Wildfire,-10.726052616519848,31.71351862596688,6.739336627357174,2026,1,1,0,3,0,-1
Wildfire,-8.856846135272226,-44.17762983317328,6.739336627357174,2026,1,1,0,3,0,-1
Wildfire,-8.45586692799748,-50.97844919935124,6.739336627357174,2026,1,1,0,3,0,-1
Wildfire,-22.951002253435,33.14774345189008,6.739336627357174,2026,1,1,0,3,0,-1
Wildfire,-12.429366037165837,37.75863671254137,6.739336627357174,2026,1,1,0,3,0,-1
Wildfire,-4.855850949678232,30.85421805734147,6.739336627357174,2026,1,1,0,3,0,-1
Wildfire,-10.882357467757462,-51.13072915727557,6.739336627357174,2026,1,1,0,3,0,-1
Wildfire,-15.677864491339232,-55.88582061353594,6.739336627357174,2026,1,1,0,3,0,-1
Wildfire,-15.760887631397692,39.840653731252594,6.739336627357174,2026,1,1,0,3,0,-1
Wildfire,-5.975427025084162,31.770994719042307,6.739336627357174,2026,1,1,0,3,0,-1
Wildfire,-16.174478714047645,38.16928654752468,6.739336627357174,2026,1,1,0,3,0,-1
Wildfire,-11.117271055367986,31.667368502360382,6.739336627357174,2026,1,1,0,3,0,-1
Wildfire,-15.521424089293667,39.14013843928426,6.739336627357174,2026,1,1,0,3,0,-1
Wildfire,-8.801812726487526,30.770387799692354,6.739336627357174,2026,1,1,0,3,0,-1
Wildfire,-16.95146698120279,36.75830489577916,6.739336627357174,2026,1,1,0,3,0,-1
Wildfire,-12.898182546553468,31.38973980875837,6.739336627357174,2026,1,1,0,3,0,-1
Wildfire,33.963917,-112.042139,8.556606193773073,2026,1,1,0,3,0,-1
Wildfire,33.43905,-111.441367,9.39274525863144,2026,1,1,0,3,0,-1
Wildfire,45.351261,-120.015819,8.909370405197466,2026,1,1,0,3,0,-1
Wildfire,-16.76935303320321,17.611234939393924,6.739336627357174,2026,1,1,0,3,0,-1
Wildfire,-14.396768210435823,-64.46693429080143,6.739336627357174,2026,1,1,0,3,0,-1
Wildfire,-9.985929311353848,-48.43115006415052,6.739336627357174,2026,1,1,0,3,0,-1
Wildfire,-19.65966834815595,-52.65628801383743,6.739336627357174,2026,1,1,0,3,0,-1
Wildfire,-12.910750188705206,141.86333681738066,6.739336627357174,2026,1,1,0,3,0,-1
Wildfire,-21.197938293623707,145.39551323530242,6.739336627357174,2026,1,1,0,3,0,-1
Wildfire,33.66718647422531,-117.51567612656906,6.739336627357174,2026,1,1,0,3,0,-1
Wildfire,-19.701185563629927,-57.5991741668039,6.739336627357174,2026,1,1,0,3,0,-1
Wildfire,-8.622741905340504,-44.20123179821831,6.739336627357174,2026,1,1,0,3,0,-1
Wildfire,-14.88350867508034,-51.14086050787961,6.739336627357174,2026,1,1,0,3,0,-1
Wildfire,-10.613349771681634,31.748767311797256,6.739336627357174,2026,1,1,0,3,0,-1
Wildfire,-21.29871628108489,145.46349680948697,6.739336627357174,2026,1,1,0,3,0,-1
Wildfire,-9.740871036808448,31.05105023773237,6.739336627357174,2026,1,1,0,3,0,-1
Wildfire,-10.019512180768183,29.980479242770432,6.739336627357174,2026,1,1,0,3,0,-1
Wildfire,-6.173307774655821,31.785942688154908,6.739336627357174,2026,1,1,0,3,0,-1
Wildfire,-10.034948865338922,31.738220213861187,6.739336627357174,2026,1,1,0,3,0,-1
Wildfire,-9.584774811519791,31.567510376025663,6.739336627357174,2026,1,1,0,3,0,-1
Wildfire,-12.114117562382711,37.50976842925402,6.739336627357174,2026,1,1,0,3,0,-1
Wildfire,-21.4365032259084,-46.94384021556782,6.739336627357174,2026,1,1,0,3,0,-1
Wildfire,-15.020656619200128,-55.88629756806268,6.739336627357174,2026,1,1,0,3,0,-1
Wildfire,2.811448970609068,-75.38256274964401,6.739336627357174,2026,1,1,0,3,0,-1
Wildfire,-11.244770227031252,-46.269404085292,6.739336627357174,2026,1,1,0,3,0,-1
Wildfire,-17.214922558497914,23.161931011044786,6.739336627357174,2026,1,1,0,3,0,-1
Wildfire,-6.391695112983911,-49.9602812128113,6.739336627357174,2026,1,1,0,3,0,-1
Wildfire,-7.043297693451588,-47.66604645607274,6.739336627357174,2026,1,1,0,3,0,-1
Wildfire,-17.122829189416812,36.665792789797706,6.739336627357174,2026,1,1,0,3,0,-1
Wildfire,-10.569536759425583,35.2012148129427,6.739336627357174,2026,1,1,0,3,0,-1
Wildfire,43.607883,-108.11155,7.601402334583733,2026,1,1,0,3,0,-1
Wildfire,33.6625,-117.5816667,7.550135342488429,2026,1,1,0,3,0,-1
Wildfire,-15.34468223055612,14.286341412809492,6.739336627357174,2026,1,1,0,3,0,-1
Wildfire,-14.6488798969253,-54.066778593847886,6.739336627357174,2026,1,1,0,3,0,-1
Wildfire,-16.542345956633447,17.989166513464152,6.739336627357174,2026,1,1,0,3,0,-1
Wildfire,-12.600050090282926,37.76508433647011,6.739336627357174,2026,1,1,0,3,0,-1
Wildfire,-16.084652839276654,136.4407542686129,6.739336627357174,2026,1,1,0,3,0,-1
Wildfire,-22.299721303713586,-56.29440184993208,6.739336627357174,2026,1,1,0,3,0,-1
Wildfire,-12.871301937652298,-47.07709868734034,6.739336627357174,2026,1,1,0,3,0,-1
Wildfire,-10.118758807618548,-50.23605861213827,6.739336627357174,2026,1,1,0,3,0,-1
Wildfire,-15.861942123384669,-56.48398514420942,6.739336627357174,2026,1,1,0,3,0,-1
Wildfire,-18.470404074411817,127.6769428745573,6.739336627357174,2026,1,1,0,3,0,-1
Wildfire,-6.913465174049381,-46.6050445334142,6.739336627357174,2026,1,1,0,3,0,-1
Wildfire,-18.399566118098075,-52.97184247297659,6.739336627357174,2026,1,1,0,3,0,-1
Wildfire,-22.065828373143937,-48.03313091817321,6.739336627357174,2026,1,1,0,3,0,-1
Wildfire,-16.099641969590206,-55.36721248568087,6.739336627357174,2026,1,1,0,3,0,-1
Wildfire,-18.355565665307424,-50.507421884211055,6.739336627357174,2026,1,1,0,3,0,-1
Wildfire,-15.305925224113144,131.14082239246335,6.739336627357174,2026,1,1,0,3,0,-1
Wildfire,-16.65016745089853,-53.904519694390586,6.739336627357174,2026,1,1,0,3,0,-1
Wildfire,34.3116001158924,-117.70155770037336,6.739336627357174,2026,1,1,0,3,0,-1
Wildfire,-20.216876285676683,-57.96463817149856,6.739336627357174,2026,1,1,0,3,0,-1
Wildfire,-17.712991207037234,21.585429075895533,6.739336627357174,2026,1,1,0,3,0,-1
Wildfire,-15.345920298426073,14.424437474901728,6.739336627357174,2026,1,1,0,3,0,-1
Wildfire,-10.61555163216092,31.72477462287501,6.739336627357174,2026,1,1,0,3,0,-1
Wildfire,-12.97919440068785,-50.87694012713002,6.739336627357174,2026,1,1,0,3,0,-1
Wildfire,-15.392870467399394,135.3522904690017,6.739336627357174,2026,1,1,0,3,0,-1
Wildfire,-8.565856136250362,-47.31516654852405,6.739336627357174,2026,1,1,0,3,0,-1
Wildfire,-12.624892741031202,-64.52988435223746,6.739336627357174,2026,1,1,0,3,0,-1
Wildfire,-15.273429333540491,34.208116670660566,6.739336627357174,2026,1,1,0,3,0,-1
Wildfire,-10.393360152868093,35.34566945732852,6.739336627357174,2026,1,1,0,3,0,-1
Wildfire,42.565682,-115.871036,9.546884034617923,2026,1,1,0,3,0,-1
Wildfire,43.895717,-121.727467,6.90875477931522,2026,1,1,0,3,0,-1
Wildfire,-13.830756690834365,35.72458206243438,6.739336627357174,2026,1,1,0,3,0,-1
Wildfire,-12.311326134217706,37.71701045024721,6.739336627357174,2026,1,1,0,3,0,-1
Wildfire,-16.329452354704454,19.957627596933097,6.739336627357174,2026,1,1,0,3,0,-1
Wildfire,-15.12642805575482,36.93492592048542,6.739336627357174,2026,1,1,0,3,0,-1
Wildfire,-14.82898788736871,131.87807852972264,6.739336627357174,2026,1,1,0,3,0,-1
Wildfire,-17.695001535252395,-51.72689079355872,6.739336627357174,2026,1,1,0,3,0,-1
Wildfire,-16.205575423729258,-54.4304806151253,6.739336627357174,2026,1,1,0,3,0,-1
Wildfire,-17.46553693331542,-52.81971177749081,6.739336627357174,2026,1,1,0,3,0,-1
Wildfire,-18.116348270753136,-49.83867312803687,6.739336627357174,2026,1,1,0,3,0,-1
Wildfire,-17.92916845975991,-50.96794625191682,6.739336627357174,2026,1,1,0,3,0,-1
Wildfire,-7.959721560637487,30.321462605525536,6.739336627357174,2026,1,1,0,3,0,-1
Wildfire,-9.726177667211246,-53.525391966222806,6.739336627357174,2026,1,1,0,3,0,-1
Wildfire,-11.683897586222558,131.23809821961711,6.739336627357174,2026,1,1,0,3,0,-1
Wildfire,-11.290554194633623,-45.33705866837308,6.739336627357174,2026,1,1,0,3,0,-1
Wildfire,-14.97475596746946,133.94064364237198,6.739336627357174,2026,1,1,0,3,0,-1
Wildfire,-14.63746372051352,-45.343870065589726,6.739336627357174,2026,1,1,0,3,0,-1
Wildfire,-6.495574425303522,-49.72442599392616,6.739336627357174,2026,1,1,0,3,0,-1
Wildfire,-15.202511553363763,141.9223283779603,6.739336627357174,2026,1,1,0,3,0,-1
Wildfire,-17.602681445942824,-52.85884429529332,6.739336627357174,2026,1,1,0,3,0,-1
Wildfire,-18.14477003302531,20.720385836737403,6.739336627357174,2026,1,1,0,3,0,-1
Wildfire,-17.91113696520833,130.70990494755426,6.739336627357174,2026,1,1,0,3,0,-1
Wildfire,-9.213030436621048,-48.81070810485178,6.739336627357174,2026,1,1,0,3,0,-1
Wildfire,-17.503937366602752,-51.98487213420185,6.739336627357174,2026,1,1,0,3,0,-1
Wildfire,-14.83806154300671,-57.372564853565855,6.739336627357174,2026,1,1,0,3,0,-1
Wildfire,-8.90561788611075,-50.02237956325322,6.739336627357174,2026,1,1,0,3,0,-1
Wildfire,-10.986859817238718,30.65073230938829,6.739336627357174,2026,1,1,0,3,0,-1
Wildfire,-13.868351232435533,131.5325028861078,6.739336627357174,2026,1,1,0,3,0,-1
Wildfire,-17.75526770984163,-53.59406132991903,6.739336627357174,2026,1,1,0,3,0,-1
Wildfire,-12.554980784946473,-50.82543478813043,6.739336627357174,2026,1,1,0,3,0,-1
Wildfire,-14.351791735514436,-55.37897327460695,6.739336627357174,2026,1,1,0,3,0,-1
Wildfire,-10.79520187911728,-50.19672812461621,6.739336627357174,2026,1,1,0,3,0,-1
Wildfire,-14.544945619690893,-56.57271277265714,6.739336627357174,2026,1,1,0,3,0,-1
Wildfire,-8.681243041174849,-50.29294613662448,6.739336627357174,2026,1,1,0,3,0,-1
Wildfire,-19.338551905442067,-55.115694040374926,6.739336627357174,2026,1,1,0,3,0,-1
Wildfire,-14.778240235354726,38.23484193716149,6.739336627357174,2026,1,1,0,3,0,-1
Wildfire,33.387036,-117.351694,6.85751406254539,2026,1,1,0,3,0,-1
Wildfire,39.305,-119.8275,8.517393171418904,2026,1,1,0,3,0,-1
Wildfire,44.082833,-114.525667,7.313886831633462,2026,1,1,0,3,0,-1
Wildfire,44.144217,-121.842633,6.591673732008658,2026,1,1,0,3,0,-1
Wildfire,42.976667,-121.293167,7.696667081526462,2026,1,1,0,3,0,-1
Wildfire,43.637322,-120.972091,8.77971129020447,2026,1,1,0,3,0,-1
Wildfire,43.49705,-121.102133,9.523763287920112,2026,1,1,0,3,0,-1
Wildfire,43.295883,-120.737117,7.961370201719511,2026,1,1,0,3,0,-1
Wildfire,44.90148,-120.058147,9.616871578266345,2026,1,1,0,3,0,-1
Wildfire,-23.69694057937735,-57.58268066430553,6.739336627357174,2026,1,1,0,3,0,-1
Wildfire,-17.598136686410562,19.23786108089796,6.739336627357174,2026,1,1,0,3,0,-1
Wildfire,-12.304968808724986,36.986723863065386,6.739336627357174,2026,1,1,0,3,0,-1
Wildfire,-11.733022767780554,-50.451153423249984,6.739336627357174,2026,1,1,0,3,0,-1
Wildfire,44.92211140636342,-120.05162641202924,6.739336627357174,2026,1,1,0,3,0,-1
Wildfire,-18.55016510942208,-53.4915133853077,6.739336627357174,2026,1,1,0,3,0,-1
Wildfire,-2.689705881458102,27.390587577748693,6.739336627357174,2026,1,1,0,3,0,-1
Wildfire,-6.54209733399725,-51.50171717124526,6.739336627357174,2026,1,1,0,3,0,-1
Wildfire,43.671183322868266,-120.97372014335043,6.739336627357174,2026,1,1,0,3,0,-1
Wildfire,-22.49144589038348,-56.21099699918703,6.739336627357174,2026,1,1,0,3,0,-1
Wildfire,-2.517153234922957,26.59992298995236,6.739336627357174,2026,1,1,0,3,0,-1
Wildfire,43.88282135663567,-121.65554650836286,6.739336627357174,2026,1,1,0,3,0,-1
Wildfire,-22.917940169987123,-58.31020532611757,6.739336627357174,2026,1,1,0,3,0,-1
Wildfire,-19.676473642417225,-47.001519409644494,6.739336627357174,2026,1,1,0,3,0,-1
Wildfire,-9.85679428002523,31.02383231216854,6.739336627357174,2026,1,1,0,3,0,-1
Wildfire,-14.406060256931644,36.54449911705812,6.739336627357174,2026,1,1,0,3,0,-1
Wildfire,-17.050713199867197,17.956357487523984,6.739336627357174,2026,1,1,0,3,0,-1
Wildfire,-15.515179106934063,36.65074945610868,6.739336627357174,2026,1,1,0,3,0,-1
Wildfire,-23.2400568742476,-58.1054891812764,6.739336627357174,2026,1,1,0,3,0,-1
Wildfire,-16.48779144226149,38.3522915795767,6.739336627357174,2026,1,1,0,3,0,-1
Wildfire,-16.38207661126501,25.72869046911069,6.739336627357174,2026,1,1,0,3,0,-1
Wildfire,-15.965875512448765,-55.41798550370614,6.739336627357174,2026,1,1,0,3,0,-1
Wildfire,-14.94961622442448,-48.42757263851716,6.739336627357174,2026,1,1,0,3,0,-1
Wildfire,-10.196808938159148,-53.963709962753406,6.739336627357174,2026,1,1,0,3,0,-1
Wildfire,-11.101566319458165,-51.657600646967474,6.739336627357174,2026,1,1,0,3,0,-1
Wildfire,-15.690079004239117,-47.22787662938202,6.739336627357174,2026,1,1,0,3,0,-1
Wildfire,-16.337207338204532,137.0005581084432,6.739336627357174,2026,1,1,0,3,0,-1
Wildfire,43.5484572079417,-121.0691725010962,6.739336627357174,2026,1,1,0,3,0,-1
Wildfire,-15.93764400729655,-54.49682073059845,6.739336627357174,2026,1,1,0,3,0,-1
Wildfire,-24.071565661051576,-55.3953897608329,6.739336627357174,2026,1,1,0,3,0,-1
Wildfire,-10.776236280964696,31.558705290775546,6.739336627357174,2026,1,1,0,3,0,-1
Wildfire,-15.530577576108463,131.2563170727325,6.739336627357174,2026,1,1,0,3,0,-1
Wildfire,-15.93772219031185,-53.94468886124151,6.739336627357174,2026,1,1,0,3,0,-1
Wildfire,46.028452,-114.993138,7.141799204764635,2026,1,1,0,3,0,-1
Wildfire,36.13743,-120.210499,6.220590170099739,2026,1,1,0,3,0,-1
Wildfire,33.7172222,-87.2011111,6.236369590203704,2026,1,1,0,3,0,-1
Wildfire,-19.42495034237194,-58.91279009570057,6.739336627357174,2026,1,1,0,3,0,-1
Wildfire,-10.874555531543391,31.2654148026348,6.739336627357174,2026,1,1,0,3,0,-1
Wildfire,-31.15683984546468,26.946359918473743,6.739336627357174,2026,1,1,0,3,0,-1
Wildfire,-14.5139620994646,-57.968165813142406,6.739336627357174,2026,1,1,0,3,0,-1
Wildfire,-20.582491127968733,-51.43038903674652,6.739336627357174,2026,1,1,0,3,0,-1
Wildfire,-20.16595579240327,-47.75259479970126,6.739336627357174,2026,1,1,0,3,0,-1
Wildfire,-19.63020245278232,-58.90268324192142,6.739336627357174,2026,1,1,0,3,0,-1
Wildfire,36.121148,-120.618133,9.760136677640244,2026,1,1,0,3,0,-1
Wildfire,44.386459,-116.254458,6.280395838960195,2026,1,1,0,3,0,-1
Wildfire,43.572833,-119.270133,8.294299608857235,2026,1,1,0,3,0,-1
Wildfire,43.7845,-115.604383,6.415096959171596,2026,1,1,0,3,0,-1
Wildfire,33.201667,-111.108,6.68586094706836,2026,1,1,0,3,0,-1
Wildfire,42.738083,-118.913283,7.8636512654486515,2026,1,1,0,3,0,-1
Wildfire,44.1489692905301,-119.61971495465636,6.739336627357174,2026,1,1,0,3,0,-1
Wildfire,-10.34801940606756,-50.1167381782636,6.739336627357174,2026,1,1,0,3,0,-1
Wildfire,-9.378260583711096,-50.13420043336345,6.739336627357174,2026,1,1,0,3,0,-1
Wildfire,-18.87989203643322,-52.93134951426339,6.739336627357174,2026,1,1,0,3,0,-1
Wildfire,-17.56989486192413,138.66173451541636,6.739336627357174,2026,1,1,0,3,0,-1
Wildfire,-26.668464587689204,120.44501575430682,6.739336627357174,2026,1,1,0,3,0,-1
Wildfire,-7.988083471097104,15.069612152920296,6.739336627357174,2026,1,1,0,3,0,-1
Wildfire,36.16673578310175,-120.58162142566164,6.739336627357174,2026,1,1,0,3,0,-1
Wildfire,-11.076094069624922,-49.9997800691137,6.739336627357174,2026,1,1,0,3,0,-1
Wildfire,-16.85531612846015,136.75622493921676,6.739336627357174,2026,1,1,0,3,0,-1
Wildfire,-8.262251218824204,15.282949479267268,6.739336627357174,2026,1,1,0,3,0,-1
Wildfire,-8.498710635507669,15.257913604278864,6.739336627357174,2026,1,1,0,3,0,-1
Wildfire,-11.220278824309863,-47.11991379733076,6.739336627357174,2026,1,1,0,3,0,-1
Wildfire,-7.363858941606869,-45.10811118126179,6.739336627357174,2026,1,1,0,3,0,-1
Wildfire,-14.476182050520164,-52.93501949244869,6.739336627357174,2026,1,1,0,3,0,-1
Wildfire,-11.228766655916113,-50.477507136828734,6.739336627357174,2026,1,1,0,3,0,-1
Wildfire,-8.039557854102096,-47.7962655936124,6.739336627357174,2026,1,1,0,3,0,-1
Wildfire,-9.605919889910073,-47.24184642775646,6.739336627357174,2026,1,1,0,3,0,-1
Wildfire,-16.30674061067192,14.733269872119363,6.739336627357174,2026,1,1,0,3,0,-1
Wildfire,-28.28715217321193,31.058352711005323,6.739336627357174,2026,1,1,0,3,0,-1
Wildfire,44.322333,-116.439,6.90875477931522,2026,1,1,0,3,0,-1
Wildfire,39.59744,-120.21611,8.109525659752872,2026,1,1,0,3,0,-1
Wildfire,44.28,-119.607833,8.011686729127847,2026,1,1,0,3,0,-1
Wildfire,43.401,-114.323333,6.311734809152915,2026,1,1,0,3,0,-1
Wildfire,44.240833,-119.559833,8.95531908176395,2026,1,1,0,3,0,-1
Wildfire,43.4537,-115.0568,7.601402334583733,2026,1,1,0,3,0,-1
Wildfire,44.486176,-117.188927,7.601402334583733,2026,1,1,0,3,0,-1
Wildfire,43.744205,-117.961611,8.24301946898925,2026,1,1,0,3,0,-1
Wildfire,43.220271,-115.672065,8.542860938164814,2026,1,1,0,3,0,-1
Wildfire,45.292783,-121.048917,8.517393171418904,2026,1,1,0,3,0,-1
Wildfire,44.037217,-120.304833,7.090909822079984,2026,1,1,0,3,0,-1
Wildfire,33.235233,-111.126867,7.824445930877619,2026,1,1,0,3,0,-1
Wildfire,44.63049,-120.03841,8.006700845440367,2026,1,1,0,3,0,-1
Wildfire,-18.4070643610464,130.51993257445787,6.739336627357174,2026,1,1,0,3,0,-1
Wildfire,-8.167557376036036,25.954300027272986,6.739336627357174,2026,1,1,0,3,0,-1
Wildfire,-32.20737911998886,-64.79537128054015,6.739336627357174,2026,1,1,0,3,0,-1
Wildfire,-11.71928859620418,31.08824515014399,6.739336627357174,2026,1,1,0,3,0,-1
Wildfire,-15.662027675078743,128.13061295553436,6.739336627357174,2026,1,1,0,3,0,-1
Wildfire,-19.637127681786005,-59.0637192345041,6.739336627357174,2026,1,1,0,3,0,-1
Wildfire,44.46259010140113,-117.16387677156298,6.739336627357174,2026,1,1,0,3,0,-1
Wildfire,44.62607749081167,-119.99476823744266,6.739336627357174,2026,1,1,0,3,0,-1
Wildfire,44.04725369776717,-120.25084597751142,6.739336627357174,2026,1,1,0,3,0,-1
Wildfire,-5.846664867070346,31.754578190712664,6.739336627357174,2026,1,1,0,3,0,-1
Wildfire,-11.281846037631182,30.92600747396922,6.739336627357174,2026,1,1,0,3,0,-1
Wildfire,-10.771755348481983,29.47541099917124,6.739336627357174,2026,1,1,0,3,0,-1
Wildfire,-21.389580919084587,-56.97032486702023,6.739336627357174,2026,1,1,0,3,0,-1
Wildfire,-8.616267983138403,16.853799321791794,6.739336627357174,2026,1,1,0,3,0,-1
Wildfire,44.2298792337444,-119.56924244633012,6.739336627357174,2026,1,1,0,3,0,-1
Wildfire,-13.46673234395795,14.189434100786562,6.739336627357174,2026,1,1,0,3,0,-1
Wildfire,-16.966119660375224,128.22248171612932,6.739336627357174,2026,1,1,0,3,0,-1
Wildfire,-6.771037525480345,31.20002601624824,6.739336627357174,2026,1,1,0,3,0,-1
Wildfire,-20.864082205972263,-46.26193922748018,6.739336627357174,2026,1,1,0,3,0,-1
Wildfire,-7.413562388751381,-47.446652681485816,6.739336627357174,2026,1,1,0,3,0,-1
Wildfire,-14.595878991245916,-58.10071705271984,6.739336627357174,2026,1,1,0,3,0,-1
Wildfire,42.554333,-121.756,8.160803920954665,2026,1,1,0,3,0,-1
Wildfire,33.823221,-116.974801,6.249975242259483,2026,1,1,0,3,0,-1
Wildfire,44.936167,-105.76688,7.451241684987676,2026,1,1,0,3,0,-1
Wildfire,34.267167,-111.998667,7.00397413672268,2026,1,1,0,3,0,-1
Wildfire,34.14465,-112.1289,7.8636512654486515,2026,1,1,0,3,0,-1
Wildfire,-20.315855435840987,-46.785481367966575,6.739336627357174,2026,1,1,0,3,0,-1
Wildfire,-14.880407293267814,133.64577113232974,6.739336627357174,2026,1,1,0,3,0,-1
Wildfire,-14.07582251409772,-64.5125156353438,6.739336627357174,2026,1,1,0,3,0,-1
Wildfire,-7.314172825300785,-49.04564203328207,6.739336627357174,2026,1,1,0,3,0,-1
Wildfire,-13.736921220487234,-54.130987638845376,6.739336627357174,2026,1,1,0,3,0,-1
Wildfire,-7.789230605172984,15.00648313622433,6.739336627357174,2026,1,1,0,3,0,-1
Wildfire,-12.92448920249944,-65.83004511391799,6.739336627357174,2026,1,1,0,3,0,-1
Wildfire,-11.17047664773902,-50.54083845847284,6.739336627357174,2026,1,1,0,3,0,-1
Wildfire,-19.161449249155343,134.1515557349691,6.739336627357174,2026,1,1,0,3,0,-1
Wildfire,41.28501324742258,21.64172410254609,6.739336627357174,2026,1,1,0,3,0,-1
Wildfire,-10.131937729317723,31.63898875736765,6.739336627357174,2026,1,1,0,3,0,-1
Wildfire,-9.157048653780828,-50.76806132361197,6.739336627357174,2026,1,1,0,3,0,-1
Wildfire,36.591633,-113.658033,6.638567789166521,2026,1,1,0,3,0,-1
Wildfire,-11.836656934658494,-50.8927867944357,6.739336627357174,2026,1,1,0,3,0,-1
Wildfire,55.935335569740346,-107.07347887636791,6.739336627357174,2026,1,1,0,3,0,-1
Wildfire,-16.640794252466367,17.001360816529125,6.739336627357174,2026,1,1,0,3,0,-1
Wildfire,-9.55507060298528,29.57556902823709,6.739336627357174,2026,1,1,0,3,0,-1
Wildfire,-13.482668990509662,130.62873291611618,6.739336627357174,2026,1,1,0,3,0,-1
Wildfire,-10.883032456420397,-46.46898607375892,6.739336627357174,2026,1,1,0,3,0,-1
Wildfire,-11.310788123853149,31.042024198416456,6.739336627357174,2026,1,1,0,3,0,-1
Wildfire,-11.76828144093896,31.02721539428445,6.739336627357174,2026,1,1,0,3,0,-1
Wildfire,-22.09829512138802,-56.09284387705917,6.739336627357174,2026,1,1,0,3,0,-1
Wildfire,-14.587226381367556,-56.13977430820714,6.739336627357174,2026,1,1,0,3,0,-1
Wildfire,-14.569697503860828,-55.298554569922274,6.739336627357174,2026,1,1,0,3,0,-1
Wildfire,-10.340340246258558,-47.25324994034558,6.739336627357174,2026,1,1,0,3,0,-1
Wildfire,-16.728095955399073,128.12588496077018,6.739336627357174,2026,1,1,0,3,0,-1
Wildfire,-11.7156094066636,-50.14830232953232,6.739336627357174,2026,1,1,0,3,0,-1
Wildfire,-10.777067867249135,31.271129470909543,6.739336627357174,2026,1,1,0,3,0,-1
Wildfire,-9.591899250130483,-54.87142626514294,6.739336627357174,2026,1,1,0,3,0,-1
Wildfire,-19.357612515021177,-54.80183650131299,6.739336627357174,2026,1,1,0,3,0,-1
Wildfire,-15.419833982098863,-60.87264251036574,6.739336627357174,2026,1,1,0,3,0,-1
Wildfire,-7.9596733469819645,-63.83010033181576,6.739336627357174,2026,1,1,0,3,0,-1
Wildfire,-6.716929884574821,-48.57887519211669,6.739336627357174,2026,1,1,0,3,0,-1
Wildfire,-14.945597499204704,-49.002300914331954,6.739336627357174,2026,1,1,0,3,0,-1
Wildfire,-8.283565739073827,17.367352310119255,6.739336627357174,2026,1,1,0,3,0,-1
Wildfire,-9.347212180004467,-50.48428337369067,6.739336627357174,2026,1,1,0,3,0,-1
Wildfire,-13.238812940921138,17.803435101244865,6.739336627357174,2026,1,1,0,3,0,-1
Wildfire,-13.900963276263733,-56.751161591192826,6.739336627357174,2026,1,1,0,3,0,-1
Wildfire,-8.362230351149538,-46.71532450597484,6.739336627357174,2026,1,1,0,3,0,-1
Wildfire,-15.73247028885095,-57.04785314559446,6.739336627357174,2026,1,1,0,3,0,-1
Wildfire,-14.015991048958597,-55.72686015296203,6.739336627357174,2026,1,1,0,3,0,-1
Wildfire,-12.697284946877712,132.07153947010914,6.739336627357174,2026,1,1,0,3,0,-1
Wildfire,-13.077261664145407,-59.02426440788547,6.739336627357174,2026,1,1,0,3,0,-1
Wildfire,-9.125414875333515,30.31290058284289,6.739336627357174,2026,1,1,0,3,0,-1
Wildfire,-9.539511280976717,29.596014999145385,6.739336627357174,2026,1,1,0,3,0,-1
Wildfire,-12.671351238393932,30.714749062786456,6.739336627357174,2026,1,1,0,3,0,-1
Wildfire,-11.102504103772295,31.04084855808498,6.739336627357174,2026,1,1,0,3,0,-1
Wildfire,31.05635,-88.859583,7.447751280047908,2026,1,1,0,3,0,-1
Wildfire,31.0565,-88.928,7.7702232041587855,2026,1,1,0,3,0,-1
Wildfire,-19.526406500532584,-55.8667119654897,6.739336627357174,2026,1,1,0,3,0,-1
Wildfire,-10.732013777001203,14.769950366622066,6.739336627357174,2026,1,1,0,3,0,-1
Wildfire,-31.124410845214904,28.042633154088687,6.739336627357174,2026,1,1,0,3,0,-1
Wildfire,-10.784429755501789,29.25018318049874,6.739336627357174,2026,1,1,0,3,0,-1
Wildfire,-15.538254064418906,-59.17890035618194,6.739336627357174,2026,1,1,0,3,0,-1
Wildfire,-31.024434222934392,28.127271447063016,6.739336627357174,2026,1,1,0,3,0,-1
Wildfire,-15.023099054355512,-58.79332311081732,6.739336627357174,2026,1,1,0,3,0,-1
Wildfire,-14.892569105311656,-55.688173125805406,6.739336627357174,2026,1,1,0,3,0,-1
Wildfire,-16.337720187654963,-59.494505833762005,6.739336627357174,2026,1,1,0,3,0,-1
Wildfire,-12.782518542828347,-58.348209533022136,6.739336627357174,2026,1,1,0,3,0,-1
Wildfire,-14.532312606205778,-53.40644896091516,6.739336627357174,2026,1,1,0,3,0,-1
Wildfire,-9.176292029426056,-51.86209065435435,6.739336627357174,2026,1,1,0,3,0,-1
Wildfire,-10.316224649129431,-49.7410717850921,6.739336627357174,2026,1,1,0,3,0,-1
Wildfire,-8.049246754098215,-47.06250009296384,6.739336627357174,2026,1,1,0,3,0,-1
Wildfire,-11.643575322283052,-50.30860566118717,6.739336627357174,2026,1,1,0,3,0,-1
Wildfire,-14.199249586957556,-54.71175259465374,6.739336627357174,2026,1,1,0,3,0,-1
Wildfire,-16.744211179148028,17.192252199924976,6.739336627357174,2026,1,1,0,3,0,-1
Wildfire,-6.830398627105168,-42.912039638114486,6.739336627357174,2026,1,1,0,3,0,-1
Wildfire,-7.057628915600055,-47.479332852700885,6.739336627357174,2026,1,1,0,3,0,-1
Wildfire,-9.69219910840647,-53.65406429444766,6.739336627357174,2026,1,1,0,3,0,-1
Wildfire,-9.418969986220636,-57.00195401592264,6.739336627357174,2026,1,1,0,3,0,-1
Wildfire,-13.360805862902886,135.66271710302877,6.739336627357174,2026,1,1,0,3,0,-1
Wildfire,-9.906176574412877,31.667447663834995,6.739336627357174,2026,1,1,0,3,0,-1
Wildfire,43.777617,-104.773967,6.941190055068375,2026,1,1,0,3,0,-1
Wildfire,43.903968,-104.376313,7.247842402590825,2026,1,1,0,3,0,-1
Wildfire,43.599883,-104.438083,7.209547335752259,2026,1,1,0,3,0,-1
Wildfire,47.065,-118.6926667,7.378383712996714,2026,1,1,0,3,0,-1
Wildfire,-17.93766902400315,137.9625450702486,6.739336627357174,2026,1,1,0,3,0,-1
Wildfire,-28.37863506019541,28.82098547751834,6.739336627357174,2026,1,1,0,3,0,-1
Wildfire,-9.876290035915671,-53.82180323107991,6.739336627357174,2026,1,1,0,3,0,-1
Wildfire,56.9872132980402,-94.52427077269184,6.739336627357174,2026,1,1,0,3,0,-1
Wildfire,-9.854193138440715,-50.43783051991626,6.739336627357174,2026,1,1,0,3,0,-1
Wildfire,-10.598112837221231,-52.06326838594547,6.739336627357174,2026,1,1,0,3,0,-1
Wildfire,55.89747434821418,-107.4675873416706,6.739336627357174,2026,1,1,0,3,0,-1
Wildfire,-12.638029386607508,-48.40540604289469,6.739336627357174,2026,1,1,0,3,0,-1
Wildfire,-9.378814635617964,-47.48389463469966,6.739336627357174,2026,1,1,0,3,0,-1
Wildfire,-15.145794251760172,-55.17884279495596,6.739336627357174,2026,1,1,0,3,0,-1
Wildfire,-9.504366256487154,-49.278871264308826,6.739336627357174,2026,1,1,0,3,0,-1
Wildfire,-14.87136394809122,18.528268309546352,6.739336627357174,2026,1,1,0,3,0,-1
Wildfire,-12.86115833337514,-67.27195703598032,6.739336627357174,2026,1,1,0,3,0,-1
Wildfire,-20.78320759269201,-57.45189349791982,6.739336627357174,2026,1,1,0,3,0,-1
Wildfire,-14.988069791829306,-64.50551941097261,6.739336627357174,2026,1,1,0,3,0,-1
Wildfire,-10.74525835408603,-57.7531017647057,6.739336627357174,2026,1,1,0,3,0,-1
Wildfire,-9.436346832062638,-47.39096983330294,6.739336627357174,2026,1,1,0,3,0,-1
Wildfire,-18.97385735621928,133.8611424302848,6.739336627357174,2026,1,1,0,3,0,-1
Wildfire,-12.315134220706078,-66.74350064648819,6.739336627357174,2026,1,1,0,3,0,-1
Wildfire,-15.460367553133628,17.894617901872415,6.739336627357174,2026,1,1,0,3,0,-1
Wildfire,-21.01739994356281,-57.96709946485569,6.739336627357174,2026,1,1,0,3,0,-1
Wildfire,-8.461793773578199,-43.44998492194396,6.739336627357174,2026,1,1,0,3,0,-1
Wildfire,-8.923213776953398,-66.66967664747122,6.739336627357174,2026,1,1,0,3,0,-1
Wildfire,-7.851546883208038,-55.04287404723046,6.739336627357174,2026,1,1,0,3,0,-1
Wildfire,-8.102957561794385,-48.26575501581868,6.739336627357174,2026,1,1,0,3,0,-1
Wildfire,-17.11821662205105,17.627013371311392,6.739336627357174,2026,1,1,0,3,0,-1
Wildfire,-10.043095365089936,-53.98878196649047,6.739336627357174,2026,1,1,0,3,0,-1
Wildfire,-13.242357249770231,-57.205933171339545,6.739336627357174,2026,1,1,0,3,0,-1
Wildfire,42.915867,-122.9368,6.90875477931522,2026,1,1,0,3,0,-1
Wildfire,-28.1300717940603,29.77516664548783,6.739336627357174,2026,1,1,0,3,0,-1
Wildfire,-13.80028578245,-58.13729034505276,6.739336627357174,2026,1,1,0,3,0,-1
Wildfire,-22.70297676318064,31.228157171619333,6.739336627357174,2026,1,1,0,3,0,-1
Wildfire,-27.403867797582937,29.279561614163,6.739336627357174,2026,1,1,0,3,0,-1
Wildfire,57.01594283676868,-94.37444382312472,6.739336627357174,2026,1,1,0,3,0,-1
Wildfire,-16.068181498094592,135.96665078780524,6.739336627357174,2026,1,1,0,3,0,-1
Wildfire,-12.340405196111234,29.420010868860693,6.739336627357174,2026,1,1,0,3,0,-1
Wildfire,-28.38984047482361,28.640314450822952,6.739336627357174,2026,1,1,0,3,0,-1
Wildfire,-12.340746126864078,-66.56415071148983,6.739336627357174,2026,1,1,0,3,0,-1
Wildfire,-20.422579966941697,-57.84892284733112,6.739336627357174,2026,1,1,0,3,0,-1
Wildfire,-11.41546858775609,-50.58779388902461,6.739336627357174,2026,1,1,0,3,0,-1
Wildfire,-10.357931685994652,-49.95892830294065,6.739336627357174,2026,1,1,0,3,0,-1
Wildfire,-15.28663264884939,20.426122570305868,6.739336627357174,2026,1,1,0,3,0,-1
Wildfire,-9.325201870968206,-47.38459895669987,6.739336627357174,2026,1,1,0,3,0,-1
Wildfire,-2.652882638054558,26.084706428245767,6.739336627357174,2026,1,1,0,3,0,-1
Wildfire,-16.98340338761998,-59.464665462487,6.739336627357174,2026,1,1,0,3,0,-1
Wildfire,-11.075213809927458,-47.229078343360506,6.739336627357174,2026,1,1,0,3,0,-1
Wildfire,-16.39668856814427,18.6997968755704,6.739336627357174,2026,1,1,0,3,0,-1
Wildfire,-13.1871242448417,-59.03835456739478,6.739336627357174,2026,1,1,0,3,0,-1
Wildfire,-13.043308120893816,-66.83032315758852,6.739336627357174,2026,1,1,0,3,0,-1
Wildfire,-6.416135713501843,-55.31007954749607,6.739336627357174,2026,1,1,0,3,0,-1
Wildfire,-17.183034229857384,124.99849251672606,6.739336627357174,2026,1,1,0,3,0,-1
Wildfire,-17.337035097625495,20.355006329931246,6.739336627357174,2026,1,1,0,3,0,-1
Wildfire,-17.315278609251184,-58.01293875857812,6.739336627357174,2026,1,1,0,3,0,-1
Wildfire,-7.799024428076027,25.90264028049735,6.739336627357174,2026,1,1,0,3,0,-1
Wildfire,-9.200327144160768,24.90450531483257,6.739336627357174,2026,1,1,0,3,0,-1
Wildfire,-12.935405790359496,-65.63484223504727,6.739336627357174,2026,1,1,0,3,0,-1
Wildfire,-19.02638691429805,134.05803464376638,6.739336627357174,2026,1,1,0,3,0,-1
Wildfire,-6.448770742502745,-59.97973546367216,6.739336627357174,2026,1,1,0,3,0,-1
Wildfire,-12.829367231249485,-50.67563843899066,6.739336627357174,2026,1,1,0,3,0,-1
Wildfire,-9.807420019819842,-47.17675238687669,6.739336627357174,2026,1,1,0,3,0,-1
Wildfire,-13.158828939240331,21.14085140769316,6.739336627357174,2026,1,1,0,3,0,-1
Wildfire,-11.314577598974177,29.31235817442936,6.739336627357174,2026,1,1,0,3,0,-1
Wildfire,55.94365510837186,-102.24340547040214,6.739336627357174,2026,1,1,0,3,0,-1
Wildfire,-15.089268117344355,15.137074625255329,6.739336627357174,2026,1,1,0,3,0,-1
Wildfire,-15.967951176346524,19.491099903624484,6.739336627357174,2026,1,1,0,3,0,-1
Wildfire,-16.96561850150292,136.1071654821835,6.739336627357174,2026,1,1,0,3,0,-1
Wildfire,-16.39960180606562,30.1797078761198,6.739336627357174,2026,1,1,0,3,0,-1
Wildfire,-15.928696185821474,-57.35899067700471,6.739336627357174,2026,1,1,0,3,0,-1
Wildfire,45.80979954638759,37.94377663833649,6.739336627357174,2026,1,1,0,3,0,-1
Wildfire,-16.557820838175555,-61.58854428203952,6.739336627357174,2026,1,1,0,3,0,-1
Wildfire,-10.49079630885506,-46.6375881528076,6.739336627357174,2026,1,1,0,3,0,-1
Wildfire,-20.442120834051583,-58.64737639531851,6.739336627357174,2026,1,1,0,3,0,-1
Wildfire,-15.686381865482929,21.02395511218617,6.739336627357174,2026,1,1,0,3,0,-1
Wildfire,-16.987735159796294,17.709744066578235,6.739336627357174,2026,1,1,0,3,0,-1
Wildfire,-13.53795409341346,20.055410357344385,6.739336627357174,2026,1,1,0,3,0,-1
Wildfire,-25.43525546413931,148.14896519921857,6.739336627357174,2026,1,1,0,3,0,-1
Wildfire,-16.055679779604294,16.166187320654416,6.739336627357174,2026,1,1,0,3,0,-1
Wildfire,-16.407366493434587,16.377222131730058,6.739336627357174,2026,1,1,0,3,0,-1
Wildfire,-17.40924482673666,21.0632058382764,6.739336627357174,2026,1,1,0,3,0,-1
Wildfire,-15.289000992119735,20.43662682232736,6.739336627357174,2026,1,1,0,3,0,-1
Wildfire,-12.032056595472431,-64.89994178536996,6.739336627357174,2026,1,1,0,3,0,-1
Wildfire,-11.833740521513068,133.2462263792005,6.739336627357174,2026,1,1,0,3,0,-1
Wildfire,-16.342343537082353,-64.03499099958431,6.739336627357174,2026,1,1,0,3,0,-1
Wildfire,-17.431113112557867,-59.83155255007331,6.739336627357174,2026,1,1,0,3,0,-1
Wildfire,-7.831229738803737,16.380455511348288,6.739336627357174,2026,1,1,0,3,0,-1
Wildfire,-13.49890161653268,-55.29968704771523,6.739336627357174,2026,1,1,0,3,0,-1
Wildfire,-14.511848932816678,-45.51688185256028,6.739336627357174,2026,1,1,0,3,0,-1
Wildfire,-10.228953616481316,20.94899746006543,6.739336627357174,2026,1,1,0,3,0,-1
Wildfire,45.71999990633147,37.94994128602011,6.739336627357174,2026,1,1,0,3,0,-1
Wildfire,-12.943721233570374,-50.666339070785305,6.739336627357174,2026,1,1,0,3,0,-1
Wildfire,-13.422005052682758,-55.34144325972393,6.739336627357174,2026,1,1,0,3,0,-1
Wildfire,-11.935732378531222,-65.44938542956007,6.739336627357174,2026,1,1,0,3,0,-1
Wildfire,-12.486551602213128,-66.5286612413138,6.739336627357174,2026,1,1,0,3,0,-1
Wildfire,-12.011802334820858,-65.38391165346754,6.739336627357174,2026,1,1,0,3,0,-1
Wildfire,-11.420783696806804,-47.38047536160841,6.739336627357174,2026,1,1,0,3,0,-1
Wildfire,-2.1258681026553234,13.944539172914032,6.739336627357174,2026,1,1,0,3,0,-1
Wildfire,-12.924118912657576,-66.0464624223979,6.739336627357174,2026,1,1,0,3,0,-1
Wildfire,-8.3119436694506,-44.688464930272815,6.739336627357174,2026,1,1,0,3,0,-1
Wildfire,-9.67530480128702,-46.16299682636974,6.739336627357174,2026,1,1,0,3,0,-1
Wildfire,-8.713129305888147,-61.78321317932686,6.739336627357174,2026,1,1,0,3,0,-1
Wildfire,-8.93243849016887,25.257233222782865,6.739336627357174,2026,1,1,0,3,0,-1
Wildfire,44.29543899680792,-115.17164101808618,6.739336627357174,2026,1,1,0,3,0,-1
Wildfire,-10.932211507987535,29.400860317600245,6.739336627357174,2026,1,1,0,3,0,-1
Wildfire,-6.942784300841649,-62.93883379858504,6.739336627357174,2026,1,1,0,3,0,-1
Wildfire,-19.3804508498757,133.61196269930406,6.739336627357174,2026,1,1,0,3,0,-1
Wildfire,-16.403905959744257,-61.61578624204961,6.739336627357174,2026,1,1,0,3,0,-1
Wildfire,-20.92167769742116,-57.54811271717188,6.739336627357174,2026,1,1,0,3,0,-1
Wildfire,-11.408068672034783,-50.59547072934328,6.739336627357174,2026,1,1,0,3,0,-1
Wildfire,39.994523,-112.275462,8.006700845440367,2026,1,1,0,3,0,-1
Wildfire,45.38328920895123,-106.36354236645532,6.739336627357174,2026,1,1,0,3,0,-1
Wildfire,-27.969703896510985,150.8099744643265,6.739336627357174,2026,1,1,0,3,0,-1
Wildfire,-21.04134086500815,-47.51017879935444,6.739336627357174,2026,1,1,0,3,0,-1
Wildfire,-12.435845720314292,-47.13571196191928,6.739336627357174,2026,1,1,0,3,0,-1
Wildfire,-14.0374111459045,-58.44538055044593,6.739336627357174,2026,1,1,0,3,0,-1
Wildfire,4.2417702414591805,37.358792047399376,6.739336627357174,2026,1,1,0,3,0,-1
Wildfire,-16.667961153426358,126.34047170748032,6.739336627357174,2026,1,1,0,3,0,-1
Wildfire,-2.2369500604904564,35.243197074525625,6.739336627357174,2026,1,1,0,3,0,-1
Wildfire,-10.924076092431228,-50.38290303992895,6.739336627357174,2026,1,1,0,3,0,-1
Wildfire,-14.28240604616933,-53.808647963300345,6.739336627357174,2026,1,1,0,3,0,-1
Wildfire,-8.692718800453806,-47.43785828517075,6.739336627357174,2026,1,1,0,3,0,-1
Wildfire,-12.946944955566096,-50.59977501222929,6.739336627357174,2026,1,1,0,3,0,-1
Wildfire,-11.51453460449965,-57.96099560297004,6.739336627357174,2026,1,1,0,3,0,-1
Wildfire,-7.8561043678686415,-49.89045466906597,6.739336627357174,2026,1,1,0,3,0,-1
Wildfire,-11.662777069878596,-50.58032141375263,6.739336627357174,2026,1,1,0,3,0,-1
Wildfire,-8.949215463031129,-45.91549460227283,6.739336627357174,2026,1,1,0,3,0,-1
Wildfire,-3.18974148132697,22.36940835267584,6.739336627357174,2026,1,1,0,3,0,-1
Wildfire,-16.838567590500098,18.77389734280564,6.739336627357174,2026,1,1,0,3,0,-1
Wildfire,-4.369262884353557,-79.36349199928159,6.739336627357174,2026,1,1,0,3,0,-1
Wildfire,-13.947347041835094,-54.02666696970719,6.739336627357174,2026,1,1,0,3,0,-1
Wildfire,-9.086992185227224,-60.99227850665525,6.739336627357174,2026,1,1,0,3,0,-1
Wildfire,-10.323148077908378,18.81049138892073,6.739336627357174,2026,1,1,0,3,0,-1
Wildfire,-16.476849645262085,20.17584251751213,6.739336627357174,2026,1,1,0,3,0,-1
Wildfire,46.508701,-114.18433,6.955592608396297,2026,1,1,0,3,0,-1
Wildfire,45.0139,-113.352767,8.13593277200489,2026,1,1,0,3,0,-1
Wildfire,36.949423,-103.690096,7.313886831633462,2026,1,1,0,3,0,-1
Wildfire,36.9375,-103.7353,6.478509642208569,2026,1,1,0,3,0,-1
Wildfire,45.12679610867509,-106.32554029425816,6.739336627357174,2026,1,1,0,3,0,-1
Wildfire,-21.17610546045532,-49.32942671313212,6.739336627357174,2026,1,1,0,3,0,-1
Wildfire,-12.762815414157329,-66.76547623636742,6.739336627357174,2026,1,1,0,3,0,-1
Wildfire,-12.517446569923775,-65.5033251806259,6.739336627357174,2026,1,1,0,3,0,-1
Wildfire,-24.68250635250668,146.9654956965088,6.739336627357174,2026,1,1,0,3,0,-1
Wildfire,-21.368832144922404,-47.36415038425757,6.739336627357174,2026,1,1,0,3,0,-1
Wildfire,-12.166429157928256,20.644156093147107,6.739336627357174,2026,1,1,0,3,0,-1
Wildfire,-15.945295119152892,13.97671094396715,6.739336627357174,2026,1,1,0,3,0,-1
Wildfire,-18.408537279361937,-53.11052931992168,6.739336627357174,2026,1,1,0,3,0,-1
Wildfire,-19.92411727347699,-48.03923403475388,6.739336627357174,2026,1,1,0,3,0,-1
Wildfire,-20.79091240801943,-51.20886495597088,6.739336627357174,2026,1,1,0,3,0,-1
Wildfire,-19.74963901800284,-52.46168458719419,6.739336627357174,2026,1,1,0,3,0,-1
Wildfire,-21.340945887999304,-47.90180778274633,6.739336627357174,2026,1,1,0,3,0,-1
Wildfire,-18.46472366651044,-52.48748446570702,6.739336627357174,2026,1,1,0,3,0,-1
Wildfire,-21.198830473811565,-48.20141677956445,6.739336627357174,2026,1,1,0,3,0,-1
Wildfire,-19.820112938482183,-48.579284009718464,6.739336627357174,2026,1,1,0,3,0,-1
Wildfire,-12.967749889867472,131.36250747645883,6.739336627357174,2026,1,1,0,3,0,-1
Wildfire,-9.889682416547467,-46.4083730301432,6.739336627357174,2026,1,1,0,3,0,-1
Wildfire,-11.905981100738163,-51.03504111230261,6.739336627357174,2026,1,1,0,3,0,-1
Wildfire,-15.72493316265466,16.18511006610515,6.739336627357174,2026,1,1,0,3,0,-1
Wildfire,-13.69068575649545,-58.05861131184149,6.739336627357174,2026,1,1,0,3,0,-1
Wildfire,-12.394560302738972,29.94820562211501,6.739336627357174,2026,1,1,0,3,0,-1
Wildfire,43.13913385149159,22.76107297164187,6.739336627357174,2026,1,1,0,3,0,-1
Wildfire,-16.947072731507646,18.722408345622668,6.739336627357174,2026,1,1,0,3,0,-1
Wildfire,-2.3520976327507075,35.238619655932155,6.739336627357174,2026,1,1,0,3,0,-1
Wildfire,-8.650750234642093,23.90194411159992,6.739336627357174,2026,1,1,0,3,0,-1
Wildfire,-10.013014896660671,29.315365054479205,6.739336627357174,2026,1,1,0,3,0,-1
Wildfire,-8.250260715361128,30.055976212026263,6.739336627357174,2026,1,1,0,3,0,-1
Wildfire,-13.465387922496475,-41.95136319168271,6.739336627357174,2026,1,1,0,3,0,-1
Wildfire,-10.639844496721713,-45.544170556069126,6.739336627357174,2026,1,1,0,3,0,-1
Wildfire,-15.174868777532382,-52.81518669738946,6.739336627357174,2026,1,1,0,3,0,-1
Wildfire,-5.345616354922998,28.860593099881083,6.739336627357174,2026,1,1,0,3,0,-1
Wildfire,45.721,-106.9085,7.090909822079984,2026,1,1,0,3,0,-1
Wildfire,37.24875,-116.52825,8.971702399703325,2026,1,1,0,3,0,-1
Wildfire,36.948628,-103.644364,6.746412128573375,2026,1,1,0,3,0,-1
Wildfire,44.94164,-106.07122,12.1878475732395,2026,1,1,0,3,0,-1
Wildfire,43.893833,-102.355533,7.580699752224563,2026,1,1,0,3,0,-1
Wildfire,44.35377,-105.579417,10.8704713987258,2026,1,1,0,3,0,-1
Wildfire,44.535534,-105.486581,10.11029844922944,2026,1,1,0,3,0,-1
Wildfire,42.764619,-105.686572,7.258412150595307,2026,1,1,0,3,0,-1
Wildfire,-23.532927711672336,-53.95031994977418,6.739336627357174,2026,1,1,0,3,0,-1
Wildfire,43.88414562937104,-106.35384764632052,6.739336627357174,2026,1,1,0,3,0,-1
Wildfire,-16.783288518511462,-54.8128023253135,6.739336627357174,2026,1,1,0,3,0,-1
Wildfire,-20.19199338075808,-49.77743371121439,6.739336627357174,2026,1,1,0,3,0,-1
Wildfire,44.30597364814109,-105.79319553703952,6.739336627357174,2026,1,1,0,3,0,-1
Wildfire,44.59195736584834,-105.43208721288838,6.739336627357174,2026,1,1,0,3,0,-1
Wildfire,-4.576458024809652,30.89192209592488,6.739336627357174,2026,1,1,0,3,0,-1
Wildfire,-4.33735251824961,20.108078001829256,6.739336627357174,2026,1,1,0,3,0,-1
Wildfire,-9.784342849638136,24.7990838592432,6.739336627357174,2026,1,1,0,3,0,-1
Wildfire,-21.572529211918305,-50.9079372046329,6.739336627357174,2026,1,1,0,3,0,-1
Wildfire,-20.91605856218311,-50.26094108973616,6.739336627357174,2026,1,1,0,3,0,-1
Wildfire,-22.068923226017063,-48.38665806121205,6.739336627357174,2026,1,1,0,3,0,-1
Wildfire,-20.92090279363176,140.27923798535494,6.739336627357174,2026,1,1,0,3,0,-1
Wildfire,-9.012569462057188,-50.23160654908494,6.739336627357174,2026,1,1,0,3,0,-1
Wildfire,-22.642406175189464,-48.62997051605189,6.739336627357174,2026,1,1,0,3,0,-1
Wildfire,-7.033419685035903,-59.24370847304098,6.739336627357174,2026,1,1,0,3,0,-1
Wildfire,-20.663692998667585,-48.97532153757241,6.739336627357174,2026,1,1,0,3,0,-1
Wildfire,-3.900461154028898,18.89849099728484,6.739336627357174,2026,1,1,0,3,0,-1
Wildfire,-16.917116971552993,19.6649877649184,6.739336627357174,2026,1,1,0,3,0,-1
Wildfire,-8.683204270094235,-54.56331950954648,6.739336627357174,2026,1,1,0,3,0,-1
Wildfire,-11.530247586710122,-50.37430263849536,6.739336627357174,2026,1,1,0,3,0,-1
Wildfire,-25.049690755457497,131.07881880102858,6.739336627357174,2026,1,1,0,3,0,-1
Wildfire,-2.165198444666617,35.163080971270126,6.739336627357174,2026,1,1,0,3,0,-1
Wildfire,-16.578382689587336,19.970547313097665,6.739336627357174,2026,1,1,0,3,0,-1
Wildfire,-3.8008538124758298,18.87741618317101,6.739336627357174,2026,1,1,0,3,0,-1
Wildfire,-12.327285002073015,131.15869726801546,6.739336627357174,2026,1,1,0,3,0,-1
Wildfire,-12.863304295884742,29.64066280922664,6.739336627357174,2026,1,1,0,3,0,-1
Wildfire,-10.615094926147584,29.00466201718472,6.739336627357174,2026,1,1,0,3,0,-1
Wildfire,45.222667,-106.8595,8.815815203906352,2026,1,1,0,3,0,-1
Wildfire,37.913367,-112.67905,6.300785794663244,2026,1,1,0,3,0,-1
Wildfire,44.13025,-106.520417,12.07084266827007,2026,1,1,0,3,0,-1
Wildfire,45.436167,-109.508333,7.00397413672268,2026,1,1,0,3,0,-1
Wildfire,44.20169564117975,-106.48870063446306,6.739336627357174,2026,1,1,0,3,0,-1
Wildfire,-6.976957443897595,16.956229117060637,6.739336627357174,2026,1,1,0,3,0,-1
Wildfire,-15.470510517088837,14.920883386800767,6.739336627357174,2026,1,1,0,3,0,-1
Wildfire,-12.404883385523194,31.775359181912304,6.739336627357174,2026,1,1,0,3,0,-1
Wildfire,-14.28362606902023,-51.91676021302551,6.739336627357174,2026,1,1,0,3,0,-1
Wildfire,-16.004312379589074,-57.30996623176232,6.739336627357174,2026,1,1,0,3,0,-1
Wildfire,-21.049834198417965,-48.12884640806705,6.739336627357174,2026,1,1,0,3,0,-1
Wildfire,-15.255913653788095,14.76022432566163,6.739336627357174,2026,1,1,0,3,0,-1
Wildfire,-16.93758321798431,-54.004496762885104,6.739336627357174,2026,1,1,0,3,0,-1
Wildfire,-14.712266292759116,-57.48896539134393,6.739336627357174,2026,1,1,0,3,0,-1
Wildfire,-16.013109477925795,-56.02915766955802,6.739336627357174,2026,1,1,0,3,0,-1
Wildfire,-15.463698267312292,-55.95541054812588,6.739336627357174,2026,1,1,0,3,0,-1
Wildfire,-14.807599795097298,-56.80113910579869,6.739336627357174,2026,1,1,0,3,0,-1
Wildfire,-12.463511425963356,-66.84953743864,6.739336627357174,2026,1,1,0,3,0,-1
Wildfire,-13.52814382142694,-51.45700249448314,6.739336627357174,2026,1,1,0,3,0,-1
Wildfire,-12.892129362839908,131.33392498646944,6.739336627357174,2026,1,1,0,3,0,-1
Wildfire,-14.772108668824073,-57.69966034611795,6.739336627357174,2026,1,1,0,3,0,-1
Wildfire,-10.927819999077023,-57.15715876856613,6.739336627357174,2026,1,1,0,3,0,-1
Wildfire,-15.621449776242946,14.332492455469136,6.739336627357174,2026,1,1,0,3,0,-1
Wildfire,-20.72658705161809,-49.82492141475308,6.739336627357174,2026,1,1,0,3,0,-1
Wildfire,-20.144113880184925,-47.54941079886103,6.739336627357174,2026,1,1,0,3,0,-1
Wildfire,-9.765325594784578,-51.431333796352405,6.739336627357174,2026,1,1,0,3,0,-1
Wildfire,-11.839445463679397,-65.16829078607272,6.739336627357174,2026,1,1,0,3,0,-1
Wildfire,-16.016297782596002,18.863684668721312,6.739336627357174,2026,1,1,0,3,0,-1
Wildfire,-8.099896592430511,30.503600465476545,6.739336627357174,2026,1,1,0,3,0,-1
Wildfire,-10.087520422989511,21.77297517079927,6.739336627357174,2026,1,1,0,3,0,-1
Wildfire,-9.759734204395748,19.6639915535126,6.739336627357174,2026,1,1,0,3,0,-1
Wildfire,-10.694056469768077,18.702593017102064,6.739336627357174,2026,1,1,0,3,0,-1
Wildfire,-9.779803531858407,-47.10130632302239,6.739336627357174,2026,1,1,0,3,0,-1
Wildfire,-13.410230836904564,-51.28759942453701,6.739336627357174,2026,1,1,0,3,0,-1
Wildfire,-8.319444121254957,-55.212837624106456,6.739336627357174,2026,1,1,0,3,0,-1
Wildfire,-12.145173986002597,-65.3952289469378,6.739336627357174,2026,1,1,0,3,0,-1
Wildfire,-4.19934970499745,18.72399391172068,6.739336627357174,2026,1,1,0,3,0,-1
Wildfire,47.767003,-120.082726,8.045267716607803,2026,1,1,0,3,0,-1
Wildfire,-8.329870183307753,25.845081512135724,6.739336627357174,2026,1,1,0,3,0,-1
Wildfire,-15.127764918809582,14.657386544007505,6.739336627357174,2026,1,1,0,3,0,-1
Wildfire,-12.583121338392644,142.53297824423805,6.739336627357174,2026,1,1,0,3,0,-1
Wildfire,-27.73102468462881,30.477957325033977,6.739336627357174,2026,1,1,0,3,0,-1
Wildfire,-10.061661635504246,22.037275354295293,6.739336627357174,2026,1,1,0,3,0,-1
Wildfire,-24.54580712808987,23.414847020884352,6.739336627357174,2026,1,1,0,3,0,-1
Wildfire,-13.357172842021132,-64.41174632975243,6.739336627357174,2026,1,1,0,3,0,-1
Wildfire,-9.70451691132265,29.68251280122749,6.739336627357174,2026,1,1,0,3,0,-1
Wildfire,-9.204004871492128,20.1326531935251,6.739336627357174,2026,1,1,0,3,0,-1
Wildfire,-10.610290122483022,20.041163887108056,6.739336627357174,2026,1,1,0,3,0,-1
Wildfire,-14.03325344091946,-64.98459601380725,6.739336627357174,2026,1,1,0,3,0,-1
Wildfire,-19.86346497994244,-55.64837733151166,6.739336627357174,2026,1,1,0,3,0,-1
Wildfire,-14.936032209948008,-52.66711350810797,6.739336627357174,2026,1,1,0,3,0,-1
Wildfire,-15.564524552369756,14.882897184007328,6.739336627357174,2026,1,1,0,3,0,-1
Wildfire,-15.108998139732815,-48.11939281620569,6.739336627357174,2026,1,1,0,3,0,-1
Wildfire,-14.616053198679406,-59.33582049687477,6.739336627357174,2026,1,1,0,3,0,-1
Wildfire,-20.5538931827197,-49.20366202416719,6.739336627357174,2026,1,1,0,3,0,-1
Wildfire,-10.641506555875718,18.649071134214388,6.739336627357174,2026,1,1,0,3,0,-1
Wildfire,-4.037460655661818,19.2750946668118,6.739336627357174,2026,1,1,0,3,0,-1
Wildfire,-14.228232041831117,-64.96555668580292,6.739336627357174,2026,1,1,0,3,0,-1
Wildfire,50.67464544811803,-78.86617447568368,6.739336627357174,2026,1,1,0,3,0,-1
Wildfire,-14.381029336378544,-52.98930911842247,6.739336627357174,2026,1,1,0,3,0,-1
Wildfire,-20.20503734589964,-49.71687943214779,6.739336627357174,2026,1,1,0,3,0,-1
Wildfire,-18.0609421049431,18.57840031729453,6.739336627357174,2026,1,1,0,3,0,-1
Wildfire,-6.005563101948217,17.121123469558114,6.739336627357174,2026,1,1,0,3,0,-1
Wildfire,-4.196085673202985,19.829640459883656,6.739336627357174,2026,1,1,0,3,0,-1
Wildfire,-21.423910290270108,-48.14231331760534,6.739336627357174,2026,1,1,0,3,0,-1
Wildfire,-4.009585428693314,18.78555632279444,6.739336627357174,2026,1,1,0,3,0,-1
Wildfire,-12.214016851547129,30.26607218511995,6.739336627357174,2026,1,1,0,3,0,-1
Wildfire,-12.4880744516136,-65.51539872396867,6.739336627357174,2026,1,1,0,3,0,-1
Wildfire,-10.413314868681711,29.72879343277016,6.739336627357174,2026,1,1,0,3,0,-1
Wildfire,-9.864169819329906,24.67806771767116,6.739336627357174,2026,1,1,0,3,0,-1
Wildfire,-4.364547314340713,20.15059117662694,6.739336627357174,2026,1,1,0,3,0,-1
Wildfire,39.9185,-115.401167,6.844815479208263,2026,1,1,0,3,0,-1
Wildfire,-8.568953569566064,17.355482116748153,6.739336627357174,2026,1,1,0,3,0,-1
Wildfire,53.62613779684271,-126.56174461956871,6.739336627357174,2026,1,1,0,3,0,-1
Wildfire,-15.009868488705427,14.7708437105317,6.739336627357174,2026,1,1,0,3,0,-1
Wildfire,-9.64316045797106,24.67089417011879,6.739336627357174,2026,1,1,0,3,0,-1
Wildfire,-16.655632985462372,20.59502346565309,6.739336627357174,2026,1,1,0,3,0,-1
Wildfire,-9.117519965059085,30.45913150785769,6.739336627357174,2026,1,1,0,3,0,-1
Wildfire,-6.192132415165204,21.95107220763888,6.739336627357174,2026,1,1,0,3,0,-1
Wildfire,-5.141597666271899,25.91990593602531,6.739336627357174,2026,1,1,0,3,0,-1
Wildfire,-10.795904048884776,-50.700576035534205,6.739336627357174,2026,1,1,0,3,0,-1
Wildfire,-6.012508980835808,17.192222881034148,6.739336627357174,2026,1,1,0,3,0,-1
Wildfire,-10.34388842865942,-57.93424395891409,6.739336627357174,2026,1,1,0,3,0,-1
Wildfire,-15.613476702912346,16.573502698495982,6.739336627357174,2026,1,1,0,3,0,-1
Wildfire,-9.481279968209146,24.67159106082838,6.739336627357174,2026,1,1,0,3,0,-1
Wildfire,-9.619924007931694,-65.16716972261526,6.739336627357174,2026,1,1,0,3,0,-1
Wildfire,-10.745051849943426,21.299484169354685,6.739336627357174,2026,1,1,0,3,0,-1
Wildfire,-9.855140912109595,29.77784464694272,6.739336627357174,2026,1,1,0,3,0,-1
Wildfire,-12.028550995637406,-50.33884958207477,6.739336627357174,2026,1,1,0,3,0,-1
Wildfire,-19.024780618572063,20.120853184126148,6.739336627357174,2026,1,1,0,3,0,-1
Wildfire,-9.034062121040153,24.461610632037544,6.739336627357174,2026,1,1,0,3,0,-1
Wildfire,-19.03229833393915,20.20266686979774,6.739336627357174,2026,1,1,0,3,0,-1
Wildfire,-16.243005095427407,-57.459901964106486,6.739336627357174,2026,1,1,0,3,0,-1
Wildfire,-3.4346897658349897,19.42889615068854,6.739336627357174,2026,1,1,0,3,0,-1
Wildfire,-11.274087349571031,20.720185242022787,6.739336627357174,2026,1,1,0,3,0,-1
Wildfire,-11.473318792546852,14.960244276921532,6.739336627357174,2026,1,1,0,3,0,-1
Wildfire,-4.111202525302862,19.910963202255846,6.739336627357174,2026,1,1,0,3,0,-1
Wildfire,44.502607,-121.127004,6.3818160174060985,2026,1,1,0,3,0,-1
Wildfire,45.744671,-120.176422,8.699681400989514,2026,1,1,0,3,0,-1
Wildfire,34.8513889,-99.6672222,7.232733136177615,2026,1,1,0,3,0,-1
Wildfire,-29.349915008216968,26.910863713178912,6.739336627357174,2026,1,1,0,3,0,-1
Wildfire,-8.848977456204153,21.4414821013812,6.739336627357174,2026,1,1,0,3,0,-1
Wildfire,-16.034501116526293,136.69560469798662,6.739336627357174,2026,1,1,0,3,0,-1
Wildfire,-25.176506265036384,31.333533614272422,6.739336627357174,2026,1,1,0,3,0,-1
Wildfire,-7.799766425692636,25.62418975332685,6.739336627357174,2026,1,1,0,3,0,-1
Wildfire,-32.31492771815524,26.83132207328089,6.739336627357174,2026,1,1,0,3,0,-1
Wildfire,-31.82760517769422,26.88935649957571,6.739336627357174,2026,1,1,0,3,0,-1
Wildfire,-13.027538407940568,-67.74382354041,6.739336627357174,2026,1,1,0,3,0,-1
Wildfire,-15.628496477849184,130.28405070932382,6.739336627357174,2026,1,1,0,3,0,-1
Wildfire,-8.339323297309734,-52.02187204361904,6.739336627357174,2026,1,1,0,3,0,-1
Wildfire,54.03368022512155,120.23787619540342,6.739336627357174,2026,1,1,0,3,0,-1
Wildfire,-14.0539199215023,-53.68411988978577,6.739336627357174,2026,1,1,0,3,0,-1
Wildfire,-7.50821421755157,32.15521749682129,6.739336627357174,2026,1,1,0,3,0,-1
Wildfire,-14.56731989865854,26.549197662329835,6.739336627357174,2026,1,1,0,3,0,-1
Wildfire,-7.652192212490783,32.15594100541187,6.739336627357174,2026,1,1,0,3,0,-1
Wildfire,-9.701743369102251,30.287910072534736,6.739336627357174,2026,1,1,0,3,0,-1
Wildfire,-9.12829622724468,25.37324285588733,6.739336627357174,2026,1,1,0,3,0,-1
Wildfire,-7.493675131742954,32.13733372024313,6.739336627357174,2026,1,1,0,3,0,-1
Wildfire,-15.913119357844964,-56.05243363547751,6.739336627357174,2026,1,1,0,3,0,-1
Wildfire,-16.069139658964882,-55.86989496063519,6.739336627357174,2026,1,1,0,3,0,-1
Wildfire,-23.11702034831264,-53.70914917183904,6.739336627357174,2026,1,1,0,3,0,-1
Wildfire,-15.528318465595987,16.191620709398666,6.739336627357174,2026,1,1,0,3,0,-1
Wildfire,-9.196688947809353,19.006718534327472,6.739336627357174,2026,1,1,0,3,0,-1
Wildfire,-13.872841205638352,-58.4499052700728,6.739336627357174,2026,1,1,0,3,0,-1
Wildfire,-17.54608752792182,20.596128354802943,6.739336627357174,2026,1,1,0,3,0,-1
Volcano,56.653,161.36,6.739336627357174,2026,1,1,0,3,0,-1
Wildfire,43.67445,-110.1454,7.4570320891223805,2026,1,1,0,3,0,-1
Wildfire,64.9511126731221,-123.67190678699345,6.739336627357174,2026,1,1,0,3,0,-1
Wildfire,64.28859478580976,-122.59712626346072,6.739336627357174,2026,1,1,0,3,0,-1
Wildfire,69.02200862646443,144.07696946404022,6.739336627357174,2026,1,1,0,3,0,-1
Wildfire,-16.35651746127349,-59.00400914737556,6.739336627357174,2026,1,1,0,3,0,-1
Wildfire,-15.527189143915235,-60.5260635491372,6.739336627357174,2026,1,1,0,3,0,-1
Wildfire,69.02587485093144,144.0386200207036,6.739336627357174,2026,1,1,0,3,0,-1
Wildfire,-13.007554483430836,24.86138873788796,6.739336627357174,2026,1,1,0,3,0,-1
Wildfire,-23.723480592500124,22.46100964161343,6.739336627357174,2026,1,1,0,3,0,-1
Wildfire,-23.27515866659453,23.54986140218745,6.739336627357174,2026,1,1,0,3,0,-1
Wildfire,-4.345219917719843,36.17121110845521,6.739336627357174,2026,1,1,0,3,0,-1
Wildfire,-13.061730127149414,24.73399294616355,6.739336627357174,2026,1,1,0,3,0,-1
Wildfire,-15.009915766725287,14.76655194848175,6.739336627357174,2026,1,1,0,3,0,-1
Wildfire,64.08137103251273,121.6788199642032,6.739336627357174,2026,1,1,0,3,0,-1
Wildfire,-20.9372753744317,-57.6750405495506,6.739336627357174,2026,1,1,0,3,0,-1
Wildfire,-15.006413334848348,-58.59136899301113,6.739336627357174,2026,1,1,0,3,0,-1
Wildfire,-17.4206598043995,143.10322199577638,6.739336627357174,2026,1,1,0,3,0,-1
Wildfire,69.41162942313022,143.5931789803035,6.739336627357174,2026,1,1,0,3,0,-1
Wildfire,-11.464331221177028,-46.654445335505706,6.739336627357174,2026,1,1,0,3,0,-1
Wildfire,-6.155653201326159,-52.77155839918529,6.739336627357174,2026,1,1,0,3,0,-1
Wildfire,-14.363827117269665,14.13217526508073,6.739336627357174,2026,1,1,0,3,0,-1
Wildfire,-10.916192238847856,21.051946984861384,6.739336627357174,2026,1,1,0,3,0,-1
Wildfire,-19.81456348343213,134.1623335138918,6.739336627357174,2026,1,1,0,3,0,-1
Wildfire,-7.888538629670715,25.81659981647499,6.739336627357174,2026,1,1,0,3,0,-1
Wildfire,62.45608552701259,-122.99033780717546,6.739336627357174,2026,1,1,0,3,0,-1
Wildfire,-20.71690415390831,-57.82566623082564,6.739336627357174,2026,1,1,0,3,0,-1
Wildfire,-9.550384171907004,24.83150078280108,6.739336627357174,2026,1,1,0,3,0,-1
Wildfire,-12.5042798535114,29.51704672920795,6.739336627357174,2026,1,1,0,3,0,-1
Wildfire,-6.667260367434586,21.57438089627771,6.739336627357174,2026,1,1,0,3,0,-1
Wildfire,-9.971522045282189,24.56585659887622,6.739336627357174,2026,1,1,0,3,0,-1
Wildfire,-16.213580571561575,25.86741586766128,6.739336627357174,2026,1,1,0,3,0,-1
Wildfire,-13.90673779988618,-46.020019879175685,6.739336627357174,2026,1,1,0,3,0,-1
Wildfire,-9.11460139298016,-65.51283335549732,6.739336627357174,2026,1,1,0,3,0,-1
Wildfire,-10.35332270361893,-50.37555274362972,6.739336627357174,2026,1,1,0,3,0,-1
Wildfire,-32.46110695703945,26.777772821375294,6.739336627357174,2026,1,1,0,3,0,-1
Wildfire,-11.327426083891908,30.748795517503485,6.739336627357174,2026,1,1,0,3,0,-1
Wildfire,-9.210081757749377,25.213040209098377,6.739336627357174,2026,1,1,0,3,0,-1
Wildfire,-5.680019408461655,28.353766566876804,6.739336627357174,2026,1,1,0,3,0,-1
Wildfire,-9.113589538219076,30.4624891179272,6.739336627357174,2026,1,1,0,3,0,-1
Wildfire,-6.652505603621824,21.4619006497134,6.739336627357174,2026,1,1,0,3,0,-1
Wildfire,-6.16862536120534,21.97066834279337,6.739336627357174,2026,1,1,0,3,0,-1
Wildfire,-3.780362660154781,31.104324417047664,6.739336627357174,2026,1,1,0,3,0,-1
Wildfire,33.41166667,-100.5010333,7.330405211844402,2026,1,1,0,3,0,-1
Wildfire,33.95502,-99.1963,6.90875477931522,2026,1,1,0,3,0,-1
Wildfire,-6.912758561988537,17.04715240493347,6.739336627357174,2026,1,1,0,3,0,-1
Wildfire,-15.213237342173356,134.4004731776261,6.739336627357174,2026,1,1,0,3,0,-1
Wildfire,-13.614037721101344,-66.37930037925655,6.739336627357174,2026,1,1,0,3,0,-1
Wildfire,-15.745869801399731,14.884463557064992,6.739336627357174,2026,1,1,0,3,0,-1
Wildfire,-6.531666176217323,-44.913885850134925,6.739336627357174,2026,1,1,0,3,0,-1
Wildfire,64.23884816860199,-122.59083700038924,6.739336627357174,2026,1,1,0,3,0,-1
Wildfire,-19.691099764240462,-57.44374800299536,6.739336627357174,2026,1,1,0,3,0,-1
Wildfire,-19.445865520877568,146.46254756769042,6.739336627357174,2026,1,1,0,3,0,-1
Wildfire,68.9366624004366,142.23005566361198,6.739336627357174,2026,1,1,0,3,0,-1
Wildfire,-16.417827300045683,18.18679749390056,6.739336627357174,2026,1,1,0,3,0,-1
Wildfire,-4.409504130362149,36.261990742175016,6.739336627357174,2026,1,1,0,3,0,-1
Wildfire,-16.013300944660642,16.333473659407257,6.739336627357174,2026,1,1,0,3,0,-1
Wildfire,-11.026889897796172,21.10090110866892,6.739336627357174,2026,1,1,0,3,0,-1
Wildfire,69.11479502324356,141.985313897172,6.739336627357174,2026,1,1,0,3,0,-1
Wildfire,68.76370122732463,142.76688800355555,6.739336627357174,2026,1,1,0,3,0,-1
Wildfire,-9.138725051337293,-51.57710448376932,6.739336627357174,2026,1,1,0,3,0,-1
Wildfire,64.65713982859342,-120.01546486850914,6.739336627357174,2026,1,1,0,3,0,-1
Wildfire,63.98681824050909,-120.6051273183782,6.739336627357174,2026,1,1,0,3,0,-1
Wildfire,64.7139063194049,-123.39090936175546,6.739336627357174,2026,1,1,0,3,0,-1
Wildfire,-8.297331295752784,-51.15765695296444,6.739336627357174,2026,1,1,0,3,0,-1
Wildfire,69.22920659263644,144.01822147753794,6.739336627357174,2026,1,1,0,3,0,-1
Wildfire,69.02867831452956,144.07120327644316,6.739336627357174,2026,1,1,0,3,0,-1
Wildfire,-10.68048222308252,21.423297998618075,6.739336627357174,2026,1,1,0,3,0,-1
Wildfire,-7.740737743041881,25.52152560863305,6.739336627357174,2026,1,1,0,3,0,-1
Wildfire,-11.22332548874868,-46.75674946232306,6.739336627357174,2026,1,1,0,3,0,-1
Wildfire,-10.5049830872183,18.065970502911195,6.739336627357174,2026,1,1,0,3,0,-1
Wildfire,-8.256331414260751,24.93645939962921,6.739336627357174,2026,1,1,0,3,0,-1
Wildfire,-9.64990579642114,25.378189712165963,6.739336627357174,2026,1,1,0,3,0,-1
Wildfire,-9.774174917078032,24.42772265920753,6.739336627357174,2026,1,1,0,3,0,-1
Wildfire,-10.121315224404311,25.29043473939553,6.739336627357174,2026,1,1,0,3,0,-1
Wildfire,-6.589635278350551,21.268229733561103,6.739336627357174,2026,1,1,0,3,0,-1
Wildfire,-12.22904487258654,29.447953796386937,6.739336627357174,2026,1,1,0,3,0,-1
Wildfire,-15.206478548849612,17.191790731576013,6.739336627357174,2026,1,1,0,3,0,-1
Wildfire,-9.36943530369533,19.45642592034801,6.739336627357174,2026,1,1,0,3,0,-1
Wildfire,-6.6996872068564,15.878667943882531,6.739336627357174,2026,1,1,0,3,0,-1
Wildfire,-14.248206709648354,-51.82051888920463,6.739336627357174,2026,1,1,0,3,0,-1
Wildfire,-8.15884871761591,29.65791948204352,6.739336627357174,2026,1,1,0,3,0,-1
Wildfire,-7.40196073802995,23.55624937150024,6.739336627357174,2026,1,1,0,3,0,-1
Wildfire,-16.57109860128322,16.904495155515807,6.739336627357174,2026,1,1,0,3,0,-1
Wildfire,-11.560017374089895,18.430516955142163,6.739336627357174,2026,1,1,0,3,0,-1
Wildfire,-6.768012086849946,21.674647093477933,6.739336627357174,2026,1,1,0,3,0,-1
Wildfire,-8.548102832918348,17.353484112894797,6.739336627357174,2026,1,1,0,3,0,-1
Iceberg_B,-72.61,-127.41,5.802118375377063,2026,1,1,0,3,0,-1
Iceberg_B,-74.12,-140.7,5.802118375377063,2026,1,1,0,3,0,9813
Iceberg_B,-74.37,-143.13,5.802118375377063,2026,1,1,0,3,0,9813
Iceberg_B,-74.74,-145.92,5.802118375377063,2026,1,1,0,3,0,9813
Iceberg_B,-74.89,-148.32,5.802118375377063,2026,1,1,0,3,0,9813
Iceberg_B,-75.2,-150.91,5.802118375377063,2026,1,1,0,3,0,9813
Iceberg_B,-75.24,-153.12,5.802118375377063,2026,1,1,0,3,0,9813
Iceberg_B,-75.65,-154.11,5.802118375377063,2026,1,1,0,3,0,9813
Iceberg_B,-75.88,-155.71,5.802118375377063,2026,1,1,0,3,0,9813
Iceberg_B,-75.63,-157.47,5.802118375377063,2026,1,1,0,3,0,9813
Iceberg_B,-75.39,-160.1,5.802118375377063,2026,1,1,0,3,0,9813
Iceberg_B,-74.93,-161.44,5.802118375377063,2026,1,1,0,3,0,9813
Iceberg_B,-74.75,-163.27,5.802118375377063,2026,1,1,0,3,0,9813
Iceberg_B,-74.38,-165.79,5.802118375377063,2026,1,1,0,3,0,9813
Iceberg_B,-73.88,-167.33,5.802118375377063,2026,1,1,0,3,0,9813
Iceberg_B,-73.67,-169.21,5.802118375377063,2026,1,1,0,3,0,9813
Iceberg_B,-73.23,-169.59,4.727387818712341,2026,1,1,0,3,0,9813
Iceberg_B,-72.62,-170.96,4.727387818712341,2026,1,1,0,3,0,9813
Iceberg_B,-72.21,-171.89,4.727387818712341,2026,1,1,0,3,0,9813
Iceberg_B,-72.3,-173.36,4.727387818712341,2026,1,1,0,3,0,9813
Iceberg_B,-71.31,-173.77,4.727387818712341,2026,1,1,0,3,0,9813
Iceberg_B,-70.81,-174.64,4.727387818712341,2026,1,1,0,3,0,9813
Iceberg_B,-70.28,-177.13,4.727387818712341,2026,1,1,0,3,0,9813
Iceberg_B,-69.89,-177.85,4.727387818712341,2026,1,1,0,3,0,9813
Iceberg_B,-69.24,-177.84,4.727387818712341,2026,1,1,0,3,0,9813
Iceberg_B,-68.86,-176.57,4.727387818712341,2026,1,1,0,3,0,9813
Iceberg_B,-68.3,-176.74,4.727387818712341,2026,1,1,0,3,0,9813
Iceberg_B,-67.68,-177.25,4.727387818712341,2026,1,1,0,3,0,9813
Iceberg_B,-67.31,-178.77,4.59511985013459,2026,1,1,0,3,0,9813
Iceberg_B,-67.09,-179.86,4.59511985013459,2026,1,1,0,3,0,9813
Iceberg_B,-67.58,179.79,4.59511985013459,2026,1,1,0,3,0,9813
Iceberg_B,-72.46,-127.08,3.828641396489095,2026,1,1,0,3,0,-1
Iceberg_B,-74.03,-137.53,3.828641396489095,2026,1,1,0,3,0,9813
Iceberg_B,-74.36,-139.07,3.828641396489095,2026,1,1,0,3,0,9813
Iceberg_B,-74.53,-141.7,3.828641396489095,2026,1,1,0,3,0,9813
Iceberg_B,-74.62,-143.61,3.828641396489095,2026,1,1,0,3,0,9813
Iceberg_B,-75.38,-148.24,3.828641396489095,2026,1,1,0,3,0,9813
Iceberg_B,-75.35,-152.73,3.828641396489095,2026,1,1,0,3,0,9813
Iceberg_B,-75.34,-154.86,3.828641396489095,2026,1,1,0,3,0,9813
Iceberg_B,-74.88,-156.3,3.828641396489095,2026,1,1,0,3,0,9813
Iceberg_B,-74.38,-157.83,3.828641396489095,2026,1,1,0,3,0,9813
Iceberg_B,-74.0,-158.76,3.828641396489095,2026,1,1,0,3,0,9813
Iceberg_B,-73.79,-161.08,3.828641396489095,2026,1,1,0,3,0,9813
Iceberg_B,-73.35,-163.06,3.828641396489095,2026,1,1,0,3,0,9813
Iceberg_B,-72.55,-163.83,3.828641396489095,2026,1,1,0,3,0,9813
Iceberg_B,-72.14,-162.07,3.828641396489095,2026,1,1,0,3,0,9813
Iceberg_B,-71.52,-162.34,3.828641396489095,2026,1,1,0,3,0,9813
Iceberg_B,-71.28,-160.83,3.828641396489095,2026,1,1,0,3,0,9813
Iceberg_B,-71.07,-162.22,3.828641396489095,2026,1,1,0,3,0,9813
Iceberg_B,-70.61,-161.82,3.828641396489095,2026,1,1,0,3,0,9813
Iceberg_B,-71.05,-160.39,3.828641396489095,2026,1,1,0,3,0,9813
Iceberg_B,-71.25,-162.1,3.828641396489095,2026,1,1,0,3,0,9813
Iceberg_B,-70.25,-160.55,3.828641396489095,2026,1,1,0,3,0,9813
Iceberg_B,-70.09,-159.26,3.828641396489095,2026,1,1,0,3,0,9813
Iceberg_B,-69.62,-161.18,3.828641396489095,2026,1,1,0,3,0,9813
Iceberg_B,-69.43,-159.78,3.828641396489095,2026,1,1,0,3,0,9813
Iceberg_B,-68.77,-159.71,3.828641396489095,2026,1,1,0,3,0,9813
Wildfire,44.6011111,-105.0452778,6.234410725718371,2026,1,1,0,3,0,-1
Wildfire,-9.459371727384466,24.766514565101595,6.739336627357174,2026,1,1,0,3,0,-1
Wildfire,-17.21408376205333,20.415381551965385,6.739336627357174,2026,1,1,0,3,0,-1
Wildfire,-10.203019107430803,29.347297830002056,6.739336627357174,2026,1,1,0,3,0,-1
Wildfire,-15.204589639710662,16.45371058735389,6.739336627357174,2026,1,1,0,3,0,-1
Wildfire,-14.380232805755654,-54.9783364371332,6.739336627357174,2026,1,1,0,3,0,-1
Wildfire,-8.900375811948512,23.061710798087105,6.739336627357174,2026,1,1,0,3,0,-1
Wildfire,-3.451888362430587,21.37816851896172,6.739336627357174,2026,1,1,0,3,0,-1
Wildfire,-10.660066892547832,30.584870297616494,6.739336627357174,2026,1,1,0,3,0,-1
Wildfire,-4.926561803362454,23.433258983842425,6.739336627357174,2026,1,1,0,3,0,-1
Wildfire,64.9177837462588,-123.90133593746089,6.739336627357174,2026,1,1,0,3,0,-1
Wildfire,-17.70963133471235,138.33300498084375,6.739336627357174,2026,1,1,0,3,0,-1
Wildfire,-12.10903998235328,28.7851281133618,6.739336627357174,2026,1,1,0,3,0,-1
Wildfire,-10.095316585123918,21.04976976342744,6.739336627357174,2026,1,1,0,3,0,-1
Wildfire,-16.81731908141312,13.572550389565729,6.739336627357174,2026,1,1,0,3,0,-1
Wildfire,-10.293226943290035,22.00719009391372,6.739336627357174,2026,1,1,0,3,0,-1
Wildfire,-10.854451402082104,29.06201007303522,6.739336627357174,2026,1,1,0,3,0,-1
Wildfire,-12.794155833770668,24.91097748294383,6.739336627357174,2026,1,1,0,3,0,-1
Wildfire,-15.246023502126656,25.762957548499344,6.739336627357174,2026,1,1,0,3,0,-1
Wildfire,-16.025662067679104,16.363496949193795,6.739336627357174,2026,1,1,0,3,0,-1
Wildfire,-20.66207273183232,-56.90936750794759,6.739336627357174,2026,1,1,0,3,0,-1
Wildfire,62.85505856803162,121.75800162823742,6.739336627357174,2026,1,1,0,3,0,-1
Wildfire,62.57094217480084,119.72098331146395,6.739336627357174,2026,1,1,0,3,0,-1
Wildfire,-10.634284623562651,30.56343074061844,6.739336627357174,2026,1,1,0,3,0,-1
Wildfire,-6.459655003739768,16.501196238145546,6.739336627357174,2026,1,1,0,3,0,-1
Wildfire,-5.537511241952712,16.211059587972834,6.739336627357174,2026,1,1,0,3,0,-1
Wildfire,-9.817893018810834,19.879827097988027,6.739336627357174,2026,1,1,0,3,0,-1
Wildfire,45.161333,-106.47125,6.681356434947254,2026,1,1,0,3,0,-1
Wildfire,44.601167,-105.0455,6.234410725718371,2026,1,1,0,3,0,-1
Wildfire,-29.444975157825493,29.64603693181546,6.739336627357174,2026,1,1,0,3,0,-1
Wildfire,-11.775961317041746,-50.59520744532389,6.739336627357174,2026,1,1,0,3,0,-1
Wildfire,-16.330088881460952,14.0429357884316,6.739336627357174,2026,1,1,0,3,0,-1
Wildfire,-23.172665985749912,23.844879896267443,6.739336627357174,2026,1,1,0,3,0,-1
Wildfire,-15.32425614054062,20.151860142822915,6.739336627357174,2026,1,1,0,3,0,-1
Wildfire,-16.318102930701656,-58.87181538743225,6.739336627357174,2026,1,1,0,3,0,-1
Wildfire,-15.940576804531611,133.20903033206014,6.739336627357174,2026,1,1,0,3,0,-1
Wildfire,-14.567500878355713,22.44489494867289,6.739336627357174,2026,1,1,0,3,0,-1
Wildfire,-11.715109718023852,37.09169742844707,6.739336627357174,2026,1,1,0,3,0,-1
Wildfire,-23.19414206837595,23.71501458705915,6.739336627357174,2026,1,1,0,3,0,-1
Wildfire,-11.858373554301084,-56.8519993150847,6.739336627357174,2026,1,1,0,3,0,-1
Wildfire,-10.007720387322436,21.873162171690765,6.739336627357174,2026,1,1,0,3,0,-1
Wildfire,-10.725684070951852,30.46562079715321,6.739336627357174,2026,1,1,0,3,0,-1
Wildfire,-18.36292519543024,130.4733122495132,6.739336627357174,2026,1,1,0,3,0,-1
Wildfire,-8.736137086896875,-46.32850106325199,6.739336627357174,2026,1,1,0,3,0,-1
Wildfire,-11.815238111347291,37.46140702315908,6.739336627357174,2026,1,1,0,3,0,-1
Wildfire,-15.75290043750658,21.38914171643784,6.739336627357174,2026,1,1,0,3,0,-1
Wildfire,-5.442934151064628,31.758616558228088,6.739336627357174,2026,1,1,0,3,0,-1
Wildfire,-12.622567684706867,31.70410446520538,6.739336627357174,2026,1,1,0,3,0,-1
Wildfire,-16.76396528823835,21.191878271609244,6.739336627357174,2026,1,1,0,3,0,-1
Wildfire,-10.798355495716482,30.63350337183372,6.739336627357174,2026,1,1,0,3,0,-1
Wildfire,-15.51605582700739,-53.06973474293305,6.739336627357174,2026,1,1,0,3,0,-1
Wildfire,-14.67904582877073,126.78245832434962,6.739336627357174,2026,1,1,0,3,0,-1
Wildfire,-15.49433198924666,14.388234539702731,6.739336627357174,2026,1,1,0,3,0,-1
Wildfire,-12.97482717617488,20.943320425900023,6.739336627357174,2026,1,1,0,3,0,-1
Wildfire,-9.180441704686029,-47.45155333908978,6.739336627357174,2026,1,1,0,3,0,-1
Wildfire,-8.318539152829223,-46.44942828095308,6.739336627357174,2026,1,1,0,3,0,-1
Wildfire,-9.326669994647125,18.63904219197796,6.739336627357174,2026,1,1,0,3,0,-1
Wildfire,-15.692925304243538,16.008953898226487,6.739336627357174,2026,1,1,0,3,0,-1
Wildfire,32.72837485746972,-17.01828024554491,6.739336627357174,2026,1,1,0,3,0,-1
Wildfire,-14.700719714270162,19.52635083037396,6.739336627357174,2026,1,1,0,3,0,-1
Wildfire,-13.254837427465988,135.3743613894412,6.739336627357174,2026,1,1,0,3,0,-1
Wildfire,-13.112206454224406,135.39184029001575,6.739336627357174,2026,1,1,0,3,0,-1
Wildfire,-18.39390539287885,128.23764704402242,6.739336627357174,2026,1,1,0,3,0,-1
Wildfire,54.80540793112522,-95.16077756946282,6.739336627357174,2026,1,1,0,3,0,-1
Wildfire,-13.250758678149433,135.3154094111344,6.739336627357174,2026,1,1,0,3,0,-1
Wildfire,-15.236983014414577,15.072098039375971,6.739336627357174,2026,1,1,0,3,0,-1
Wildfire,-13.26101048684508,135.60563790478747,6.739336627357174,2026,1,1,0,3,0,-1
Wildfire,-13.335711650604852,135.18996042353652,6.739336627357174,2026,1,1,0,3,0,-1
Wildfire,-10.494819399649218,19.654619856494183,6.739336627357174,2026,1,1,0,3,0,-1
Wildfire,-18.62523718169689,20.17490457195116,6.739336627357174,2026,1,1,0,3,0,-1
Wildfire,-15.23281620704849,15.110221003754951,6.739336627357174,2026,1,1,0,3,0,-1
Wildfire,-16.191846421272174,20.468352618464348,6.739336627357174,2026,1,1,0,3,0,-1
Wildfire,-12.4355814959291,24.63259923570429,6.739336627357174,2026,1,1,0,3,0,-1
Wildfire,-13.353533683139982,135.307344271974,6.739336627357174,2026,1,1,0,3,0,-1
Wildfire,-14.222538350702443,-65.37903041872102,6.739336627357174,2026,1,1,0,3,0,-1
Wildfire,-12.845111983636928,135.43071677721406,6.739336627357174,2026,1,1,0,3,0,-1
Wildfire,-16.776272315648125,-60.43172229555047,6.739336627357174,2026,1,1,0,3,0,-1
Wildfire,-16.296632889568258,134.84156137763745,6.739336627357174,2026,1,1,0,3,0,-1
Wildfire,-13.577857052833153,-64.98884275167623,6.739336627357174,2026,1,1,0,3,0,-1
Wildfire,-12.72499449206798,135.46692008790978,6.739336627357174,2026,1,1,0,3,0,-1
Wildfire,-16.397769559299455,14.31869308195542,6.739336627357174,2026,1,1,0,3,0,-1
Wildfire,-17.475410389696258,21.5429817417157,6.739336627357174,2026,1,1,0,3,0,-1
Wildfire,-23.30302406616199,135.33395286146646,6.739336627357174,2026,1,1,0,3,0,-1
Wildfire,-4.323578627153704,20.095079989979297,6.739336627357174,2026,1,1,0,3,0,-1
Wildfire,-17.238833341220936,21.735268868931207,6.739336627357174,2026,1,1,0,3,0,-1
Wildfire,-13.11387992331208,-58.220621476703776,6.739336627357174,2026,1,1,0,3,0,-1
Wildfire,-7.85316139515467,25.59916373086871,6.739336627357174,2026,1,1,0,3,0,-1
Wildfire,-12.673269055346092,-68.10561069868962,6.739336627357174,2026,1,1,0,3,0,-1
Wildfire,-11.131518200516082,17.360048802987112,6.739336627357174,2026,1,1,0,3,0,-1
Wildfire,-14.36849779980765,21.37066342625054,6.739336627357174,2026,1,1,0,3,0,-1
Wildfire,-10.357468745271358,20.623985580019035,6.739336627357174,2026,1,1,0,3,0,-1
Wildfire,-13.171996041609882,135.24452118065324,6.739336627357174,2026,1,1,0,3,0,-1
Wildfire,-22.636531355942832,-57.273834758601545,6.739336627357174,2026,1,1,0,3,0,-1
Wildfire,-15.699987910287335,20.86125770916388,6.739336627357174,2026,1,1,0,3,0,-1
Wildfire,-8.731897731934994,25.48499425681025,6.739336627357174,2026,1,1,0,3,0,-1
Wildfire,51.10447313431968,94.36328543550827,6.739336627357174,2026,1,1,0,3,0,-1
Wildfire,38.51799742434841,27.1427242216998,6.739336627357174,2026,1,1,0,3,0,-1
Wildfire,-16.256806635599965,-64.15996050350536,6.739336627357174,2026,1,1,0,3,0,-1
Wildfire,-13.75729678443708,21.19006310787518,6.739336627357174,2026,1,1,0,3,0,-1
Wildfire,-10.750882107016505,30.53048856885277,6.739336627357174,2026,1,1,0,3,0,-1
Wildfire,39.497432,-119.99762,6.2166061010848646,2026,1,1,0,3,0,-1
Wildfire,27.7069444,-81.9730556,6.2166061010848646,2026,1,1,0,3,0,-1
Wildfire,-12.803005526648684,135.65313999337118,6.739336627357174,2026,1,1,0,3,0,-1
Wildfire,-23.376112817531585,23.749801767959465,6.739336627357174,2026,1,1,0,3,0,-1
Wildfire,-14.735261180363668,-58.87139217721379,6.739336627357174,2026,1,1,0,3,0,-1
Wildfire,-12.834912114382249,135.1559186772625,6.739336627357174,2026,1,1,0,3,0,-1
Wildfire,-10.15802789538155,-50.16428083411228,6.739336627357174,2026,1,1,0,3,0,-1
Wildfire,-11.84711459230125,-50.542064060928055,6.739336627357174,2026,1,1,0,3,0,-1
Wildfire,-16.031808929636043,15.642235307632255,6.739336627357174,2026,1,1,0,3,0,-1
Wildfire,-12.950844305628152,135.54723123295088,6.739336627357174,2026,1,1,0,3,0,-1
Wildfire,-13.666951400828742,-59.67466431615424,6.739336627357174,2026,1,1,0,3,0,-1
Wildfire,-9.225796545563304,-65.51067471874148,6.739336627357174,2026,1,1,0,3,0,-1
Wildfire,46.45873961050406,30.10065662640196,6.739336627357174,2026,1,1,0,3,0,-1
Wildfire,-25.11728759813393,27.86570174693966,6.739336627357174,2026,1,1,0,3,0,-1
Wildfire,-10.86239903431287,30.51235185375144,6.739336627357174,2026,1,1,0,3,0,-1
Wildfire,-10.027008797911511,29.869270549798703,6.739336627357174,2026,1,1,0,3,0,-1
Wildfire,-16.724595737196935,19.71363896092464,6.739336627357174,2026,1,1,0,3,0,-1
Wildfire,-14.727407265432351,20.90775788343066,6.739336627357174,2026,1,1,0,3,0,-1
Wildfire,-9.392990457153978,20.06982489024305,6.739336627357174,2026,1,1,0,3,0,-1
Wildfire,-15.446615769922277,-52.97709914244546,6.739336627357174,2026,1,1,0,3,0,-1
Wildfire,-20.22559796317469,-58.70705288691781,6.739336627357174,2026,1,1,0,3,0,-1
Wildfire,52.79313292598032,116.61666117912284,6.739336627357174,2026,1,1,0,3,0,-1
Wildfire,-14.886195343314618,-56.56464096022431,6.739336627357174,2026,1,1,0,3,0,-1
Wildfire,-17.598779803060808,-59.207969274226855,6.739336627357174,2026,1,1,0,3,0,-1
Wildfire,-12.69570292400918,17.74499806662416,6.739336627357174,2026,1,1,0,3,0,-1
Wildfire,-9.874950813740726,29.673667248799184,6.739336627357174,2026,1,1,0,3,0,-1
Wildfire,-12.45484237212747,-62.47209619110567,6.739336627357174,2026,1,1,0,3,0,-1
Wildfire,-20.821009622003228,-57.75322535563342,6.739336627357174,2026,1,1,0,3,0,-1
Wildfire,-16.554414988388807,-59.83190181425423,6.739336627357174,2026,1,1,0,3,0,-1
Wildfire,-17.5038528179552,-59.181313728791125,6.739336627357174,2026,1,1,0,3,0,-1
Wildfire,-13.582736298861503,38.32959307168844,6.739336627357174,2026,1,1,0,3,0,-1
Wildfire,-10.20219559706666,20.65064431677129,6.739336627357174,2026,1,1,0,3,0,-1
Wildfire,-10.592679586415988,20.557509792281067,6.739336627357174,2026,1,1,0,3,0,-1
Wildfire,-10.596253838210467,16.860214289020835,6.739336627357174,2026,1,1,0,3,0,-1
Wildfire,-6.725148490916974,17.131500260722763,6.739336627357174,2026,1,1,0,3,0,-1
Wildfire,-10.448115035162164,20.32598755516862,6.739336627357174,2026,1,1,0,3,0,-1
Wildfire,-15.527532176805025,-63.27854420877394,6.739336627357174,2026,1,1,0,3,0,-1
Wildfire,-16.42574090593983,-60.18637660593399,6.739336627357174,2026,1,1,0,3,0,-1
Wildfire,-20.95738964063876,-57.077224755410256,6.739336627357174,2026,1,1,0,3,0,-1
Wildfire,-20.958508855496344,-56.905138184688056,6.739336627357174,2026,1,1,0,3,0,-1
Wildfire,-8.277484545436307,-47.21204268135545,6.739336627357174,2026,1,1,0,3,0,-1
Wildfire,-6.545690730939309,17.34284783351382,6.739336627357174,2026,1,1,0,3,0,-1
Wildfire,51.45508870302812,116.72450492610832,6.739336627357174,2026,1,1,0,3,0,-1
Wildfire,-15.698107644227113,-61.26753961092573,6.739336627357174,2026,1,1,0,3,0,-1
Wildfire,47.76,-119.39,7.280008252884188,2026,1,1,0,3,0,-1
Wildfire,62.38697126532642,-123.0008441916398,6.739336627357174,2026,1,1,0,3,0,-1
Wildfire,-15.238550780197029,-60.71370498885354,6.739336627357174,2026,1,1,0,3,0,-1
Wildfire,-13.184316339849184,-63.11952096644552,6.739336627357174,2026,1,1,0,3,0,-1
Wildfire,-15.790447278214229,-61.91564692725358,6.739336627357174,2026,1,1,0,3,0,-1
Wildfire,-13.504067280823127,-58.15096208988025,6.739336627357174,2026,1,1,0,3,0,-1
Wildfire,-15.836121344573447,136.13295342180731,6.739336627357174,2026,1,1,0,3,0,-1
Wildfire,57.3472941819545,-96.24970715146084,6.739336627357174,2026,1,1,0,3,0,-1
Wildfire,-19.318924346078045,19.54709961078492,6.739336627357174,2026,1,1,0,3,0,-1
Wildfire,-12.886570734952633,20.872731269287986,6.739336627357174,2026,1,1,0,3,0,-1
Wildfire,-16.094444217408792,13.511188374998,6.739336627357174,2026,1,1,0,3,0,-1
Wildfire,61.21470075755824,-109.3370927714659,6.739336627357174,2026,1,1,0,3,0,-1
Wildfire,-12.19762111955318,-65.01453518534717,6.739336627357174,2026,1,1,0,3,0,-1
Wildfire,-12.203804155095575,-65.00688594571938,6.739336627357174,2026,1,1,0,3,0,-1
Wildfire,-15.398676391228562,-62.794984356681205,6.739336627357174,2026,1,1,0,3,0,-1
Wildfire,-16.48497099989245,-58.95123474640866,6.739336627357174,2026,1,1,0,3,0,-1
Wildfire,-9.460667530099968,-60.53309977998192,6.739336627357174,2026,1,1,0,3,0,-1
Wildfire,-13.453086581746163,-46.0330167068896,6.739336627357174,2026,1,1,0,3,0,-1
Wildfire,-9.47159231389838,-60.52510661661587,6.739336627357174,2026,1,1,0,3,0,-1
Wildfire,-16.49706923364881,-59.66972066487884,6.739336627357174,2026,1,1,0,3,0,-1
Wildfire,-17.658758576450552,22.588538002350266,6.739336627357174,2026,1,1,0,3,0,-1
Wildfire,-14.44754145834721,-53.35240547391562,6.739336627357174,2026,1,1,0,3,0,-1
Wildfire,-14.0222510077032,-53.91413914525851,6.739336627357174,2026,1,1,0,3,0,-1
Wildfire,-15.192378240591731,20.360219602274142,6.739336627357174,2026,1,1,0,3,0,-1
Wildfire,-14.396132995716822,19.95415908123773,6.739336627357174,2026,1,1,0,3,0,-1
Wildfire,-14.192894526373667,21.2637874374924,6.739336627357174,2026,1,1,0,3,0,-1
Wildfire,-14.88841260278522,-58.64181644325555,6.739336627357174,2026,1,1,0,3,0,-1
Wildfire,-20.26177395096116,-57.626809121544525,6.739336627357174,2026,1,1,0,3,0,-1
Wildfire,-20.551146613347832,-57.701728493010016,6.739336627357174,2026,1,1,0,3,0,-1
Wildfire,-17.81831820946934,21.737372739204933,6.739336627357174,2026,1,1,0,3,0,-1
Wildfire,-15.4478618612443,21.10010818348781,6.739336627357174,2026,1,1,0,3,0,-1
Wildfire,-9.698409480218524,29.61045655436394,6.739336627357174,2026,1,1,0,3,0,-1
Wildfire,-9.191569824946132,24.68835445131486,6.739336627357174,2026,1,1,0,3,0,-1
Wildfire,-14.488360979994056,21.55446574806924,6.739336627357174,2026,1,1,0,3,0,-1
Wildfire,69.2727853904676,135.1335111707776,6.739336627357174,2026,1,1,0,3,0,-1
Wildfire,-16.914381777453723,16.469433968681084,6.739336627357174,2026,1,1,0,3,0,-1
Wildfire,-13.428289236817278,-57.05282847584889,6.739336627357174,2026,1,1,0,3,0,-1
Wildfire,-17.46862917263327,-58.182479566517216,6.739336627357174,2026,1,1,0,3,0,-1
Wildfire,-17.66319708678851,-58.41912881452696,6.739336627357174,2026,1,1,0,3,0,-1
Wildfire,55.51784008165352,-102.59187512240806,6.739336627357174,2026,1,1,0,3,0,-1
Wildfire,68.41891677587935,132.98995756601957,6.739336627357174,2026,1,1,0,3,0,-1
Wildfire,-14.402123481908673,17.098213156993193,6.739336627357174,2026,1,1,0,3,0,-1
Wildfire,-15.946869524031646,-62.10339399452697,6.739336627357174,2026,1,1,0,3,0,-1
Wildfire,-13.043803073759408,16.924071313525854,6.739336627357174,2026,1,1,0,3,0,-1
Wildfire,-13.48599659153236,-63.41328053219026,6.739336627357174,2026,1,1,0,3,0,-1
Wildfire,-20.82751508607654,-57.07694289963597,6.739336627357174,2026,1,1,0,3,0,-1
Wildfire,-14.101016586860917,19.96475905286889,6.739336627357174,2026,1,1,0,3,0,-1
Wildfire,-17.03493532988933,20.412123209843315,6.739336627357174,2026,1,1,0,3,0,-1
Wildfire,-18.435282717686185,126.64166286187688,6.739336627357174,2026,1,1,0,3,0,-1
Wildfire,-10.48570507724433,16.798488114924844,6.739336627357174,2026,1,1,0,3,0,-1
Wildfire,42.91586667,-122.9368,7.313886831633462,2026,1,1,0,3,0,-1
Wildfire,42.915867,-122.9368,7.51425465281641,2026,1,1,0,3,0,-1
Wildfire,26.4033333,-80.7269444,7.601402334583733,2026,1,1,0,3,0,-1
Wildfire,-16.77548075154814,-58.67186347220135,6.739336627357174,2026,1,1,0,3,0,-1
Wildfire,-12.2636862040138,136.52377610489145,6.739336627357174,2026,1,1,0,3,0,-1
Wildfire,-12.047520690747485,-50.569978160874285,6.739336627357174,2026,1,1,0,3,0,-1
Wildfire,42.54313056440227,-119.71450087432684,6.739336627357174,2026,1,1,0,3,0,-1
Wildfire,61.89678762770843,-110.43719024808372,6.739336627357174,2026,1,1,0,3,0,-1
Wildfire,-13.140504819033817,136.42820353683808,6.739336627357174,2026,1,1,0,3,0,-1
Wildfire,-12.246731117178166,136.5048920390548,6.739336627357174,2026,1,1,0,3,0,-1
Wildfire,-15.681039152683274,18.743761226570133,6.739336627357174,2026,1,1,0,3,0,-1
Wildfire,-19.73197522870363,29.59544518409836,6.739336627357174,2026,1,1,0,3,0,-1
Wildfire,-18.26017126018422,33.37212583694813,6.739336627357174,2026,1,1,0,3,0,-1
Wildfire,-16.387147879079013,-58.791626735947546,6.739336627357174,2026,1,1,0,3,0,-1
Wildfire,56.15207974572096,-97.1415075741185,6.739336627357174,2026,1,1,0,3,0,-1
Wildfire,-13.921815348734858,21.283424452609488,6.739336627357174,2026,1,1,0,3,0,-1
Wildfire,-27.80489207757672,29.72475159403752,6.739336627357174,2026,1,1,0,3,0,-1
Wildfire,-10.03365607159178,29.077168005606588,6.739336627357174,2026,1,1,0,3,0,-1
Wildfire,-11.905234868343705,28.95292516534612,6.739336627357174,2026,1,1,0,3,0,-1
Wildfire,-18.746508995659173,128.5462380506904,6.739336627357174,2026,1,1,0,3,0,-1
Wildfire,-13.060531341220129,-56.867668667706376,6.739336627357174,2026,1,1,0,3,0,-1
Wildfire,-17.456884411964044,-58.08051580809457,6.739336627357174,2026,1,1,0,3,0,-1
Wildfire,-10.068989624458244,31.9090860420408,6.739336627357174,2026,1,1,0,3,0,-1
Wildfire,-11.889758892637506,30.724400192871155,6.739336627357174,2026,1,1,0,3,0,-1
Wildfire,-9.230201567934092,24.98446284842584,6.739336627357174,2026,1,1,0,3,0,-1
Wildfire,-6.894342975234373,-59.34708652459464,6.739336627357174,2026,1,1,0,3,0,-1
Wildfire,-7.5304795920339505,-55.02591174847424,6.739336627357174,2026,1,1,0,3,0,-1
Wildfire,-17.845918483604034,138.48983729647998,6.739336627357174,2026,1,1,0,3,0,-1
Wildfire,61.035437732927896,-109.92223045987647,6.739336627357174,2026,1,1,0,3,0,-1
Wildfire,59.333487446603925,-110.27862023838108,6.739336627357174,2026,1,1,0,3,0,-1
Wildfire,-14.403290534269294,26.71037193666046,6.739336627357174,2026,1,1,0,3,0,-1
Wildfire,-16.160043292675116,15.329146729842268,6.739336627357174,2026,1,1,0,3,0,-1
Wildfire,-16.856128264671213,124.50974286521271,6.739336627357174,2026,1,1,0,3,0,-1
Wildfire,-15.806706502008447,-47.21327906288065,6.739336627357174,2026,1,1,0,3,0,-1
Wildfire,-12.78612174319004,-64.13300990581189,6.739336627357174,2026,1,1,0,3,0,-1
Wildfire,-12.95715237882413,-65.25141504706424,6.739336627357174,2026,1,1,0,3,0,-1
Wildfire,-20.58548672651901,-57.27319787021333,6.739336627357174,2026,1,1,0,3,0,-1
Wildfire,-17.395734267835696,18.94432764544416,6.739336627357174,2026,1,1,0,3,0,-1
Wildfire,-16.84153437314085,21.70085764670925,6.739336627357174,2026,1,1,0,3,0,-1
Wildfire,-17.814982997982742,33.473466874195495,6.739336627357174,2026,1,1,0,3,0,-1
Wildfire,-15.388496234683435,38.26486161236238,6.739336627357174,2026,1,1,0,3,0,-1
Wildfire,-7.8908781271200095,25.957419811987258,6.739336627357174,2026,1,1,0,3,0,-1
Wildfire,-5.966741251246056,32.0633647260093,6.739336627357174,2026,1,1,0,3,0,-1
Wildfire,-10.71840312662546,20.66461182979226,6.739336627357174,2026,1,1,0,3,0,-1
Wildfire,-12.123175198936774,17.742517104643238,6.739336627357174,2026,1,1,0,3,0,-1
Wildfire,-12.929787591280991,29.9287401843994,6.739336627357174,2026,1,1,0,3,0,-1
Wildfire,-11.115138372735371,29.514743371706103,6.739336627357174,2026,1,1,0,3,0,-1
Wildfire,-14.992980161130308,16.297662173598987,6.739336627357174,2026,1,1,0,3,0,-1
Wildfire,-11.085598185879608,28.86210661567649,6.739336627357174,2026,1,1,0,3,0,-1
Wildfire,-16.124347262813174,25.86194638752256,6.739336627357174,2026,1,1,0,3,0,-1
Wildfire,53.31431666053767,-125.7921088720836,6.739336627357174,2026,1,1,0,3,0,-1
Wildfire,-14.111207381303286,18.71941241729047,6.739336627357174,2026,1,1,0,3,0,-1
Wildfire,-14.416631569689097,36.29694028899707,6.739336627357174,2026,1,1,0,3,0,-1
Wildfire,-15.705454965163472,20.84211910337522,6.739336627357174,2026,1,1,0,3,0,-1
Wildfire,-10.187609912360324,29.343714874529336,6.739336627357174,2026,1,1,0,3,0,-1
Wildfire,-6.649861606958802,17.276711406054744,6.739336627357174,2026,1,1,0,3,0,-1
Wildfire,-13.321841160489344,-65.10588902434989,6.739336627357174,2026,1,1,0,3,0,-1
Wildfire,-5.715335092456242,17.531058669493557,6.739336627357174,2026,1,1,0,3,0,-1
Wildfire,-17.6797610384837,22.93018176237189,6.739336627357174,2026,1,1,0,3,0,-1
Wildfire,-13.597518450615732,-64.97577515698178,6.739336627357174,2026,1,1,0,3,0,-1
Wildfire,-11.4710303285713,-69.46856975448054,6.739336627357174,2026,1,1,0,3,0,-1
Wildfire,-14.72671092546764,18.14851601575095,6.739336627357174,2026,1,1,0,3,0,-1
Wildfire,-8.695170644193439,-46.91144241860938,6.739336627357174,2026,1,1,0,3,0,-1
Wildfire,-17.54309854941877,-58.382682189890446,6.739336627357174,2026,1,1,0,3,0,-1
Wildfire,-6.389306514181402,17.14656624419915,6.739336627357174,2026,1,1,0,3,0,-1
Wildfire,-6.443550408790158,16.82043019190173,6.739336627357174,2026,1,1,0,3,0,-1
Wildfire,-6.031673672866818,-47.69691913362631,6.739336627357174,2026,1,1,0,3,0,-1
Wildfire,41.67925,-113.461593,6.38856140554563,2026,1,1,0,3,0,-1
Wildfire,41.251467,-123.51795,7.3914152346753585,2026,1,1,0,3,0,-1
Wildfire,48.67895,-121.04844,6.90875477931522,2026,1,1,0,3,0,-1
Wildfire,34.1394444,-85.4072222,6.363028103540465,2026,1,1,0,3,0,-1
Wildfire,32.75296667,-99.22028333,6.2166061010848646,2026,1,1,0,3,0,-1
Wildfire,-16.418139832958996,137.69697609195632,6.739336627357174,2026,1,1,0,3,0,-1
Wildfire,-12.971253502386832,21.353949628729183,6.739336627357174,2026,1,1,0,3,0,-1
Wildfire,-9.835956615312345,18.98992379479127,6.739336627357174,2026,1,1,0,3,0,-1
Wildfire,-9.957288109713872,21.019039800024853,6.739336627357174,2026,1,1,0,3,0,-1
Wildfire,-14.10862587496676,132.00090587852603,6.739336627357174,2026,1,1,0,3,0,-1
Wildfire,-11.831645710590054,17.410596715065914,6.739336627357174,2026,1,1,0,3,0,-1
Wildfire,-8.142904282245416,19.292491836802824,6.739336627357174,2026,1,1,0,3,0,-1
Wildfire,-25.00594809561931,30.36445309377834,6.739336627357174,2026,1,1,0,3,0,-1
Wildfire,55.64345624878132,-100.68773812723656,6.739336627357174,2026,1,1,0,3,0,-1
Wildfire,-12.62446145479287,135.58710393677094,6.739336627357174,2026,1,1,0,3,0,-1
Wildfire,-10.160652137271052,-50.341626952012255,6.739336627357174,2026,1,1,0,3,0,-1
Wildfire,41.00581652200888,21.603703840136347,6.739336627357174,2026,1,1,0,3,0,-1
Wildfire,-7.0391550465283945,26.33613612308704,6.739336627357174,2026,1,1,0,3,0,-1
Wildfire,57.899871476026384,-99.27474590829208,6.739336627357174,2026,1,1,0,3,0,-1
Wildfire,-15.297324438448186,-52.82588717149255,6.739336627357174,2026,1,1,0,3,0,-1
Wildfire,59.82789539277236,-118.22984602421349,6.739336627357174,2026,1,1,0,3,0,-1
Wildfire,-11.491865611050624,29.46955824970895,6.739336627357174,2026,1,1,0,3,0,-1
Wildfire,-16.32313465920242,38.33149466386529,6.739336627357174,2026,1,1,0,3,0,-1
Wildfire,59.35619501680544,-110.07845117168677,6.739336627357174,2026,1,1,0,3,0,-1
Wildfire,-12.622069511858545,135.58183207375475,6.739336627357174,2026,1,1,0,3,0,-1
Wildfire,58.85878297384063,-115.1034105533651,6.739336627357174,2026,1,1,0,3,0,-1
Wildfire,53.26637108670587,116.77103458735908,6.739336627357174,2026,1,1,0,3,0,-1
Wildfire,-10.490766093705354,16.982449997403368,6.739336627357174,2026,1,1,0,3,0,-1
Wildfire,62.573446357410354,-120.08133142614156,6.739336627357174,2026,1,1,0,3,0,-1
Wildfire,57.55306977904631,-110.6771671475658,6.739336627357174,2026,1,1,0,3,0,-1
Wildfire,-9.37179275469114,-57.72058611446944,6.739336627357174,2026,1,1,0,3,0,-1
Wildfire,57.191430740182426,-110.13927869213316,6.739336627357174,2026,1,1,0,3,0,-1
Wildfire,56.63654658919154,-102.96807424334273,6.739336627357174,2026,1,1,0,3,0,-1
Wildfire,41.24981448743224,-123.47654562365804,6.739336627357174,2026,1,1,0,3,0,-1
Wildfire,-16.775445481296778,124.51349310735417,6.739336627357174,2026,1,1,0,3,0,-1
Wildfire,-8.010835425676891,-55.46487159183371,6.739336627357174,2026,1,1,0,3,0,-1
Wildfire,-14.4007523586004,20.034239933444457,6.739336627357174,2026,1,1,0,3,0,-1
Wildfire,-17.687878030874682,19.56404997876438,6.739336627357174,2026,1,1,0,3,0,-1
Wildfire,-16.08775106700888,21.34918271008124,6.739336627357174,2026,1,1,0,3,0,-1
Wildfire,-10.792968833703478,18.77651833355667,6.739336627357174,2026,1,1,0,3,0,-1
Wildfire,-15.528754936675302,20.89263820765317,6.739336627357174,2026,1,1,0,3,0,-1
Wildfire,-15.755812079351251,16.576938468146945,6.739336627357174,2026,1,1,0,3,0,-1
Wildfire,-14.829761667652338,15.5204106787357,6.739336627357174,2026,1,1,0,3,0,-1
Wildfire,-15.59139398929099,15.903745795672132,6.739336627357174,2026,1,1,0,3,0,-1
Wildfire,-18.25798874415814,33.389788505490245,6.739336627357174,2026,1,1,0,3,0,-1
Wildfire,-6.406787790844369,17.284976798157384,6.739336627357174,2026,1,1,0,3,0,-1
Wildfire,-15.873039809908931,15.65040275301542,6.739336627357174,2026,1,1,0,3,0,-1
Wildfire,-15.33941463065836,-57.04336580518934,6.739336627357174,2026,1,1,0,3,0,-1
Wildfire,-12.636606295168807,20.81621520931976,6.739336627357174,2026,1,1,0,3,0,-1
Wildfire,54.51840149444509,115.74486777801184,6.739336627357174,2026,1,1,0,3,0,-1
Wildfire,-15.298363392977132,15.53591779418652,6.739336627357174,2026,1,1,0,3,0,-1
Wildfire,-10.114352665716664,19.986680978986005,6.739336627357174,2026,1,1,0,3,0,-1
Wildfire,-12.43892927088424,29.715926912264187,6.739336627357174,2026,1,1,0,3,0,-1
Wildfire,-3.991693888244473,19.35853001342036,6.739336627357174,2026,1,1,0,3,0,-1
Wildfire,-11.412803720634788,20.75058038143281,6.739336627357174,2026,1,1,0,3,0,-1
Wildfire,-16.211636771459492,20.03247439574229,6.739336627357174,2026,1,1,0,3,0,-1
Wildfire,-13.34514815274238,23.540287259492096,6.739336627357174,2026,1,1,0,3,0,-1
Wildfire,-16.190093833798805,18.240625409462588,6.739336627357174,2026,1,1,0,3,0,-1
Wildfire,-10.571240896191608,18.213592108231115,6.739336627357174,2026,1,1,0,3,0,-1
Wildfire,-16.692567541422964,20.7418085551293,6.739336627357174,2026,1,1,0,3,0,-1
Wildfire,-11.74938598604808,18.11853061005632,6.739336627357174,2026,1,1,0,3,0,-1
Wildfire,-13.38843588478171,38.86234298722486,6.739336627357174,2026,1,1,0,3,0,-1
Wildfire,-18.55764446677315,33.1435432629932,6.739336627357174,2026,1,1,0,3,0,-1
Wildfire,-9.628217467834396,27.613096044294263,6.739336627357174,2026,1,1,0,3,0,-1
Wildfire,44.171802,-115.797332,8.405143687607614,2026,1,1,0,3,0,-1
Wildfire,33.647,-98.7064,6.2166061010848646,2026,1,1,0,3,0,-1
Wildfire,-11.665331754826065,17.419449168661618,6.739336627357174,2026,1,1,0,3,0,-1
Wildfire,-29.239963157341748,29.51443662288572,6.739336627357174,2026,1,1,0,3,0,-1
Wildfire,62.87852059481824,-123.2968752128533,6.739336627357174,2026,1,1,0,3,0,-1
Wildfire,-8.475433080179185,19.23555621047728,6.739336627357174,2026,1,1,0,3,0,-1
Wildfire,-17.363753888994847,20.90392062390743,6.739336627357174,2026,1,1,0,3,0,-1
Wildfire,-9.911428853610364,18.152190739753024,6.739336627357174,2026,1,1,0,3,0,-1
Wildfire,-18.706748469601155,20.035111361729093,6.739336627357174,2026,1,1,0,3,0,-1
Wildfire,-19.44296982641809,33.705260775048,6.739336627357174,2026,1,1,0,3,0,-1
Wildfire,-8.990588120565578,25.23573387858201,6.739336627357174,2026,1,1,0,3,0,-1
Wildfire,-12.692599141439684,14.6101421608078,6.739336627357174,2026,1,1,0,3,0,-1
Wildfire,-10.471142968304374,22.15144022515705,6.739336627357174,2026,1,1,0,3,0,-1
Wildfire,60.18158843824632,-116.91694415567842,6.739336627357174,2026,1,1,0,3,0,-1
Wildfire,-13.46722963780016,135.3718115339192,6.739336627357174,2026,1,1,0,3,0,-1
Wildfire,61.94978786042528,126.76878145661207,6.739336627357174,2026,1,1,0,3,0,-1
Wildfire,-10.90420654521484,21.53782518827715,6.739336627357174,2026,1,1,0,3,0,-1
Wildfire,-10.85528829764348,18.87473327024376,6.739336627357174,2026,1,1,0,3,0,-1
Wildfire,-24.51272570086025,22.32623187367586,6.739336627357174,2026,1,1,0,3,0,-1
Wildfire,59.45891244245843,118.25168691739756,6.739336627357174,2026,1,1,0,3,0,-1
Wildfire,-33.296252336944924,25.59540103336138,6.739336627357174,2026,1,1,0,3,0,-1
Wildfire,55.80950223411383,-107.09413218669188,6.739336627357174,2026,1,1,0,3,0,-1
Wildfire,61.45324957108706,-126.08761868914458,6.739336627357174,2026,1,1,0,3,0,-1
Wildfire,-16.96994576586077,20.15880657814641,6.739336627357174,2026,1,1,0,3,0,-1
Wildfire,-7.518301143442441,27.011708557313263,6.739336627357174,2026,1,1,0,3,0,-1
Wildfire,-18.765410706923674,20.43275748460005,6.739336627357174,2026,1,1,0,3,0,-1
Wildfire,-16.9931508148158,37.170330501725815,6.739336627357174,2026,1,1,0,3,0,-1
Wildfire,-6.582370562895632,25.787787359555377,6.739336627357174,2026,1,1,0,3,0,-1
Wildfire,-12.373388810325023,29.329459202597715,6.739336627357174,2026,1,1,0,3,0,-1
Wildfire,-13.422952986999825,21.25317223833346,6.739336627357174,2026,1,1,0,3,0,-1
Wildfire,-13.683420769019428,21.05097425855668,6.739336627357174,2026,1,1,0,3,0,-1
Wildfire,40.515167,-107.779833,7.057897937411856,2026,1,1,0,3,0,-1
Wildfire,33.06912509,-99.3484047,7.090909822079984,2026,1,1,0,3,0,-1
Wildfire,46.883546,-107.409668,6.283760957110508,2026,1,1,0,3,0,-1
Wildfire,38.828893,-120.697385,7.441906728051625,2026,1,1,0,3,0,-1
Wildfire,35.457633,-114.09145,8.424419791263883,2026,1,1,0,3,0,-1
Wildfire,-3.119016695862314,34.837992701020966,6.739336627357174,2026,1,1,0,3,0,-1
Wildfire,44.18281217637123,-116.39962506823476,6.739336627357174,2026,1,1,0,3,0,-1
Wildfire,44.15538298742136,-116.43130702581269,6.739336627357174,2026,1,1,0,3,0,-1
Wildfire,-7.88079376547864,25.696567669232344,6.739336627357174,2026,1,1,0,3,0,-1
Wildfire,-14.285901793051575,-51.77122982623361,6.739336627357174,2026,1,1,0,3,0,-1
Wildfire,-8.192809590044861,25.74915627699163,6.739336627357174,2026,1,1,0,3,0,-1
Wildfire,-10.50317903672992,19.834502970737685,6.739336627357174,2026,1,1,0,3,0,-1
Wildfire,-11.99844675863612,37.51385326761552,6.739336627357174,2026,1,1,0,3,0,-1
Wildfire,-8.27949543572431,25.18131611988074,6.739336627357174,2026,1,1,0,3,0,-1
Wildfire,62.47203600916757,-122.10801845481106,6.739336627357174,2026,1,1,0,3,0,-1
Wildfire,-14.436998005381406,126.72550069172485,6.739336627357174,2026,1,1,0,3,0,-1
Wildfire,-7.220369434970927,-55.09863150105564,6.739336627357174,2026,1,1,0,3,0,-1
Wildfire,-12.733180973963483,132.84381489594074,6.739336627357174,2026,1,1,0,3,0,-1
Wildfire,-29.58136828546114,29.42041000353042,6.739336627357174,2026,1,1,0,3,0,-1
Wildfire,-10.433247097741909,16.22458648830003,6.739336627357174,2026,1,1,0,3,0,-1
Wildfire,-10.60890856775524,21.38314647871326,6.739336627357174,2026,1,1,0,3,0,-1
Wildfire,-8.427195996581297,24.897044862742792,6.739336627357174,2026,1,1,0,3,0,-1
Wildfire,-8.189774254468674,26.155631971243047,6.739336627357174,2026,1,1,0,3,0,-1
Wildfire,-14.91052065231241,-58.823189133044885,6.739336627357174,2026,1,1,0,3,0,-1
Wildfire,-14.535952519980285,126.79677158161532,6.739336627357174,2026,1,1,0,3,0,-1
Wildfire,63.27346943590529,-118.41377313076252,6.739336627357174,2026,1,1,0,3,0,-1
Wildfire,-13.728372861342946,133.9361094799308,6.739336627357174,2026,1,1,0,3,0,-1
Wildfire,-8.664891968664298,-66.57162441811263,6.739336627357174,2026,1,1,0,3,0,-1
Wildfire,59.29226888153289,-119.6423213411406,6.739336627357174,2026,1,1,0,3,0,-1
Wildfire,-11.290326420115331,15.630633609487576,6.739336627357174,2026,1,1,0,3,0,-1
Wildfire,61.10774965533363,-126.34563952884278,6.739336627357174,2026,1,1,0,3,0,-1
Wildfire,-7.265953751730867,33.99494387729953,6.739336627357174,2026,1,1,0,3,0,-1
Wildfire,-10.188544068398588,16.918764364065847,6.739336627357174,2026,1,1,0,3,0,-1
Wildfire,-10.939733541589888,18.97365163567921,6.739336627357174,2026,1,1,0,3,0,-1
Wildfire,-11.4135226702082,18.345874985920496,6.739336627357174,2026,1,1,0,3,0,-1
Wildfire,-11.8923022999911,18.0646856267071,6.739336627357174,2026,1,1,0,3,0,-1
Wildfire,-4.262890241531774,144.00993506202278,6.739336627357174,2026,1,1,0,3,0,-1
Wildfire,-15.100261603251315,20.34111421325151,6.739336627357174,2026,1,1,0,3,0,-1
Wildfire,-9.44117860933162,18.993001445418138,6.739336627357174,2026,1,1,0,3,0,-1
Wildfire,-12.67607074968209,29.59480812273303,6.739336627357174,2026,1,1,0,3,0,-1
Wildfire,-12.098372689800524,28.57257905037021,6.739336627357174,2026,1,1,0,3,0,-1
Wildfire,-14.32209292058026,15.775437724261751,6.739336627357174,2026,1,1,0,3,0,-1
Wildfire,59.54751316911739,-121.03705560021936,6.739336627357174,2026,1,1,0,3,0,-1
Wildfire,59.88085888772943,-121.83771106118938,6.739336627357174,2026,1,1,0,3,0,-1
Wildfire,41.5955,-111.370667,7.201170883281678,2026,1,1,0,3,0,-1
Wildfire,34.225,-111.671667,7.81762544305337,2026,1,1,0,3,0,-1
Wildfire,44.15905,-115.713217,6.577861357721047,2026,1,1,0,3,0,-1
Wildfire,44.131321,-115.774671,7.020190708311925,2026,1,1,0,3,0,-1
Wildfire,43.988667,-115.82,6.2166061010848646,2026,1,1,0,3,0,-1
Wildfire,44.548367,-115.840167,8.308691916838898,2026,1,1,0,3,0,-1
Wildfire,44.212367,-115.90005,6.963189985870238,2026,1,1,0,3,0,-1
Wildfire,44.717278,-115.810944,7.078341579557671,2026,1,1,0,3,0,-1
Wildfire,44.15945,-116.511238,11.943135216835444,2026,1,1,0,3,0,-1
Wildfire,46.175117,-121.601617,8.329899292995725,2026,1,1,0,3,0,-1
Wildfire,42.427783,-119.8052,9.741027444837728,2026,1,1,0,3,0,-1
Wildfire,-6.513207717393907,-53.18034183995822,6.739336627357174,2026,1,1,0,3,0,-1
Wildfire,-15.942761492417016,-60.32030421365226,6.739336627357174,2026,1,1,0,3,0,-1
Wildfire,44.104766767478445,-116.513182784887,6.739336627357174,2026,1,1,0,3,0,-1
Wildfire,64.87778515209298,-124.1771407550616,6.739336627357174,2026,1,1,0,3,0,-1
Wildfire,42.40364600817043,-119.74800423002428,6.739336627357174,2026,1,1,0,3,0,-1
Wildfire,-17.638315438406558,-58.3323755939709,6.739336627357174,2026,1,1,0,3,0,-1
Wildfire,-14.760045795163157,-58.71446207871114,6.739336627357174,2026,1,1,0,3,0,-1
Wildfire,46.118277963299256,-121.56357449502698,6.739336627357174,2026,1,1,0,3,0,-1
Wildfire,-19.835102333527768,-58.184518191507166,6.739336627357174,2026,1,1,0,3,0,-1
Wildfire,-13.459877033028674,38.35483628375631,6.739336627357174,2026,1,1,0,3,0,-1
Wildfire,-15.9014010403616,-53.71027573378955,6.739336627357174,2026,1,1,0,3,0,-1
Wildfire,-9.981767045924173,19.024946824154743,6.739336627357174,2026,1,1,0,3,0,-1
Wildfire,-7.860002379800991,25.70830354722136,6.739336627357174,2026,1,1,0,3,0,-1
Wildfire,64.32804146673736,-115.7050503519746,6.739336627357174,2026,1,1,0,3,0,-1
Wildfire,44.571535194561314,-115.80707788624568,6.739336627357174,2026,1,1,0,3,0,-1
Wildfire,-14.2781707762958,132.6935192333349,6.739336627357174,2026,1,1,0,3,0,-1
Wildfire,-15.279524485646853,-52.5434424140133,6.739336627357174,2026,1,1,0,3,0,-1
Wildfire,-17.055318478888736,122.53514376395196,6.739336627357174,2026,1,1,0,3,0,-1
Wildfire,-16.775670564374472,124.74919631519712,6.739336627357174,2026,1,1,0,3,0,-1
Wildfire,-13.954398265333335,134.36027907167613,6.739336627357174,2026,1,1,0,3,0,-1
Wildfire,-9.412195924589948,22.00877043022423,6.739336627357174,2026,1,1,0,3,0,-1
Wildfire,-8.274872648127918,25.427409059021148,6.739336627357174,2026,1,1,0,3,0,-1
Wildfire,-15.98305944183996,16.87199919822617,6.739336627357174,2026,1,1,0,3,0,-1
Wildfire,-9.702607553516687,18.972326490807447,6.739336627357174,2026,1,1,0,3,0,-1
Wildfire,-9.54086563961783,19.73620233609393,6.739336627357174,2026,1,1,0,3,0,-1
Wildfire,60.42678768847011,-117.87085801494892,6.739336627357174,2026,1,1,0,3,0,-1
Wildfire,59.6291638682936,-119.00772223617548,6.739336627357174,2026,1,1,0,3,0,-1
Wildfire,64.34665976914006,-115.8456456544358,6.739336627357174,2026,1,1,0,3,0,-1
Wildfire,60.605419194758966,-119.90653881917125,6.739336627357174,2026,1,1,0,3,0,-1
Wildfire,-15.303118232876187,15.800083969463865,6.739336627357174,2026,1,1,0,3,0,-1
Wildfire,-9.115927948868416,18.97752945994985,6.739336627357174,2026,1,1,0,3,0,-1
Wildfire,-10.639485206665215,19.251788689006048,6.739336627357174,2026,1,1,0,3,0,-1
Wildfire,-6.210527048264687,30.01407802350409,6.739336627357174,2026,1,1,0,3,0,-1
Wildfire,-8.660606965648476,18.972707764416214,6.739336627357174,2026,1,1,0,3,0,-1
Wildfire,-13.98647286982621,131.81217711473005,6.739336627357174,2026,1,1,0,3,0,-1
Wildfire,-13.158857110592407,132.4877493216857,6.739336627357174,2026,1,1,0,3,0,-1
Wildfire,61.72032798608005,-108.44006808056268,6.739336627357174,2026,1,1,0,3,0,-1
Wildfire,60.63705838031166,-120.2359964481662,6.739336627357174,2026,1,1,0,3,0,-1
Wildfire,-17.54733883499211,128.05259722550417,6.739336627357174,2026,1,1,0,3,0,-1
Wildfire,60.62049898563789,-120.40166423581684,6.739336627357174,2026,1,1,0,3,0,-1
Wildfire,64.0674983651149,-120.77511521557297,6.739336627357174,2026,1,1,0,3,0,-1
Wildfire,65.38220507540997,-124.79246762671676,6.739336627357174,2026,1,1,0,3,0,-1
Wildfire,-10.213453883843693,18.998678840590514,6.739336627357174,2026,1,1,0,3,0,-1
Wildfire,-11.930867832489376,15.602596322375495,6.739336627357174,2026,1,1,0,3,0,-1
Wildfire,-7.267894346223201,33.96804903556129,6.739336627357174,2026,1,1,0,3,0,-1
Wildfire,-16.51086343547693,37.81623182225278,6.739336627357174,2026,1,1,0,3,0,-1
Wildfire,42.75945,-117.177217,9.311253010477964,2026,1,1,0,3,0,-1
Wildfire,43.315033,-118.45525,8.778325928634482,2026,1,1,0,3,0,-1
Wildfire,45.2409,-106.0297,7.048386408721883,2026,1,1,0,3,0,-1
Wildfire,44.8775,-117.254967,9.825580063659602,2026,1,1,0,3,0,-1
Wildfire,44.947334,-120.656555,6.448889394146858,2026,1,1,0,3,0,-1
Wildfire,35.64805,-117.978333,6.2166061010848646,2026,1,1,0,3,0,-1
Wildfire,-9.352624124449656,19.77260989248084,6.739336627357174,2026,1,1,0,3,0,-1
Wildfire,-11.817766945442989,30.69600167215756,6.739336627357174,2026,1,1,0,3,0,-1
Wildfire,-9.778791453640409,21.75692408363964,6.739336627357174,2026,1,1,0,3,0,-1
Wildfire,-9.680433085189511,29.267042658578145,6.739336627357174,2026,1,1,0,3,0,-1
Wildfire,65.01680514396004,111.7138261719256,6.739336627357174,2026,1,1,0,3,0,-1
Wildfire,64.77384350077484,-120.6948395620264,6.739336627357174,2026,1,1,0,3,0,-1
Wildfire,-13.516703422806971,-65.0737198040012,6.739336627357174,2026,1,1,0,3,0,-1
Wildfire,44.85486741423762,-117.20115108622176,6.739336627357174,2026,1,1,0,3,0,-1
Wildfire,64.61426511657186,-123.56573306318104,6.739336627357174,2026,1,1,0,3,0,-1
Wildfire,-13.695656864127756,-51.93524801465929,6.739336627357174,2026,1,1,0,3,0,-1
Wildfire,-14.389113044808957,26.528127303397333,6.739336627357174,2026,1,1,0,3,0,-1
Wildfire,-9.514836713115448,18.488270585993703,6.739336627357174,2026,1,1,0,3,0,-1
Wildfire,-9.027972151377876,25.45517832235084,6.739336627357174,2026,1,1,0,3,0,-1
Wildfire,-12.73457032948339,31.78819806416031,6.739336627357174,2026,1,1,0,3,0,-1
Wildfire,65.27763147874036,-125.0046158047154,6.739336627357174,2026,1,1,0,3,0,-1
Wildfire,-12.519025194699214,-62.683280683658246,6.739336627357174,2026,1,1,0,3,0,-1
Wildfire,-7.812994440620174,-55.09305059084417,6.739336627357174,2026,1,1,0,3,0,-1
Wildfire,-10.720004237543892,19.06415731966212,6.739336627357174,2026,1,1,0,3,0,-1
Wildfire,-14.1158251140945,26.507091237795105,6.739336627357174,2026,1,1,0,3,0,-1
Wildfire,-10.689321487780033,16.4418328234585,6.739336627357174,2026,1,1,0,3,0,-1
Wildfire,-10.14795172213906,22.03083874279076,6.739336627357174,2026,1,1,0,3,0,-1
Wildfire,-8.025236069347994,18.69138715437269,6.739336627357174,2026,1,1,0,3,0,-1
Wildfire,-10.169825808703113,18.907603905869728,6.739336627357174,2026,1,1,0,3,0,-1
Wildfire,-12.874484792810703,16.89342035564635,6.739336627357174,2026,1,1,0,3,0,-1
Wildfire,-7.929895399257687,18.87155885279979,6.739336627357174,2026,1,1,0,3,0,-1
Wildfire,60.42223566426684,-117.3354277296681,6.739336627357174,2026,1,1,0,3,0,-1
Wildfire,-15.1405487250781,15.51840137565827,6.739336627357174,2026,1,1,0,3,0,-1
Wildfire,-10.831274793133332,16.458213195288046,6.739336627357174,2026,1,1,0,3,0,-1
Wildfire,65.56013865761805,-125.0429213757997,6.739336627357174,2026,1,1,0,3,0,-1
Wildfire,-13.35616890374431,24.19552112862068,6.739336627357174,2026,1,1,0,3,0,-1
Wildfire,-8.680722613807973,24.47465527692169,6.739336627357174,2026,1,1,0,3,0,-1
Wildfire,-14.379034784578272,24.139828536014964,6.739336627357174,2026,1,1,0,3,0,-1
Wildfire,-9.779666298450838,19.23499681324509,6.739336627357174,2026,1,1,0,3,0,-1
Wildfire,-8.87300699236297,18.89972243591416,6.739336627357174,2026,1,1,0,3,0,-1
Wildfire,64.89154622835333,-118.7236497998273,6.739336627357174,2026,1,1,0,3,0,-1
Wildfire,-10.15194515130268,19.04215617852153,6.739336627357174,2026,1,1,0,3,0,-1
Wildfire,-10.583121295725292,18.092108796367,6.739336627357174,2026,1,1,0,3,0,-1
Wildfire,-10.96369842012516,18.8639807110071,6.739336627357174,2026,1,1,0,3,0,-1
Wildfire,-12.016776168704473,17.96743345446735,6.739336627357174,2026,1,1,0,3,0,-1
Wildfire,-11.10705809539809,17.92693578449188,6.739336627357174,2026,1,1,0,3,0,-1
Wildfire,-11.60871599460872,29.38872012575618,6.739336627357174,2026,1,1,0,3,0,-1
Wildfire,-9.893536694579284,-48.43635266282671,6.739336627357174,2026,1,1,0,3,0,-1
Wildfire,-14.271985623896812,24.27752605279076,6.739336627357174,2026,1,1,0,3,0,-1
Wildfire,45.344722,-104.776944,6.803505257608338,2026,1,1,0,3,0,-1
Wildfire,44.53965,-106.040317,8.853808274977197,2026,1,1,0,3,0,-1
Wildfire,-20.310028676799234,-57.487369340493615,6.739336627357174,2026,1,1,0,3,0,-1
Wildfire,-21.589417437328365,139.428796591869,6.739336627357174,2026,1,1,0,3,0,-1
Wildfire,-8.967197494855977,-46.96174106809628,6.739336627357174,2026,1,1,0,3,0,-1
Wildfire,63.88849521359556,-122.1311555103031,6.739336627357174,2026,1,1,0,3,0,-1
Wildfire,-20.240901187621432,-58.33992344042228,6.739336627357174,2026,1,1,0,3,0,-1
Wildfire,-9.88469368215734,18.566386394147774,6.739336627357174,2026,1,1,0,3,0,-1
Wildfire,-16.5952967683264,20.980663471300435,6.739336627357174,2026,1,1,0,3,0,-1
Wildfire,-19.5174100696309,-58.07643676291552,6.739336627357174,2026,1,1,0,3,0,-1
Wildfire,63.91081379888196,-122.3786750707699,6.739336627357174,2026,1,1,0,3,0,-1
Wildfire,63.84939673958774,-121.89404736374412,6.739336627357174,2026,1,1,0,3,0,-1
Wildfire,-10.030935100732732,29.43273511289527,6.739336627357174,2026,1,1,0,3,0,-1
Wildfire,64.53814144175459,-120.32851000026014,6.739336627357174,2026,1,1,0,3,0,-1
Wildfire,-14.701049427648964,-56.59598346209846,6.739336627357174,2026,1,1,0,3,0,-1
Wildfire,-10.618628168408955,-63.55480201846033,6.739336627357174,2026,1,1,0,3,0,-1
Wildfire,50.61309016479366,-78.8656634890938,6.739336627357174,2026,1,1,0,3,0,-1
Wildfire,60.82965219565045,-117.838185689205,6.739336627357174,2026,1,1,0,3,0,-1
Wildfire,-8.186366850316887,-52.04157080285729,6.739336627357174,2026,1,1,0,3,0,-1
Wildfire,-14.849551428304316,20.86519884725328,6.739336627357174,2026,1,1,0,3,0,-1
Wildfire,-10.939782249456778,22.67713208515084,6.739336627357174,2026,1,1,0,3,0,-1
Wildfire,63.31159847359163,-141.16252732802874,6.739336627357174,2026,1,1,0,3,0,-1
Wildfire,-9.511779783653134,19.19413870232772,6.739336627357174,2026,1,1,0,3,0,-1
Wildfire,65.07060868396894,-119.21443935452336,6.739336627357174,2026,1,1,0,3,0,-1
Wildfire,64.68108655336769,-120.13849999145808,6.739336627357174,2026,1,1,0,3,0,-1
Wildfire,-15.456240488803772,-52.907215822732496,6.739336627357174,2026,1,1,0,3,0,-1
Wildfire,-13.69933405962279,15.89179465418522,6.739336627357174,2026,1,1,0,3,0,-1
Wildfire,-12.497534287533338,24.484841920593126,6.739336627357174,2026,1,1,0,3,0,-1
Wildfire,-10.03444274116498,21.14679842828364,6.739336627357174,2026,1,1,0,3,0,-1
Wildfire,61.21881145945796,-109.48389148496126,6.739336627357174,2026,1,1,0,3,0,-1
Wildfire,-6.023320716529477,-57.84346709874452,6.739336627357174,2026,1,1,0,3,0,-1
Wildfire,-13.532363514984857,31.17018036139496,6.739336627357174,2026,1,1,0,3,0,-1
Wildfire,-10.924257417361456,16.797162468870887,6.739336627357174,2026,1,1,0,3,0,-1
Wildfire,-9.19909491563748,-47.14764681894355,6.739336627357174,2026,1,1,0,3,0,-1
Wildfire,-11.019606396279134,16.7137092839786,6.739336627357174,2026,1,1,0,3,0,-1
Wildfire,-7.635188515791649,-63.486977080912204,6.739336627357174,2026,1,1,0,3,0,-1
Wildfire,-14.640482032033134,23.962897861580043,6.739336627357174,2026,1,1,0,3,0,-1
Wildfire,-10.447504758963127,18.971039461323844,6.739336627357174,2026,1,1,0,3,0,-1
Wildfire,-9.267535306832958,18.486583430388176,6.739336627357174,2026,1,1,0,3,0,-1
Wildfire,61.171857166355785,-110.78408389013336,6.739336627357174,2026,1,1,0,3,0,-1
Wildfire,34.180743,-112.078335,8.03947991910045,2026,1,1,0,3,0,-1
Wildfire,43.349417,-114.124883,7.042286171939743,2026,1,1,0,3,0,-1
Wildfire,-20.560464710559224,-51.25355874595317,6.739336627357174,2026,1,1,0,3,0,-1
Wildfire,-13.722931601505374,-63.95952811145124,6.739336627357174,2026,1,1,0,3,0,-1
Wildfire,-13.801422673621486,-64.59642504856708,6.739336627357174,2026,1,1,0,3,0,-1
Wildfire,-20.27138607371112,134.79103288955295,6.739336627357174,2026,1,1,0,3,0,-1
Wildfire,-13.771780725401602,-62.81870202293778,6.739336627357174,2026,1,1,0,3,0,-1
Wildfire,-13.650371744922582,-58.24666175027783,6.739336627357174,2026,1,1,0,3,0,-1
Wildfire,-19.45885674590121,-57.11597673698177,6.739336627357174,2026,1,1,0,3,0,-1
Wildfire,-7.678521718397205,-44.966932231167455,6.739336627357174,2026,1,1,0,3,0,-1
Wildfire,-9.910834723162086,29.54391521558027,6.739336627357174,2026,1,1,0,3,0,-1
Wildfire,-14.17767137371842,126.68429969788556,6.739336627357174,2026,1,1,0,3,0,-1
Wildfire,-17.55862792328518,21.156618017553768,6.739336627357174,2026,1,1,0,3,0,-1
Wildfire,-15.423677757184038,15.443108788759494,6.739336627357174,2026,1,1,0,3,0,-1
Wildfire,-7.700945880478358,23.2875499152526,6.739336627357174,2026,1,1,0,3,0,-1
Wildfire,-13.313876177514423,-60.024047218182055,6.739336627357174,2026,1,1,0,3,0,-1
Wildfire,62.56510428016925,124.07873299198728,6.739336627357174,2026,1,1,0,3,0,-1
Wildfire,62.34770062083837,-123.24238691054586,6.739336627357174,2026,1,1,0,3,0,-1
Wildfire,-6.952463093958484,-59.7444113943379,6.739336627357174,2026,1,1,0,3,0,-1
Wildfire,-9.42830499409278,29.57646072796624,6.739336627357174,2026,1,1,0,3,0,-1
Wildfire,-8.41148116699507,-62.68597495194933,6.739336627357174,2026,1,1,0,3,0,-1
Wildfire,-11.125907500831987,16.820679983086215,6.739336627357174,2026,1,1,0,3,0,-1
Wildfire,-14.91673295780997,21.57411260969517,6.739336627357174,2026,1,1,0,3,0,-1
Wildfire,-14.112164959145463,26.534967169905485,6.739336627357174,2026,1,1,0,3,0,-1
Wildfire,62.61993881759391,119.81657317633528,6.739336627357174,2026,1,1,0,3,0,-1
Wildfire,43.54125,-105.109283,9.596622660667574,2026,1,1,0,3,0,-1
Volcano,29.638,129.714,6.739336627357174,2026,1,1,0,3,0,-1
Wildfire,-7.20246379502701,24.40325554608297,6.739336627357174,2026,1,1,0,3,0,-1
Wildfire,-21.185008674748733,-58.54762697726071,6.739336627357174,2026,1,1,0,3,0,-1
Wildfire,-17.079887494734923,-58.29811652650574,6.739336627357174,2026,1,1,0,3,0,-1
Wildfire,-20.147245663713683,-57.40144762931869,6.739336627357174,2026,1,1,0,3,0,-1
Wildfire,43.54899826406204,-105.09386300287392,6.739336627357174,2026,1,1,0,3,0,-1
Wildfire,-21.014538441049066,-58.34874529381932,6.739336627357174,2026,1,1,0,3,0,-1
Wildfire,-17.620420379752577,-59.52060359976434,6.739336627357174,2026,1,1,0,3,0,-1
Wildfire,-29.46440237167865,-66.97974863629905,6.739336627357174,2026,1,1,0,3,0,-1
Wildfire,-7.284312762763447,-55.652396760570944,6.739336627357174,2026,1,1,0,3,0,-1
Wildfire,69.16740346794366,143.76768863328715,6.739336627357174,2026,1,1,0,3,0,-1
Wildfire,62.56863533662821,119.59242461521784,6.739336627357174,2026,1,1,0,3,0,-1
Wildfire,62.78704224290542,121.71269453319424,6.739336627357174,2026,1,1,0,3,0,-1
Wildfire,-3.505330443603028,27.895764373667458,6.739336627357174,2026,1,1,0,3,0,-1
Wildfire,-9.877769513661672,16.75680923997757,6.739336627357174,2026,1,1,0,3,0,-1
Wildfire,-10.617435562972442,19.48851298987223,6.739336627357174,2026,1,1,0,3,0,-1
Wildfire,63.14698021486893,116.48278821754728,6.739336627357174,2026,1,1,0,3,0,-1
Wildfire,-7.230902254623538,16.701119725354975,6.739336627357174,2026,1,1,0,3,0,-1
Wildfire,-6.530895932741164,-53.62307640474064,6.739336627357174,2026,1,1,0,3,0,-1
Wildfire,64.58994491210714,-120.55931770386428,6.739336627357174,2026,1,1,0,3,0,-1
Wildfire,-12.682368529726304,30.120256916947174,6.739336627357174,2026,1,1,0,3,0,-1
Wildfire,62.43935477435402,119.3739291731317,6.739336627357174,2026,1,1,0,3,0,-1
Wildfire,-9.734253130709032,25.189709965379844,6.739336627357174,2026,1,1,0,3,0,-1
Wildfire,-15.822986426060083,17.325091111469348,6.739336627357174,2026,1,1,0,3,0,-1
Wildfire,-6.921977552931593,17.675103372033796,6.739336627357174,2026,1,1,0,3,0,-1
Wildfire,-14.600518943992748,38.364291627414616,6.739336627357174,2026,1,1,0,3,0,-1
Wildfire,-17.4703138929551,21.206799300320657,6.739336627357174,2026,1,1,0,3,0,-1
Wildfire,-20.30669319921972,-57.47187705518584,6.739336627357174,2026,1,1,0,3,0,-1
Wildfire,-13.499783226584317,38.30388350887642,6.739336627357174,2026,1,1,0,3,0,-1
Wildfire,-11.450025802992132,38.36599312993543,6.739336627357174,2026,1,1,0,3,0,-1
Wildfire,-7.254522604012822,26.403484455568297,6.739336627357174,2026,1,1,0,3,0,-1
Wildfire,-4.504958376606487,36.15261300082828,6.739336627357174,2026,1,1,0,3,0,-1
Wildfire,-12.192635041947426,133.07461466018972,6.739336627357174,2026,1,1,0,3,0,-1
Wildfire,62.72472692014396,119.7946317923064,6.739336627357174,2026,1,1,0,3,0,-1
Wildfire,-11.352359102905288,23.31090492884276,6.739336627357174,2026,1,1,0,3,0,-1
Wildfire,-9.5243482487211,25.345252244963728,6.739336627357174,2026,1,1,0,3,0,-1
Wildfire,-9.425980783473106,19.214922024211045,6.739336627357174,2026,1,1,0,3,0,-1
Wildfire,-7.314600248453332,32.523740415540125,6.739336627357174,2026,1,1,0,3,0,-1
Wildfire,-9.97849189519156,29.505971495235773,6.739336627357174,2026,1,1,0,3,0,-1
Wildfire,-9.597505811950054,19.08232309311365,6.739336627357174,2026,1,1,0,3,0,-1
Wildfire,-9.02241160136988,-65.4058075390326,6.739336627357174,2026,1,1,0,3,0,-1
Wildfire,-14.34171276042183,15.701417278230355,6.739336627357174,2026,1,1,0,3,0,-1
Wildfire,-9.2454605973282,-57.13936637374868,6.739336627357174,2026,1,1,0,3,0,-1
Wildfire,-10.450274598213245,19.26034431010163,6.739336627357174,2026,1,1,0,3,0,-1
Wildfire,43.2718,-109.7807,6.888572459565364,2026,1,1,0,3,0,-1
Wildfire,38.306667,-108.455333,8.222285073872717,2026,1,1,0,3,0,-1
Wildfire,40.111771,-101.767224,7.919719760924575,2026,1,1,0,3,0,-1
Wildfire,34.11452,-100.358348,6.90875477931522,2026,1,1,0,3,0,-1
Wildfire,-20.789935213350304,-58.001674646095786,6.739336627357174,2026,1,1,0,3,0,-1
Wildfire,-22.37190312017437,-58.98915958334967,6.739336627357174,2026,1,1,0,3,0,-1
Wildfire,-12.280887432118051,-65.25354569749533,6.739336627357174,2026,1,1,0,3,0,-1
Wildfire,53.59906617782351,-126.15148665691532,6.739336627357174,2026,1,1,0,3,0,-1
Wildfire,-14.423498485762137,-65.19985143636384,6.739336627357174,2026,1,1,0,3,0,-1
Wildfire,-16.69349202347617,-56.2337897581477,6.739336627357174,2026,1,1,0,3,0,-1
Wildfire,65.21068943021237,117.71031016362882,6.739336627357174,2026,1,1,0,3,0,-1
Wildfire,68.40562744278867,133.74769801091006,6.739336627357174,2026,1,1,0,3,0,-1
Wildfire,63.35787199492384,121.55071072123246,6.739336627357174,2026,1,1,0,3,0,-1
Wildfire,-13.48369501172598,-64.11783422261306,6.739336627357174,2026,1,1,0,3,0,-1
Wildfire,-5.90150144350044,-53.52947838473876,6.739336627357174,2026,1,1,0,3,0,-1
Wildfire,69.36456513102222,135.36416398394397,6.739336627357174,2026,1,1,0,3,0,-1
Wildfire,-9.788976767631985,20.01444935254953,6.739336627357174,2026,1,1,0,3,0,-1
Wildfire,49.04894764506547,-120.55590835069522,6.739336627357174,2026,1,1,0,3,0,-1
Wildfire,-7.380118294359278,-50.917159413914014,6.739336627357174,2026,1,1,0,3,0,-1
Wildfire,53.35337480132674,-125.94886694311334,6.739336627357174,2026,1,1,0,3,0,-1
Wildfire,-4.175852432799081,19.24316189679374,6.739336627357174,2026,1,1,0,3,0,-1
Wildfire,-9.355675855508917,29.80760552078448,6.739336627357174,2026,1,1,0,3,0,-1
Wildfire,-11.810168449915322,29.44520425876936,6.739336627357174,2026,1,1,0,3,0,-1
Wildfire,-9.417934822744051,29.900862564791904,6.739336627357174,2026,1,1,0,3,0,-1
Wildfire,-10.563416797011284,29.21479502373248,6.739336627357174,2026,1,1,0,3,0,-1
Wildfire,-9.300993186054828,-65.59832866067175,6.739336627357174,2026,1,1,0,3,0,-1
Wildfire,-11.695763593613016,29.022553681997948,6.739336627357174,2026,1,1,0,3,0,-1
Wildfire,-6.874354917368627,31.09226467608116,6.739336627357174,2026,1,1,0,3,0,-1
Wildfire,-13.947803747172388,15.869595652213029,6.739336627357174,2026,1,1,0,3,0,-1
Wildfire,-9.341434316740491,18.952072005975424,6.739336627357174,2026,1,1,0,3,0,-1
Wildfire,-13.54531789368891,38.50839693715204,6.739336627357174,2026,1,1,0,3,0,-1
Wildfire,-8.251874893529209,34.361662173364444,6.739336627357174,2026,1,1,0,3,0,-1
Wildfire,-3.745400890853938,27.024025026790664,6.739336627357174,2026,1,1,0,3,0,-1
Wildfire,-4.533992625818876,19.36987093051776,6.739336627357174,2026,1,1,0,3,0,-1
Wildfire,-14.516725289908024,16.66794918157926,6.739336627357174,2026,1,1,0,3,0,-1
Wildfire,-3.673599069071754,27.075155515310968,6.739336627357174,2026,1,1,0,3,0,-1
Wildfire,-9.875137525999628,29.172642196705223,6.739336627357174,2026,1,1,0,3,0,-1
Wildfire,56.08729530169906,-103.37457094196144,6.739336627357174,2026,1,1,0,3,0,-1
Wildfire,-10.624272327525,18.566821114743234,6.739336627357174,2026,1,1,0,3,0,-1
Wildfire,-6.997005503949712,-52.63404607406537,6.739336627357174,2026,1,1,0,3,0,-1
Wildfire,56.22511254625024,-104.66248120168656,6.739336627357174,2026,1,1,0,3,0,-1
Wildfire,56.63696004582293,-107.4200493865517,6.739336627357174,2026,1,1,0,3,0,-1
Wildfire,45.326322,-106.556484,6.630683385642372,2026,1,1,0,3,0,-1
Wildfire,42.60495,-105.64034,7.496097345175956,2026,1,1,0,3,0,-1
Wildfire,-14.471020129339376,134.80970818209812,6.739336627357174,2026,1,1,0,3,0,-1
Wildfire,-14.252050951793866,135.14461457248544,6.739336627357174,2026,1,1,0,3,0,-1
Wildfire,-21.19658552077188,-58.315818768639566,6.739336627357174,2026,1,1,0,3,0,-1
Wildfire,-20.246557346958355,134.9833714741634,6.739336627357174,2026,1,1,0,3,0,-1
Wildfire,-7.605282020331432,-46.54494901483248,6.739336627357174,2026,1,1,0,3,0,-1
Wildfire,-8.831066335977836,23.135866758899542,6.739336627357174,2026,1,1,0,3,0,-1
Wildfire,-18.10506927480847,21.98851705167855,6.739336627357174,2026,1,1,0,3,0,-1
Wildfire,-16.03228113220552,-61.92076146640766,6.739336627357174,2026,1,1,0,3,0,-1
Wildfire,-18.70034886256529,-58.847136444303885,6.739336627357174,2026,1,1,0,3,0,-1
Wildfire,56.17873203380704,-102.6139380533076,6.739336627357174,2026,1,1,0,3,0,-1
Wildfire,-26.706400650146502,-65.66056259920201,6.739336627357174,2026,1,1,0,3,0,-1
Wildfire,-13.88105774010148,39.00940688889136,6.739336627357174,2026,1,1,0,3,0,-1
Wildfire,-6.219175642146553,25.610635209396506,6.739336627357174,2026,1,1,0,3,0,-1
Wildfire,63.57380579847822,124.23864025992049,6.739336627357174,2026,1,1,0,3,0,-1
Wildfire,55.92584420978178,-104.64982817315462,6.739336627357174,2026,1,1,0,3,0,-1
Wildfire,-4.329112144317677,19.683093257032294,6.739336627357174,2026,1,1,0,3,0,-1
Wildfire,60.5645700351705,117.50497008024377,6.739336627357174,2026,1,1,0,3,0,-1
Wildfire,-16.97228756796143,-60.56077996067933,6.739336627357174,2026,1,1,0,3,0,-1
Wildfire,-13.800465476123524,-58.51020750041789,6.739336627357174,2026,1,1,0,3,0,-1
Wildfire,-14.709521278635547,-59.24608838297591,6.739336627357174,2026,1,1,0,3,0,-1
Wildfire,-9.236079954649412,21.895328006514305,6.739336627357174,2026,1,1,0,3,0,-1
Wildfire,-11.45949870808774,28.68382075877601,6.739336627357174,2026,1,1,0,3,0,-1
Wildfire,-14.120397259971949,39.125668713892345,6.739336627357174,2026,1,1,0,3,0,-1
Wildfire,-14.28656482552358,38.80519739364289,6.739336627357174,2026,1,1,0,3,0,-1
Wildfire,-6.619645881394686,24.9072105410728,6.739336627357174,2026,1,1,0,3,0,-1
Wildfire,-9.907437383862408,21.13842255939672,6.739336627357174,2026,1,1,0,3,0,-1
Wildfire,-6.396704605894818,20.99838433813203,6.739336627357174,2026,1,1,0,3,0,-1
Wildfire,-12.314188231483294,28.13927086619144,6.739336627357174,2026,1,1,0,3,0,-1
Wildfire,62.09066893216914,107.93916189848814,6.739336627357174,2026,1,1,0,3,0,-1
Wildfire,-11.801314794568892,28.98157509496287,6.739336627357174,2026,1,1,0,3,0,-1
Wildfire,-17.132097731710456,20.975299522536808,6.739336627357174,2026,1,1,0,3,0,-1
Wildfire,-10.373196919486665,29.52814975615064,6.739336627357174,2026,1,1,0,3,0,-1
Wildfire,60.7277149526081,-118.18516405883948,6.739336627357174,2026,1,1,0,3,0,-1
Wildfire,-16.594018327899924,20.754010867306828,6.739336627357174,2026,1,1,0,3,0,-1
Wildfire,56.58592122459201,-104.45537225365815,6.739336627357174,2026,1,1,0,3,0,-1
Wildfire,55.742828226097046,-105.36226057326732,6.739336627357174,2026,1,1,0,3,0,-1
Wildfire,-10.401713232511996,18.889406758008388,6.739336627357174,2026,1,1,0,3,0,-1
Wildfire,-10.67595824882352,16.42237179218169,6.739336627357174,2026,1,1,0,3,0,-1
Wildfire,60.83265812578328,-118.07966757849614,6.739336627357174,2026,1,1,0,3,0,-1
Wildfire,-8.8308281534011,19.07418842765812,6.739336627357174,2026,1,1,0,3,0,-1
Wildfire,-7.420736222770297,24.47973387270126,6.739336627357174,2026,1,1,0,3,0,-1
Wildfire,-10.581991985931378,16.356924559997378,6.739336627357174,2026,1,1,0,3,0,-1
Wildfire,-10.832426845445818,17.51462148506522,6.739336627357174,2026,1,1,0,3,0,-1
Wildfire,-12.69459167205164,30.35821347493799,6.739336627357174,2026,1,1,0,3,0,-1
Wildfire,-6.9848330754222285,33.96998356781342,6.739336627357174,2026,1,1,0,3,0,-1
Wildfire,-14.023895422538155,15.69610009635409,6.739336627357174,2026,1,1,0,3,0,-1
Wildfire,-10.2629603797048,16.702063972380575,6.739336627357174,2026,1,1,0,3,0,-1
Wildfire,-9.97917962846494,19.416885721530534,6.739336627357174,2026,1,1,0,3,0,-1
Wildfire,-10.41261033790366,27.633726207673288,6.739336627357174,2026,1,1,0,3,0,-1
Wildfire,63.48528096224653,107.63186144291974,6.739336627357174,2026,1,1,0,3,0,-1
Wildfire,42.30821,-104.725262,10.239995502805316,2026,1,1,0,3,0,-1
Wildfire,40.225,-105.25445,7.183870715062453,2026,1,1,0,3,0,-1
Wildfire,37.701128,-120.295328,8.201934351194222,2026,1,1,0,3,0,-1
Wildfire,45.375349,-103.27766,7.312686911484158,2026,1,1,0,3,0,-1
Wildfire,-16.158190823512125,-64.35936405130487,6.739336627357174,2026,1,1,0,3,0,-1
Wildfire,-21.90799934772746,-48.59982424157643,6.739336627357174,2026,1,1,0,3,0,-1
Wildfire,-13.511715285491,-64.41151895704934,6.739336627357174,2026,1,1,0,3,0,-1
Wildfire,-18.19196770862733,-57.44376402709865,6.739336627357174,2026,1,1,0,3,0,-1
Wildfire,-20.24111594729338,134.98853166566062,6.739336627357174,2026,1,1,0,3,0,-1
Wildfire,-10.360699745492036,29.0885185517024,6.739336627357174,2026,1,1,0,3,0,-1
Wildfire,-13.87967446546499,132.06633363721917,6.739336627357174,2026,1,1,0,3,0,-1
Wildfire,-7.073964351349926,17.144011685698374,6.739336627357174,2026,1,1,0,3,0,-1
Wildfire,-10.313587094838988,21.079731873110315,6.739336627357174,2026,1,1,0,3,0,-1
Wildfire,-13.086049620219937,-65.56789150435046,6.739336627357174,2026,1,1,0,3,0,-1
Wildfire,-15.232915218803129,142.0020537986336,6.739336627357174,2026,1,1,0,3,0,-1
Wildfire,-7.45464070255079,18.110411553230243,6.739336627357174,2026,1,1,0,3,0,-1
Wildfire,-18.37179652158404,32.75284106410255,6.739336627357174,2026,1,1,0,3,0,-1
Wildfire,-7.047117640870492,-55.74933671742559,6.739336627357174,2026,1,1,0,3,0,-1
Wildfire,-5.577512915072182,22.64326791585351,6.739336627357174,2026,1,1,0,3,0,-1
Wildfire,-4.306057044434208,18.47437694272747,6.739336627357174,2026,1,1,0,3,0,-1
Wildfire,-15.084445740343934,142.49357382688908,6.739336627357174,2026,1,1,0,3,0,-1
Wildfire,-18.6864189144325,20.58168416210135,6.739336627357174,2026,1,1,0,3,0,-1
Wildfire,63.58982170333802,106.888165399884,6.739336627357174,2026,1,1,0,3,0,-1
Wildfire,-13.479995330793257,38.29421132229138,6.739336627357174,2026,1,1,0,3,0,-1
Wildfire,-10.268466257835607,29.13714615546564,6.739336627357174,2026,1,1,0,3,0,-1
Wildfire,-10.774699713602276,29.10527620297883,6.739336627357174,2026,1,1,0,3,0,-1
Wildfire,-10.644044966612672,28.77435866768841,6.739336627357174,2026,1,1,0,3,0,-1
Wildfire,38.91006602023477,-115.4768806458861,6.739336627357174,2026,1,1,0,3,0,-1
Wildfire,-6.474544968446138,-55.9521326735278,6.739336627357174,2026,1,1,0,3,0,-1
Wildfire,-7.632243536369693,23.072085180853264,6.739336627357174,2026,1,1,0,3,0,-1
Wildfire,-3.9660663747526463,19.067528444365006,6.739336627357174,2026,1,1,0,3,0,-1
Wildfire,-17.965815063746735,23.01860516345388,6.739336627357174,2026,1,1,0,3,0,-1
Wildfire,-3.980622138256072,19.155622969563115,6.739336627357174,2026,1,1,0,3,0,-1
Wildfire,-5.25210913691761,18.398220983207644,6.739336627357174,2026,1,1,0,3,0,-1
Wildfire,-5.77321737915906,20.67514244480744,6.739336627357174,2026,1,1,0,3,0,-1
Wildfire,-5.536670245761795,21.50365850999731,6.739336627357174,2026,1,1,0,3,0,-1
Wildfire,-10.936037729984433,17.7427820455842,6.739336627357174,2026,1,1,0,3,0,-1
Wildfire,-5.016996909594721,17.993275504451873,6.739336627357174,2026,1,1,0,3,0,-1
Wildfire,-5.522439877864069,18.38108157556862,6.739336627357174,2026,1,1,0,3,0,-1
Wildfire,-10.070924516724752,16.984978406157154,6.739336627357174,2026,1,1,0,3,0,-1
Wildfire,55.78521811572436,-104.16055142118395,6.739336627357174,2026,1,1,0,3,0,-1
Wildfire,-6.610764090867887,-55.29541994603623,6.739336627357174,2026,1,1,0,3,0,-1
Wildfire,46.567746,-117.54588,9.580730826800856,2026,1,1,0,3,0,-1
Wildfire,33.484957,-116.779785,8.555066843844319,2026,1,1,0,3,0,-1
Wildfire,40.428533,-105.2487,8.942330199321866,2026,1,1,0,3,0,-1
Wildfire,44.547644,-117.477149,12.573112190935795,2026,1,1,0,3,0,-1
Wildfire,-9.11933853024955,20.11577644898472,6.739336627357174,2026,1,1,0,3,0,-1
Wildfire,-14.9447211129155,125.90523789463512,6.739336627357174,2026,1,1,0,3,0,-1
Wildfire,41.9596084771214,21.998917114699417,6.739336627357174,2026,1,1,0,3,0,-1
Wildfire,-7.668309341533271,18.952406728068084,6.739336627357174,2026,1,1,0,3,0,-1
Wildfire,-8.759207504795729,19.440199904452,6.739336627357174,2026,1,1,0,3,0,-1
Wildfire,52.20110166595079,-116.0487067029154,6.739336627357174,2026,1,1,0,3,0,-1
Wildfire,40.445595716397456,-105.2781165214072,6.739336627357174,2026,1,1,0,3,0,-1
Wildfire,-18.018154287065343,21.83770722937296,6.739336627357174,2026,1,1,0,3,0,-1
Wildfire,-9.554381828077826,28.992801141547133,6.739336627357174,2026,1,1,0,3,0,-1
Wildfire,-9.809560556360902,22.53869281728449,6.739336627357174,2026,1,1,0,3,0,-1
Wildfire,-10.074556043944854,22.80009904907536,6.739336627357174,2026,1,1,0,3,0,-1
Wildfire,-14.209623128766768,24.434607372758297,6.739336627357174,2026,1,1,0,3,0,-1
Wildfire,-7.463047567953317,18.32486532148557,6.739336627357174,2026,1,1,0,3,0,-1
Wildfire,-12.282998971878216,29.028921396184195,6.739336627357174,2026,1,1,0,3,0,-1
Wildfire,-8.028364282061366,-55.54476122138576,6.739336627357174,2026,1,1,0,3,0,-1
Wildfire,-6.964546937428083,34.27997013371802,6.739336627357174,2026,1,1,0,3,0,-1
Wildfire,-12.867147341906744,-65.92692934640336,6.739336627357174,2026,1,1,0,3,0,-1
Wildfire,-6.130470653526782,19.583935209566537,6.739336627357174,2026,1,1,0,3,0,-1
Wildfire,63.252736252514346,110.03307373856258,6.739336627357174,2026,1,1,0,3,0,-1
Wildfire,-3.903578826703432,22.752950173185525,6.739336627357174,2026,1,1,0,3,0,-1
Wildfire,-4.341808266588831,19.50008654018956,6.739336627357174,2026,1,1,0,3,0,-1
Wildfire,-7.595094157467239,18.235952350374973,6.739336627357174,2026,1,1,0,3,0,-1
Wildfire,-4.19362813124088,18.974042772729486,6.739336627357174,2026,1,1,0,3,0,-1
Wildfire,-7.030683902534504,-55.793238541255306,6.739336627357174,2026,1,1,0,3,0,-1
Wildfire,-9.468039742363478,22.489161241941364,6.739336627357174,2026,1,1,0,3,0,-1
Wildfire,-10.24099662214428,29.60686858573873,6.739336627357174,2026,1,1,0,3,0,-1
Wildfire,-7.335192804261037,26.845048166165466,6.739336627357174,2026,1,1,0,3,0,-1
Wildfire,-11.31388225427191,28.808868962258263,6.739336627357174,2026,1,1,0,3,0,-1
Wildfire,-7.048436693110779,17.729768235929917,6.739336627357174,2026,1,1,0,3,0,-1
Wildfire,-3.624565852276141,27.371067254808064,6.739336627357174,2026,1,1,0,3,0,-1
Wildfire,-12.588714809573611,132.10953764688247,6.739336627357174,2026,1,1,0,3,0,-1
Wildfire,-5.965037564131025,16.651181792490817,6.739336627357174,2026,1,1,0,3,0,-1
Wildfire,-13.876593344588445,130.5652833974398,6.739336627357174,2026,1,1,0,3,0,-1
Wildfire,-7.874850308407988,-61.18837558302779,6.739336627357174,2026,1,1,0,3,0,-1
Wildfire,59.52825550727082,-120.78770085475254,6.739336627357174,2026,1,1,0,3,0,-1
Wildfire,-6.917258665995978,-56.599330532242455,6.739336627357174,2026,1,1,0,3,0,-1
Wildfire,-6.614301397822239,22.062214050005498,6.739336627357174,2026,1,1,0,3,0,-1
Wildfire,-4.945896231616165,21.3416448107644,6.739336627357174,2026,1,1,0,3,0,-1
Wildfire,-5.327335694428482,20.052396267824182,6.739336627357174,2026,1,1,0,3,0,-1
Wildfire,-6.365549116670098,-58.319398025071976,6.739336627357174,2026,1,1,0,3,0,-1
Wildfire,-9.181896352976896,-60.92069876110295,6.739336627357174,2026,1,1,0,3,0,-1
Wildfire,59.50277796162688,-123.23852287034047,6.739336627357174,2026,1,1,0,3,0,-1
Wildfire,-4.9878041717608825,18.96499768586349,6.739336627357174,2026,1,1,0,3,0,-1
Wildfire,-13.726619815106735,15.971581115979305,6.739336627357174,2026,1,1,0,3,0,-1
Wildfire,59.15281414662525,-122.36213189426084,6.739336627357174,2026,1,1,0,3,0,-1
Wildfire,-14.02958995107352,15.878641864180286,6.739336627357174,2026,1,1,0,3,0,-1
Wildfire,-8.9588422730504,25.376636790296526,6.739336627357174,2026,1,1,0,3,0,-1
Wildfire,44.011552,-118.847188,6.437751649736401,2026,1,1,0,3,0,-1
Wildfire,27.2608333,-81.2016667,6.57507584059962,2026,1,1,0,3,0,-1
Wildfire,45.2094444,-117.3905556,6.338594078203183,2026,1,1,0,3,0,-1
Wildfire,33.380472,-110.318194,9.022201929860664,2026,1,1,0,3,0,-1
Wildfire,45.74555,-109.6768,6.48768401848461,2026,1,1,0,3,0,-1
Wildfire,-13.640103793073948,-64.78316860243271,6.739336627357174,2026,1,1,0,3,0,-1
Wildfire,-15.883420764933009,143.6659341828705,6.739336627357174,2026,1,1,0,3,0,-1
Wildfire,-6.731546694358324,-63.06823322130066,6.739336627357174,2026,1,1,0,3,0,-1
Wildfire,-20.041446307129807,134.0792209473285,6.739336627357174,2026,1,1,0,3,0,-1
Wildfire,-26.495179488446905,28.24649172266146,6.739336627357174,2026,1,1,0,3,0,-1
Wildfire,-11.320593318918938,28.400767939140035,6.739336627357174,2026,1,1,0,3,0,-1
Wildfire,-20.43683742363301,-57.02009985143978,6.739336627357174,2026,1,1,0,3,0,-1
Wildfire,-16.695027175302386,128.28568535306914,6.739336627357174,2026,1,1,0,3,0,-1
Wildfire,-10.419422382601594,-45.98220326179781,6.739336627357174,2026,1,1,0,3,0,-1
Wildfire,-15.536217936427654,27.110347936245944,6.739336627357174,2026,1,1,0,3,0,-1
Wildfire,-19.387344322279752,-55.19646160503557,6.739336627357174,2026,1,1,0,3,0,-1
Wildfire,-14.7838856731288,37.39927702252663,6.739336627357174,2026,1,1,0,3,0,-1
Wildfire,-7.566410536738588,26.983846994760945,6.739336627357174,2026,1,1,0,3,0,-1
Wildfire,-18.179327232754297,22.72007727457004,6.739336627357174,2026,1,1,0,3,0,-1
Wildfire,-10.662742891742967,33.94066359828099,6.739336627357174,2026,1,1,0,3,0,-1
Wildfire,-12.6754865012101,37.50015670762655,6.739336627357174,2026,1,1,0,3,0,-1
Wildfire,-6.091024999566007,29.982171653486787,6.739336627357174,2026,1,1,0,3,0,-1
Wildfire,-14.620969370020225,38.291031984497465,6.739336627357174,2026,1,1,0,3,0,-1
Wildfire,-16.478843409277808,18.85036205572588,6.739336627357174,2026,1,1,0,3,0,-1
Wildfire,-12.26057127340072,30.39606055592581,6.739336627357174,2026,1,1,0,3,0,-1
Wildfire,-6.61992024895895,-58.97229068463945,6.739336627357174,2026,1,1,0,3,0,-1
Wildfire,-7.7201012907019875,-51.60440240707599,6.739336627357174,2026,1,1,0,3,0,-1
Wildfire,-13.587673512498464,133.87562255388931,6.739336627357174,2026,1,1,0,3,0,-1
Wildfire,-8.758449244246345,29.9886607759109,6.739336627357174,2026,1,1,0,3,0,-1
Wildfire,-12.572091976499408,28.5322112986892,6.739336627357174,2026,1,1,0,3,0,-1
Wildfire,-8.530207036484535,-55.328350424140645,6.739336627357174,2026,1,1,0,3,0,-1
Wildfire,-6.455235925781061,-55.61446769673617,6.739336627357174,2026,1,1,0,3,0,-1
Wildfire,63.404940363366414,108.5926102755441,6.739336627357174,2026,1,1,0,3,0,-1
Wildfire,63.53444707411249,108.68035363464574,6.739336627357174,2026,1,1,0,3,0,-1
Wildfire,-6.967298308161235,-59.04213548472045,6.739336627357174,2026,1,1,0,3,0,-1
Wildfire,-16.321204151723204,136.93777722885056,6.739336627357174,2026,1,1,0,3,0,-1
Wildfire,-7.347438641398743,18.000425646365517,6.739336627357174,2026,1,1,0,3,0,-1
Wildfire,-17.467436895457027,22.337887858951696,6.739336627357174,2026,1,1,0,3,0,-1
Wildfire,-6.1975126403730805,16.19291082412506,6.739336627357174,2026,1,1,0,3,0,-1
Wildfire,-11.439211721432525,29.334148679554435,6.739336627357174,2026,1,1,0,3,0,-1
Wildfire,-5.289321932980483,21.925922969338583,6.739336627357174,2026,1,1,0,3,0,-1
Wildfire,-4.0383780087127,19.2113892081432,6.739336627357174,2026,1,1,0,3,0,-1
Wildfire,-14.240874878618577,38.71160577739512,6.739336627357174,2026,1,1,0,3,0,-1
Wildfire,-17.711270072097843,-57.19663523662689,6.739336627357174,2026,1,1,0,3,0,-1
Wildfire,45.66383,-117.600113,6.6240652277998935,2026,1,1,0,3,0,-1
Wildfire,47.131229,-115.782938,6.311734809152915,2026,1,1,0,3,0,-1
Wildfire,33.433139,-110.260556,8.691314551644853,2026,1,1,0,3,0,-1
Wildfire,38.062889,-113.222472,6.595780513961311,2026,1,1,0,3,0,-1
Wildfire,-19.905332220065613,-58.05496308493114,6.739336627357174,2026,1,1,0,3,0,-1
Wildfire,-6.125770317323248,-59.9395513038944,6.739336627357174,2026,1,1,0,3,0,-1
Wildfire,-6.604833746003706,-58.886925604333925,6.739336627357174,2026,1,1,0,3,0,-1
Wildfire,-6.748473726660456,-58.69810978096185,6.739336627357174,2026,1,1,0,3,0,-1
Wildfire,-16.723991505784955,18.3115237066397,6.739336627357174,2026,1,1,0,3,0,-1
Wildfire,-13.628062516139094,-64.78847751544191,6.739336627357174,2026,1,1,0,3,0,-1
Wildfire,-8.36180010936205,-47.269090319303686,6.739336627357174,2026,1,1,0,3,0,-1
Wildfire,-17.162735927961947,21.35724271180776,6.739336627357174,2026,1,1,0,3,0,-1
Wildfire,-14.570565556637854,37.858454708959286,6.739336627357174,2026,1,1,0,3,0,-1
Wildfire,-24.263664048107493,28.57682550345513,6.739336627357174,2026,1,1,0,3,0,-1
Wildfire,-15.376107023290428,14.954931879512005,6.739336627357174,2026,1,1,0,3,0,-1
Wildfire,33.77531118126295,-111.5476567432344,6.739336627357174,2026,1,1,0,3,0,-1
Wildfire,-10.004869815847751,20.8557052620561,6.739336627357174,2026,1,1,0,3,0,-1
Wildfire,-3.899472009289764,16.14278329979427,6.739336627357174,2026,1,1,0,3,0,-1
Wildfire,-18.15078887065949,22.86251651170118,6.739336627357174,2026,1,1,0,3,0,-1
Wildfire,-6.958575225360857,33.838503643871185,6.739336627357174,2026,1,1,0,3,0,-1
Wildfire,-10.099438732982682,28.804207371878483,6.739336627357174,2026,1,1,0,3,0,-1
Wildfire,-9.857655668190038,29.26614650337844,6.739336627357174,2026,1,1,0,3,0,-1
Wildfire,-8.337574246721621,24.910790755930805,6.739336627357174,2026,1,1,0,3,0,-1
Wildfire,-13.692912776756064,39.356609993403865,6.739336627357174,2026,1,1,0,3,0,-1
Wildfire,-14.094329137007549,-65.11674213240647,6.739336627357174,2026,1,1,0,3,0,-1
Wildfire,-20.74354655157716,-56.95107250710603,6.739336627357174,2026,1,1,0,3,0,-1
Wildfire,-16.30028426281509,144.44580329486286,6.739336627357174,2026,1,1,0,3,0,-1
Wildfire,-10.426238865595527,-46.62852706018405,6.739336627357174,2026,1,1,0,3,0,-1
Wildfire,-5.830883844014188,19.92304373958744,6.739336627357174,2026,1,1,0,3,0,-1
Wildfire,-18.52139331806556,-57.09620868026154,6.739336627357174,2026,1,1,0,3,0,-1
Wildfire,-20.59759599302228,-56.92971743926439,6.739336627357174,2026,1,1,0,3,0,-1
Wildfire,-13.135538245020696,132.67848554482146,6.739336627357174,2026,1,1,0,3,0,-1
Wildfire,-7.488831905436084,-50.97580418964992,6.739336627357174,2026,1,1,0,3,0,-1
Wildfire,-19.465459141885688,-57.42162331057457,6.739336627357174,2026,1,1,0,3,0,-1
Wildfire,-5.883327164726004,21.14382323528981,6.739336627357174,2026,1,1,0,3,0,-1
Wildfire,-5.304232337105059,22.10947807898917,6.739336627357174,2026,1,1,0,3,0,-1
Wildfire,-20.579245733682647,-56.95060373750687,6.739336627357174,2026,1,1,0,3,0,-1
Wildfire,-8.267005460569186,-46.1605225333911,6.739336627357174,2026,1,1,0,3,0,-1
Wildfire,-6.770285330720872,-55.661506738444174,6.739336627357174,2026,1,1,0,3,0,-1
Wildfire,-5.703201229057342,21.23607589402177,6.739336627357174,2026,1,1,0,3,0,-1
Wildfire,-5.139023170849547,18.622716055075767,6.739336627357174,2026,1,1,0,3,0,-1
Wildfire,-5.558894708978121,20.952719674486456,6.739336627357174,2026,1,1,0,3,0,-1
Wildfire,-4.921827563013824,19.129581787573688,6.739336627357174,2026,1,1,0,3,0,-1
Wildfire,-4.422901857194336,20.736779562340075,6.739336627357174,2026,1,1,0,3,0,-1
Wildfire,-5.001555723281892,21.2780101101824,6.739336627357174,2026,1,1,0,3,0,-1
Wildfire,-11.112411172373744,-48.41655756834624,6.739336627357174,2026,1,1,0,3,0,-1
Wildfire,-5.932543148877013,21.539109297249126,6.739336627357174,2026,1,1,0,3,0,-1
Wildfire,-4.763201034999264,19.85391303059512,6.739336627357174,2026,1,1,0,3,0,-1
Wildfire,-12.304434241724037,-65.24160740923703,6.739336627357174,2026,1,1,0,3,0,-1
Wildfire,-11.453054339259449,28.80736405541404,6.739336627357174,2026,1,1,0,3,0,-1
Wildfire,-11.423680040868655,28.369923386272976,6.739336627357174,2026,1,1,0,3,0,-1
Wildfire,-17.683530795398024,21.868146679416025,6.739336627357174,2026,1,1,0,3,0,-1
Wildfire,-4.875418561049499,22.49597137212908,6.739336627357174,2026,1,1,0,3,0,-1
Wildfire,-4.65064316348341,21.193107405183945,6.739336627357174,2026,1,1,0,3,0,-1
Wildfire,-5.4694917480779255,20.071226476546464,6.739336627357174,2026,1,1,0,3,0,-1
Wildfire,-4.968512326176255,21.26064429447147,6.739336627357174,2026,1,1,0,3,0,-1
Wildfire,-4.475662337106918,18.87111866135318,6.739336627357174,2026,1,1,0,3,0,-1
Wildfire,-4.464419926753112,18.955888667290896,6.739336627357174,2026,1,1,0,3,0,-1
Wildfire,-5.636579680385676,18.31373524699757,6.739336627357174,2026,1,1,0,3,0,-1
Wildfire,-6.066782929036178,22.05999751295158,6.739336627357174,2026,1,1,0,3,0,-1
Wildfire,-20.418558907967714,-57.05100750922049,6.739336627357174,2026,1,1,0,3,0,-1
Wildfire,-10.304267869992698,-59.6129347757625,6.739336627357174,2026,1,1,0,3,0,-1
Wildfire,-4.744724088396171,17.971717377070576,6.739336627357174,2026,1,1,0,3,0,-1
Wildfire,37.5145,-121.82845,6.61338421837956,2026,1,1,0,3,0,-1
Wildfire,33.75945,-111.594967,10.217969771265723,2026,1,1,0,3,0,-1
Wildfire,45.690333,-113.111167,6.68586094706836,2026,1,1,0,3,0,-1
Wildfire,46.205573,-114.826202,8.853808274977197,2026,1,1,0,3,0,-1
Wildfire,45.898635,-116.724604,6.519147287940395,2026,1,1,0,3,0,-1
Wildfire,45.258417,-116.6813,7.005789019253503,2026,1,1,0,3,0,-1
Wildfire,-6.938044352807531,-59.600486659635386,6.739336627357174,2026,1,1,0,3,0,-1
Wildfire,-13.2322111900818,23.95952884543711,6.739336627357174,2026,1,1,0,3,0,-1
Wildfire,-17.207834317603087,19.289673485637525,6.739336627357174,2026,1,1,0,3,0,-1
Wildfire,-16.32733506051403,-59.956946208082265,6.739336627357174,2026,1,1,0,3,0,-1
Wildfire,45.048498580657565,-116.77489492685908,6.739336627357174,2026,1,1,0,3,0,-1
Wildfire,-18.63285374681312,122.66815103847097,6.739336627357174,2026,1,1,0,3,0,-1
Wildfire,-6.766162438342882,-58.70138446131275,6.739336627357174,2026,1,1,0,3,0,-1
Wildfire,-18.56040229864477,122.86319066150492,6.739336627357174,2026,1,1,0,3,0,-1
Wildfire,-12.987641608030112,38.72543901187369,6.739336627357174,2026,1,1,0,3,0,-1
Wildfire,-14.19089217029891,38.86901899861545,6.739336627357174,2026,1,1,0,3,0,-1
Wildfire,-14.739272633132105,37.935719093228926,6.739336627357174,2026,1,1,0,3,0,-1
Wildfire,-30.452021386977524,28.81906513363734,6.739336627357174,2026,1,1,0,3,0,-1
Wildfire,-10.120070068176474,16.6392043752213,6.739336627357174,2026,1,1,0,3,0,-1
Wildfire,-18.469469234776884,122.72587128066952,6.739336627357174,2026,1,1,0,3,0,-1
Wildfire,-14.4367793264435,30.29998837331911,6.739336627357174,2026,1,1,0,3,0,-1
Wildfire,-6.808580455829713,-59.94706020121841,6.739336627357174,2026,1,1,0,3,0,-1
Wildfire,-16.197306722563184,-62.85630290961463,6.739336627357174,2026,1,1,0,3,0,-1
Wildfire,-4.677901658200485,18.873496589557345,6.739336627357174,2026,1,1,0,3,0,-1
Wildfire,-4.748215503473854,19.276486119373605,6.739336627357174,2026,1,1,0,3,0,-1
Wildfire,-6.049037504838702,21.82505247066929,6.739336627357174,2026,1,1,0,3,0,-1
Wildfire,-5.459182467355275,21.158078338787806,6.739336627357174,2026,1,1,0,3,0,-1
Wildfire,-5.167340925626055,19.64585513304896,6.739336627357174,2026,1,1,0,3,0,-1
Wildfire,-6.112381722507681,21.93373377061376,6.739336627357174,2026,1,1,0,3,0,-1
Wildfire,-3.5502746288132627,27.692412710193228,6.739336627357174,2026,1,1,0,3,0,-1
Wildfire,-15.867336556614672,-62.11244388427098,6.739336627357174,2026,1,1,0,3,0,-1
Wildfire,-6.18249244556359,20.849038319300192,6.739336627357174,2026,1,1,0,3,0,-1
Wildfire,-4.63382976971371,18.77046690544533,6.739336627357174,2026,1,1,0,3,0,-1
Wildfire,-14.51314920968792,37.3156180891914,6.739336627357174,2026,1,1,0,3,0,-1
Wildfire,-5.423186006891143,18.51051463878359,6.739336627357174,2026,1,1,0,3,0,-1
Wildfire,-6.036618310374772,19.69298348932342,6.739336627357174,2026,1,1,0,3,0,-1
Wildfire,-16.24358855557007,39.34131868813508,6.739336627357174,2026,1,1,0,3,0,-1
Wildfire,-4.525007605224149,19.74280698443837,6.739336627357174,2026,1,1,0,3,0,-1
Wildfire,-15.76809400021122,29.07300783288243,6.739336627357174,2026,1,1,0,3,0,-1
Wildfire,-3.8358257001547154,19.105659600588787,6.739336627357174,2026,1,1,0,3,0,-1
Wildfire,-5.385842481986295,18.36638571550579,6.739336627357174,2026,1,1,0,3,0,-1
Wildfire,-14.614970151739742,37.8830591903802,6.739336627357174,2026,1,1,0,3,0,-1
Wildfire,-3.317532303398992,27.88105930096125,6.739336627357174,2026,1,1,0,3,0,-1
Wildfire,-16.936379039925388,20.97525125844591,6.739336627357174,2026,1,1,0,3,0,-1
Wildfire,-5.209022865998725,17.937760862332933,6.739336627357174,2026,1,1,0,3,0,-1
Wildfire,-11.775700580814412,29.35818477122761,6.739336627357174,2026,1,1,0,3,0,-1
Wildfire,46.492167,-116.740833,7.601402334583733,2026,1,1,0,3,0,-1
Wildfire,48.3975,-108.612778,8.286269452783065,2026,1,1,0,3,0,-1
Wildfire,43.9092,-119.44245,8.345930261979017,2026,1,1,0,3,0,-1
Wildfire,44.039918,-119.286715,8.502688505213357,2026,1,1,0,3,0,-1
Wildfire,43.5858333,-118.4971667,6.322565239927284,2026,1,1,0,3,0,-1
Wildfire,45.0755,-116.751,9.838148711227788,2026,1,1,0,3,0,-1
Wildfire,45.03505,-114.010167,7.813995675002791,2026,1,1,0,3,0,-1
Wildfire,43.197097,-117.609275,11.501419524784026,2026,1,1,0,3,0,-1
Wildfire,44.37775,-116.112,6.318968113746434,2026,1,1,0,3,0,-1
Wildfire,44.602833,-116.210333,6.813444599510896,2026,1,1,0,3,0,-1
Wildfire,46.53264,-116.75343,10.268338977758996,2026,1,1,0,3,0,-1
Wildfire,33.401,-111.182167,7.261927092702751,2026,1,1,0,3,0,-1
Wildfire,39.935796054498894,-121.80783449839356,6.739336627357174,2026,1,1,0,3,0,-1
Wildfire,35.498160013395896,-118.56289658898568,6.739336627357174,2026,1,1,0,3,0,-1
Wildfire,-16.44722679799136,-59.21781690522753,6.739336627357174,2026,1,1,0,3,0,-1
Wildfire,-7.309841565182368,34.670446855205526,6.739336627357174,2026,1,1,0,3,0,-1
Wildfire,-7.488778999509711,34.478432973241205,6.739336627357174,2026,1,1,0,3,0,-1
Wildfire,-6.314299595983114,21.46306533484876,6.739336627357174,2026,1,1,0,3,0,-1
Wildfire,55.31949936393091,116.77077797171684,6.739336627357174,2026,1,1,0,3,0,-1
Wildfire,-15.551351662712518,34.061094967380456,6.739336627357174,2026,1,1,0,3,0,-1
Wildfire,-13.737219483452536,30.8317402616946,6.739336627357174,2026,1,1,0,3,0,-1
Wildfire,-21.491821700233874,121.87241671383,6.739336627357174,2026,1,1,0,3,0,-1
Wildfire,-9.006537500574595,30.997229173559905,6.739336627357174,2026,1,1,0,3,0,-1
Wildfire,-19.40763500370636,27.99385316998408,6.739336627357174,2026,1,1,0,3,0,-1
Wildfire,-14.165684094885869,-63.90792470867718,6.739336627357174,2026,1,1,0,3,0,-1
Wildfire,-14.306256964394509,38.66047469231436,6.739336627357174,2026,1,1,0,3,0,-1
Wildfire,-12.895954256584496,26.604485386899302,6.739336627357174,2026,1,1,0,3,0,-1
Wildfire,-10.094914854802658,19.62032268870201,6.739336627357174,2026,1,1,0,3,0,-1
Wildfire,50.55502530091625,-115.67954985950648,6.739336627357174,2026,1,1,0,3,0,-1
Wildfire,-16.481926013749142,-62.44206019802829,6.739336627357174,2026,1,1,0,3,0,-1
Wildfire,-9.418292320762207,28.97424803387776,6.739336627357174,2026,1,1,0,3,0,-1
Wildfire,-5.774805134075796,21.773620193549178,6.739336627357174,2026,1,1,0,3,0,-1
Wildfire,-13.244882817469078,-65.04836558743075,6.739336627357174,2026,1,1,0,3,0,-1
Wildfire,-6.22520306852142,21.15826896447016,6.739336627357174,2026,1,1,0,3,0,-1
Wildfire,-5.414338290291701,19.868920117169623,6.739336627357174,2026,1,1,0,3,0,-1
Wildfire,-4.0501967422088265,18.58818692226332,6.739336627357174,2026,1,1,0,3,0,-1
Wildfire,-6.863429261839925,-58.94534341105256,6.739336627357174,2026,1,1,0,3,0,-1
Wildfire,-6.673808648166776,21.657560795589305,6.739336627357174,2026,1,1,0,3,0,-1
Wildfire,-4.727853662568414,21.39805809028983,6.739336627357174,2026,1,1,0,3,0,-1
Wildfire,-4.316438851111742,18.589958850769147,6.739336627357174,2026,1,1,0,3,0,-1
Wildfire,-3.431103506959314,21.44391405676092,6.739336627357174,2026,1,1,0,3,0,-1
Wildfire,-5.9820566799695625,24.3807964154038,6.739336627357174,2026,1,1,0,3,0,-1
Wildfire,-5.889158713319747,19.77951356699937,6.739336627357174,2026,1,1,0,3,0,-1
Wildfire,-4.11402098302114,18.39338097926817,6.739336627357174,2026,1,1,0,3,0,-1
Wildfire,-4.270387052440566,19.24345249964744,6.739336627357174,2026,1,1,0,3,0,-1
Wildfire,-10.114437717874145,29.65351747917437,6.739336627357174,2026,1,1,0,3,0,-1
Wildfire,-20.672208929745388,-57.01449086854264,6.739336627357174,2026,1,1,0,3,0,-1
Wildfire,-11.7106288297172,29.14724425571535,6.739336627357174,2026,1,1,0,3,0,-1
Wildfire,44.963644,-106.765095,8.990815266184685,2026,1,1,0,3,0,-1
Wildfire,39.818579,-121.802601,10.726587856343938,2026,1,1,0,3,0,-1
Wildfire,35.515133,-118.6837,10.822315064062254,2026,1,1,0,3,0,-1
Wildfire,33.409448,-116.741601,6.803505257608338,2026,1,1,0,3,0,-1
Wildfire,40.77735,-119.738017,9.695971257107615,2026,1,1,0,3,0,-1
Wildfire,43.557383,-122.757367,6.882437470997847,2026,1,1,0,3,0,-1
Wildfire,43.58575,-118.49725,6.322565239927284,2026,1,1,0,3,0,-1
Volcano,55.972,160.595,6.739336627357174,2026,1,1,0,3,0,-1
Wildfire,34.7557,-119.409,7.313886831633462,2026,1,1,0,3,0,-1
Wildfire,44.007775,-120.16455,7.366445148327599,2026,1,1,0,3,0,-1
Wildfire,46.670833,-120.991717,10.358218901947213,2026,1,1,0,3,0,-1
Wildfire,46.677680875737884,-120.95688852061008,6.739336627357174,2026,1,1,0,3,0,-1
Wildfire,54.54838000439377,110.88763789953822,6.739336627357174,2026,1,1,0,3,0,-1
Wildfire,-18.51611423846146,20.28095312436619,6.739336627357174,2026,1,1,0,3,0,-1
Wildfire,-7.556063784027777,34.293714054632005,6.739336627357174,2026,1,1,0,3,0,-1
Wildfire,-9.337183117522146,30.28491367569415,6.739336627357174,2026,1,1,0,3,0,-1
Wildfire,-10.40400472886516,29.359052563259723,6.739336627357174,2026,1,1,0,3,0,-1
Wildfire,-10.40197016410954,29.19271155273116,6.739336627357174,2026,1,1,0,3,0,-1
Wildfire,-15.3265382233076,-56.05880286940685,6.739336627357174,2026,1,1,0,3,0,-1
Wildfire,55.07170926608336,116.21883478666504,6.739336627357174,2026,1,1,0,3,0,-1
Wildfire,-14.016218900577288,18.660291468253124,6.739336627357174,2026,1,1,0,3,0,-1
Wildfire,53.99986853123165,117.19565208567089,6.739336627357174,2026,1,1,0,3,0,-1
Wildfire,-9.421150387532697,21.84081598407625,6.739336627357174,2026,1,1,0,3,0,-1
Wildfire,-5.045085320943413,19.0006673156782,6.739336627357174,2026,1,1,0,3,0,-1
Wildfire,-16.904326826393646,-58.83391208534994,6.739336627357174,2026,1,1,0,3,0,-1
Wildfire,68.67508555722917,136.29193967563953,6.739336627357174,2026,1,1,0,3,0,-1
Wildfire,-4.695443267080353,19.50971881850929,6.739336627357174,2026,1,1,0,3,0,-1
Wildfire,-4.710839423123596,18.971121490205466,6.739336627357174,2026,1,1,0,3,0,-1
Wildfire,-5.334417113836517,18.64255451397993,6.739336627357174,2026,1,1,0,3,0,-1
Wildfire,-12.05745332566661,31.016398942196066,6.739336627357174,2026,1,1,0,3,0,-1
Wildfire,-16.446017294682044,28.91792012366746,6.739336627357174,2026,1,1,0,3,0,-1
Wildfire,-15.477973683171747,29.54177878294125,6.739336627357174,2026,1,1,0,3,0,-1
Wildfire,-12.655257380747264,32.498605513361674,6.739336627357174,2026,1,1,0,3,0,-1
Wildfire,-16.13193695934558,16.136135022774535,6.739336627357174,2026,1,1,0,3,0,-1
Wildfire,-6.351547878767621,21.12253066218451,6.739336627357174,2026,1,1,0,3,0,-1
Wildfire,-16.074463285823196,-62.18402866774576,6.739336627357174,2026,1,1,0,3,0,-1
Wildfire,-17.719947543879336,-59.81558804512155,6.739336627357174,2026,1,1,0,3,0,-1
Wildfire,-15.976069137795616,-63.79814032396278,6.739336627357174,2026,1,1,0,3,0,-1
Wildfire,-5.511537595570692,21.326432425008097,6.739336627357174,2026,1,1,0,3,0,-1
Wildfire,-11.353269834269446,26.74105596185152,6.739336627357174,2026,1,1,0,3,0,-1
Wildfire,-3.02275094574413,16.01441929696712,6.739336627357174,2026,1,1,0,3,0,-1
Wildfire,-4.565505402372924,21.52573248862895,6.739336627357174,2026,1,1,0,3,0,-1
Wildfire,-10.841474967260591,30.24084071745808,6.739336627357174,2026,1,1,0,3,0,-1
Wildfire,-4.558364743834139,21.64036956829242,6.739336627357174,2026,1,1,0,3,0,-1
Wildfire,-8.943873155739713,19.406935660608703,6.739336627357174,2026,1,1,0,3,0,-1
Wildfire,-5.60789898495374,22.73644499534241,6.739336627357174,2026,1,1,0,3,0,-1
Wildfire,-4.584100495945347,19.573351276731746,6.739336627357174,2026,1,1,0,3,0,-1
Wildfire,-5.165325921120428,26.87915292485295,6.739336627357174,2026,1,1,0,3,0,-1
Wildfire,-5.200145165208662,19.70465592609943,6.739336627357174,2026,1,1,0,3,0,-1
Wildfire,44.667076,-117.29803,10.984356691727005,2026,1,1,0,3,0,-1
Wildfire,44.75375,-117.2648,6.92951677076365,2026,1,1,0,3,0,-1
Wildfire,44.725451,-117.092099,10.006991345550787,2026,1,1,0,3,0,-1
Wildfire,29.32,-81.79,6.354370040797351,2026,1,1,0,3,0,-1
Wildfire,46.861662,-120.875358,9.128262260940575,2026,1,1,0,3,0,-1
Wildfire,39.828942,-120.5414,8.00903068506973,2026,1,1,0,3,0,-1
Wildfire,44.6209,-117.40077,10.609081944147828,2026,1,1,0,3,0,-1
Wildfire,45.681167,-121.457306,6.558197802812269,2026,1,1,0,3,0,-1
Wildfire,-14.07393629955891,135.18364561300623,6.739336627357174,2026,1,1,0,3,0,-1
Wildfire,52.719100068314994,-117.89694899861702,6.739336627357174,2026,1,1,0,3,0,-1
Wildfire,44.6124110907274,-117.36318546548468,6.739336627357174,2026,1,1,0,3,0,-1
Wildfire,-19.611273430097057,-56.36235623681411,6.739336627357174,2026,1,1,0,3,0,-1
Wildfire,-9.021938927694125,-65.89102181375763,6.739336627357174,2026,1,1,0,3,0,-1
Wildfire,43.72742217418531,-118.80295596695755,6.739336627357174,2026,1,1,0,3,0,-1
Wildfire,57.25390758748553,122.95557488884084,6.739336627357174,2026,1,1,0,3,0,-1
Wildfire,44.36331450965329,-119.9879014713279,6.739336627357174,2026,1,1,0,3,0,-1
Wildfire,-7.358656965596939,-59.996855631011,6.739336627357174,2026,1,1,0,3,0,-1
Wildfire,-18.26788013776242,-57.469881401501816,6.739336627357174,2026,1,1,0,3,0,-1
Wildfire,54.434045029577376,115.85663782324863,6.739336627357174,2026,1,1,0,3,0,-1
Wildfire,-11.5926351509974,29.3089552727574,6.739336627357174,2026,1,1,0,3,0,-1
Wildfire,-14.751790308848616,37.70705049064232,6.739336627357174,2026,1,1,0,3,0,-1
Wildfire,-15.85554608966027,25.569876959347923,6.739336627357174,2026,1,1,0,3,0,-1
Wildfire,44.63196950305049,-119.3205928743315,6.739336627357174,2026,1,1,0,3,0,-1
Wildfire,-6.312127063504686,21.460202922831336,6.739336627357174,2026,1,1,0,3,0,-1
Wildfire,-5.379761401326871,18.579369357951546,6.739336627357174,2026,1,1,0,3,0,-1
Wildfire,64.49144148683881,-116.17151132832647,6.739336627357174,2026,1,1,0,3,0,-1
Wildfire,-16.042096636204764,-61.70413602852675,6.739336627357174,2026,1,1,0,3,0,-1
Wildfire,-6.264994328304675,21.32701183850112,6.739336627357174,2026,1,1,0,3,0,-1
Wildfire,-9.208771953468602,-58.34033050350887,6.739336627357174,2026,1,1,0,3,0,-1
Wildfire,-4.9921064630613206,22.72511049152626,6.739336627357174,2026,1,1,0,3,0,-1
Wildfire,-6.082318743974825,21.66267959411624,6.739336627357174,2026,1,1,0,3,0,-1
Wildfire,54.59138951021414,115.8303579941814,6.739336627357174,2026,1,1,0,3,0,-1
Wildfire,-16.704493578642527,-62.38409830511815,6.739336627357174,2026,1,1,0,3,0,-1
Wildfire,-11.200645541405386,16.00109933394245,6.739336627357174,2026,1,1,0,3,0,-1
Wildfire,-5.279639109866995,19.94276769448044,6.739336627357174,2026,1,1,0,3,0,-1
Wildfire,-4.306895854030705,18.36863914014536,6.739336627357174,2026,1,1,0,3,0,-1
Wildfire,-16.419233989702015,-59.59709664015627,6.739336627357174,2026,1,1,0,3,0,-1
Wildfire,-4.835725124004285,19.09705958548124,6.739336627357174,2026,1,1,0,3,0,-1
Wildfire,-6.100264847793813,21.008098212733337,6.739336627357174,2026,1,1,0,3,0,-1
Wildfire,-4.577535200128537,19.27598975684762,6.739336627357174,2026,1,1,0,3,0,-1
Wildfire,-15.79672788365923,-61.973423544483104,6.739336627357174,2026,1,1,0,3,0,-1
Wildfire,-15.649667057975016,-61.29119014322841,6.739336627357174,2026,1,1,0,3,0,-1
Wildfire,-16.7082297206986,-62.37850758280013,6.739336627357174,2026,1,1,0,3,0,-1
Wildfire,-4.991031792227024,18.59667905339912,6.739336627357174,2026,1,1,0,3,0,-1
Wildfire,-5.323591466807047,19.886702955328,6.739336627357174,2026,1,1,0,3,0,-1
Wildfire,-4.832137363133083,19.723291141162065,6.739336627357174,2026,1,1,0,3,0,-1
Wildfire,-3.5024279790221406,22.464305072157764,6.739336627357174,2026,1,1,0,3,0,-1
Wildfire,45.90395,-120.239,10.850695387045004,2026,1,1,0,3,0,-1
Wildfire,39.740583,-120.522799,7.993957547573565,2026,1,1,0,3,0,-1
Wildfire,64.843833,-141.292,6.358881587578616,2026,1,1,0,3,0,-1
Wildfire,43.757717,-118.8617,9.105090961257083,2026,1,1,0,3,0,-1
Wildfire,44.207283,-119.868867,8.071218539969863,2026,1,1,0,3,0,-1
Wildfire,34.694333,-113.463667,6.715383386334681,2026,1,1,0,3,0,-1
Wildfire,44.357962,-120.030697,9.210440366976515,2026,1,1,0,3,0,-1
Wildfire,43.615117,-122.419667,8.18646442942209,2026,1,1,0,3,0,-1
Wildfire,44.717345,-119.398688,7.090909822079984,2026,1,1,0,3,0,-1
Wildfire,-10.726767870487905,19.39080713068103,6.739336627357174,2026,1,1,0,3,0,-1
Wildfire,53.83362942338417,116.11001937832864,6.739336627357174,2026,1,1,0,3,0,-1
Wildfire,54.4569045302785,116.60736492633411,6.739336627357174,2026,1,1,0,3,0,-1
Wildfire,53.7835848113134,116.13087145982604,6.739336627357174,2026,1,1,0,3,0,-1
Wildfire,54.05510694459441,118.77169882477293,6.739336627357174,2026,1,1,0,3,0,-1
Wildfire,-9.180881851653954,-65.95456340096041,6.739336627357174,2026,1,1,0,3,0,-1
Wildfire,-6.920249649329329,-59.26195232602486,6.739336627357174,2026,1,1,0,3,0,-1
Wildfire,53.312834970927,117.4364644037397,6.739336627357174,2026,1,1,0,3,0,-1
Wildfire,-6.225781851335324,21.66165384202457,6.739336627357174,2026,1,1,0,3,0,-1
Wildfire,-7.622666370794741,37.82151335641269,6.739336627357174,2026,1,1,0,3,0,-1
Wildfire,-16.237482641154248,17.91840381589936,6.739336627357174,2026,1,1,0,3,0,-1
Wildfire,68.4848213593746,134.18624570331903,6.739336627357174,2026,1,1,0,3,0,-1
Wildfire,-5.895746846090797,21.712816042548216,6.739336627357174,2026,1,1,0,3,0,-1
Wildfire,-4.99774352514393,22.71880847617513,6.739336627357174,2026,1,1,0,3,0,-1
Wildfire,-5.059663918875063,18.68516499706688,6.739336627357174,2026,1,1,0,3,0,-1
Wildfire,-6.903307325485782,-52.50817877901271,6.739336627357174,2026,1,1,0,3,0,-1
Wildfire,-6.257589853648259,21.89966918236664,6.739336627357174,2026,1,1,0,3,0,-1
Wildfire,-7.660206219736873,-51.776989554001545,6.739336627357174,2026,1,1,0,3,0,-1
Wildfire,-5.057579269338254,21.91373077604421,6.739336627357174,2026,1,1,0,3,0,-1
Wildfire,-6.713306315645832,21.58092195595726,6.739336627357174,2026,1,1,0,3,0,-1
Wildfire,-5.062305279688521,19.06496061293796,6.739336627357174,2026,1,1,0,3,0,-1
Wildfire,33.925663,-117.380055,6.2166061010848646,2026,1,1,0,3,0,-1
Wildfire,43.459138,-122.732023,6.236369590203704,2026,1,1,0,3,0,-1
Wildfire,43.262644,-112.091532,6.2166061010848646,2026,1,1,0,3,0,-1
Wildfire,33.449417,-110.270333,8.370547611074752,2026,1,1,0,3,0,-1
Wildfire,33.467083,-110.203333,7.411556287811163,2026,1,1,0,3,0,-1
Wildfire,46.628423,-118.315995,7.48605261786314,2026,1,1,0,3,0,-1
Wildfire,43.36178,-122.305899,6.617402977974478,2026,1,1,0,3,0,-1
Wildfire,-12.6088971524413,142.89211615107652,6.739336627357174,2026,1,1,0,3,0,-1
Wildfire,53.008299544049066,-121.38851899824196,6.739336627357174,2026,1,1,0,3,0,-1
Wildfire,52.21118547084039,-120.42362850274304,6.739336627357174,2026,1,1,0,3,0,-1
Wildfire,-12.9890331061919,130.83301658047276,6.739336627357174,2026,1,1,0,3,0,-1
Wildfire,53.85122492362315,115.5206084950586,6.739336627357174,2026,1,1,0,3,0,-1
Wildfire,59.46693753519946,118.06342757249972,6.739336627357174,2026,1,1,0,3,0,-1
Wildfire,69.32380100218404,135.56162780137504,6.739336627357174,2026,1,1,0,3,0,-1
Wildfire,-10.857780434311929,28.60219381829768,6.739336627357174,2026,1,1,0,3,0,-1
Wildfire,61.89663456309055,126.81208751230982,6.739336627357174,2026,1,1,0,3,0,-1
Wildfire,53.33726315294482,116.70723241268932,6.739336627357174,2026,1,1,0,3,0,-1
Wildfire,53.43112322030572,115.67100148004609,6.739336627357174,2026,1,1,0,3,0,-1
Wildfire,53.28360617156987,116.5072705930831,6.739336627357174,2026,1,1,0,3,0,-1
Wildfire,-16.083286908418646,16.258033082499516,6.739336627357174,2026,1,1,0,3,0,-1
Wildfire,-17.16629155720328,16.810848880785777,6.739336627357174,2026,1,1,0,3,0,-1
Wildfire,-20.89475154313505,-56.93926361496528,6.739336627357174,2026,1,1,0,3,0,-1
Wildfire,-15.25051535236975,15.641365364166726,6.739336627357174,2026,1,1,0,3,0,-1
Wildfire,-7.211230596096985,34.70059138876921,6.739336627357174,2026,1,1,0,3,0,-1
Wildfire,-11.948124395624342,27.723118848392573,6.739336627357174,2026,1,1,0,3,0,-1
Wildfire,-9.385550305136118,-65.92690761884205,6.739336627357174,2026,1,1,0,3,0,-1
Wildfire,-6.1950216549430985,21.02984207654817,6.739336627357174,2026,1,1,0,3,0,-1
Wildfire,-12.631660638913054,-65.47664590843465,6.739336627357174,2026,1,1,0,3,0,-1
Wildfire,-6.066891003799415,-57.96074468271021,6.739336627357174,2026,1,1,0,3,0,-1
Wildfire,45.64002,-121.797121,6.79346613258001,2026,1,1,0,3,0,-1
Wildfire,44.735,-86.0737,6.836259277277067,2026,1,1,0,3,0,-1
Wildfire,44.447517,-109.6733,7.0630481633881725,2026,1,1,0,3,0,-1
Wildfire,62.589254737290766,124.28270445419352,6.739336627357174,2026,1,1,0,3,0,-1
Wildfire,-15.365727546488936,128.78548067688985,6.739336627357174,2026,1,1,0,3,0,-1
Wildfire,-18.407444138818786,127.39585394756958,6.739336627357174,2026,1,1,0,3,0,-1
Wildfire,-18.5460960879993,-59.30373515805954,6.739336627357174,2026,1,1,0,3,0,-1
Wildfire,53.12681088040024,-125.22384616829524,6.739336627357174,2026,1,1,0,3,0,-1
Wildfire,60.946501896826135,120.63252260317051,6.739336627357174,2026,1,1,0,3,0,-1
Wildfire,53.39607041952068,-125.98752017569352,6.739336627357174,2026,1,1,0,3,0,-1
Wildfire,53.62881534741154,-126.28313489337296,6.739336627357174,2026,1,1,0,3,0,-1
Wildfire,-16.455541249056242,-59.409579641052886,6.739336627357174,2026,1,1,0,3,0,-1
Wildfire,62.71437140376081,121.89283607687383,6.739336627357174,2026,1,1,0,3,0,-1
Wildfire,62.70816497302331,120.01791717275177,6.739336627357174,2026,1,1,0,3,0,-1
Wildfire,-14.6070121809924,130.11235197420353,6.739336627357174,2026,1,1,0,3,0,-1
Wildfire,68.48711714933135,133.6894672762129,6.739336627357174,2026,1,1,0,3,0,-1
Wildfire,55.76809878969373,-99.94507775753392,6.739336627357174,2026,1,1,0,3,0,-1
Wildfire,60.17040558460104,118.77145140942176,6.739336627357174,2026,1,1,0,3,0,-1
Wildfire,53.44017326808019,116.86593632685722,6.739336627357174,2026,1,1,0,3,0,-1
Wildfire,59.98853822831265,118.90821242328305,6.739336627357174,2026,1,1,0,3,0,-1
Wildfire,-6.808581964318889,-59.424458306631394,6.739336627357174,2026,1,1,0,3,0,-1
Wildfire,61.02824355434679,121.99338821239895,6.739336627357174,2026,1,1,0,3,0,-1
Wildfire,65.4513132123103,-125.11179265280538,6.739336627357174,2026,1,1,0,3,0,-1
Wildfire,60.83660245676069,121.0869868744943,6.739336627357174,2026,1,1,0,3,0,-1
Wildfire,-9.622233782142752,18.680508148026675,6.739336627357174,2026,1,1,0,3,0,-1
Wildfire,-4.7933198129398,24.150712798309616,6.739336627357174,2026,1,1,0,3,0,-1
Wildfire,69.37135335008946,135.0776447819887,6.739336627357174,2026,1,1,0,3,0,-1
Wildfire,54.2842766734502,-94.31618384032544,6.739336627357174,2026,1,1,0,3,0,-1
Wildfire,-16.081869009538398,-64.43941065159412,6.739336627357174,2026,1,1,0,3,0,-1
Wildfire,-5.156791368723252,21.94027324121697,6.739336627357174,2026,1,1,0,3,0,-1
Wildfire,-13.177046035450417,38.66929680226024,6.739336627357174,2026,1,1,0,3,0,-1
Wildfire,-4.666363437363119,19.35982967624709,6.739336627357174,2026,1,1,0,3,0,-1
Wildfire,61.26016756295554,120.58152161177745,6.739336627357174,2026,1,1,0,3,0,-1
Wildfire,55.68170228875277,-100.83151822808968,6.739336627357174,2026,1,1,0,3,0,-1
Wildfire,-14.61030588038845,37.71979604175736,6.739336627357174,2026,1,1,0,3,0,-1
Wildfire,-10.620460464315707,16.290937359048225,6.739336627357174,2026,1,1,0,3,0,-1
Wildfire,-4.020456314720096,22.778478518018723,6.739336627357174,2026,1,1,0,3,0,-1
Wildfire,-15.699093966680632,-61.18107133379043,6.739336627357174,2026,1,1,0,3,0,-1
Wildfire,-16.42521707951376,-62.648875229001376,6.739336627357174,2026,1,1,0,3,0,-1
Wildfire,68.31760805762133,134.723326696972,6.739336627357174,2026,1,1,0,3,0,-1
Wildfire,-5.080920898603866,21.888758884599618,6.739336627357174,2026,1,1,0,3,0,-1
Wildfire,48.254856,-118.682899,7.313886831633462,2026,1,1,0,3,0,-1
Wildfire,43.463055,-122.614043,7.545918151209323,2026,1,1,0,3,0,-1
Wildfire,43.57076504,-122.7617142,8.228977643358313,2026,1,1,0,3,0,-1
Wildfire,21.9932,-159.7066,7.175489713624222,2026,1,1,0,3,0,-1
Wildfire,43.590411,-122.732656,7.091742115095153,2026,1,1,0,3,0,-1
Wildfire,43.261812,-122.284568,8.610228057383427,2026,1,1,0,3,0,-1
Wildfire,43.307073,-122.528034,7.010311867307229,2026,1,1,0,3,0,-1
Wildfire,45.017663,-119.193451,9.830217690608354,2026,1,1,0,3,0,-1
Wildfire,-6.019036523061417,26.76218996975132,6.739336627357174,2026,1,1,0,3,0,-1
Wildfire,-12.949931316595071,142.1391861872288,6.739336627357174,2026,1,1,0,3,0,-1
Wildfire,-13.017535491052804,142.56023930905414,6.739336627357174,2026,1,1,0,3,0,-1
Wildfire,59.22685063211545,-110.24621082609636,6.739336627357174,2026,1,1,0,3,0,-1
Wildfire,57.31563683912604,-115.79542244462142,6.739336627357174,2026,1,1,0,3,0,-1
Wildfire,-10.30003666142696,22.182870032836764,6.739336627357174,2026,1,1,0,3,0,-1
Wildfire,44.969233706889,-119.22437793200535,6.739336627357174,2026,1,1,0,3,0,-1
Wildfire,63.20974601406756,122.90264174477946,6.739336627357174,2026,1,1,0,3,0,-1
Wildfire,66.87072699373824,133.9434422025092,6.739336627357174,2026,1,1,0,3,0,-1
Wildfire,-15.864924659314113,144.575069865639,6.739336627357174,2026,1,1,0,3,0,-1
Wildfire,68.44142284063776,146.13152883144352,6.739336627357174,2026,1,1,0,3,0,-1
Wildfire,53.08609727504358,116.41745630287132,6.739336627357174,2026,1,1,0,3,0,-1
Wildfire,-15.750480431438088,144.35485954122478,6.739336627357174,2026,1,1,0,3,0,-1
Wildfire,-15.848593929384696,144.55018778601618,6.739336627357174,2026,1,1,0,3,0,-1
Wildfire,-12.20435999882898,-65.44431715177926,6.739336627357174,2026,1,1,0,3,0,-1
Wildfire,47.980733060461176,-118.76731450132844,6.739336627357174,2026,1,1,0,3,0,-1
Wildfire,57.32828363567954,-115.74742085134972,6.739336627357174,2026,1,1,0,3,0,-1
Wildfire,-5.27493849984807,22.862231247580045,6.739336627357174,2026,1,1,0,3,0,-1
Wildfire,-17.6407927022509,127.96921888937295,6.739336627357174,2026,1,1,0,3,0,-1
Wildfire,57.4332732760772,108.21826499747534,6.739336627357174,2026,1,1,0,3,0,-1
Wildfire,-15.326315158034731,-64.2125697584224,6.739336627357174,2026,1,1,0,3,0,-1
Wildfire,-10.476233246659174,-64.20801408590256,6.739336627357174,2026,1,1,0,3,0,-1
Wildfire,-15.321100511947645,-59.31338936307595,6.739336627357174,2026,1,1,0,3,0,-1
Wildfire,-5.115760195679467,21.54183546111677,6.739336627357174,2026,1,1,0,3,0,-1
Wildfire,-6.193865373475022,21.76250643103293,6.739336627357174,2026,1,1,0,3,0,-1
Wildfire,-6.50669088471639,21.614871896934435,6.739336627357174,2026,1,1,0,3,0,-1
Wildfire,-18.52839817107687,20.390277352281792,6.739336627357174,2026,1,1,0,3,0,-1
Wildfire,-6.062830813711843,21.22450566914529,6.739336627357174,2026,1,1,0,3,0,-1
Wildfire,-6.036184157016015,20.75567462734516,6.739336627357174,2026,1,1,0,3,0,-1
Wildfire,-6.016868533425331,22.9372385884752,6.739336627357174,2026,1,1,0,3,0,-1
Wildfire,-6.122566591689288,22.99920956428668,6.739336627357174,2026,1,1,0,3,0,-1
Wildfire,-11.4877424893342,28.588913289676142,6.739336627357174,2026,1,1,0,3,0,-1
Wildfire,-6.089836268088156,21.35087631054891,6.739336627357174,2026,1,1,0,3,0,-1
Wildfire,-6.1621662171339615,21.18763189348562,6.739336627357174,2026,1,1,0,3,0,-1
Wildfire,-4.730811229296121,24.183103585585084,6.739336627357174,2026,1,1,0,3,0,-1
Wildfire,49.87692643364537,-117.37032131255604,6.739336627357174,2026,1,1,0,3,0,-1
Wildfire,-14.699531802778411,-59.5871135242066,6.739336627357174,2026,1,1,0,3,0,-1
Wildfire,48.186276,-121.026784,6.2166061010848646,2026,1,1,0,3,0,-1
Wildfire,43.61765,-122.727517,9.210140351973516,2026,1,1,0,3,0,-1
Wildfire,43.5349,-122.598269,6.272877006546167,2026,1,1,0,3,0,-1
Wildfire,36.406883,-106.936867,8.77971129020447,2026,1,1,0,3,0,-1
Wildfire,29.276333,-81.7072,6.980075940561763,2026,1,1,0,3,0,-1
Wildfire,47.945833,-118.778334,10.798983565153575,2026,1,1,0,3,0,-1
Wildfire,45.177161,-119.043789,10.308052255401128,2026,1,1,0,3,0,-1
Wildfire,48.597033,-120.790217,6.270988431858299,2026,1,1,0,3,0,-1
Wildfire,43.887333,-122.431,8.167919362957816,2026,1,1,0,3,0,-1
Wildfire,27.0227778,-81.0066667,8.434028950155469,2026,1,1,0,3,0,-1
Wildfire,45.055783,-119.010917,9.51473205799091,2026,1,1,0,3,0,-1
Wildfire,44.4915,-122.159556,7.085064293952548,2026,1,1,0,3,0,-1
Wildfire,45.452117,-118.925467,9.852246888342531,2026,1,1,0,3,0,-1
Wildfire,43.321441,-122.176655,6.773080375655535,2026,1,1,0,3,0,-1
Wildfire,44.964117,-119.479383,10.814102205912048,2026,1,1,0,3,0,-1
Wildfire,45.190083,-118.977717,8.408493774492896,2026,1,1,0,3,0,-1
Wildfire,-12.391804195536992,135.87152598957013,6.739336627357174,2026,1,1,0,3,0,-1
Wildfire,56.73518022270598,-118.88116138903725,6.739336627357174,2026,1,1,0,3,0,-1
Wildfire,-12.513923347851028,132.7097830946617,6.739336627357174,2026,1,1,0,3,0,-1
Wildfire,-11.93160423968267,142.3680731771127,6.739336627357174,2026,1,1,0,3,0,-1
Wildfire,44.51377563560339,-117.51072349216729,6.739336627357174,2026,1,1,0,3,0,-1
Wildfire,44.939029437875554,-119.44766842238954,6.739336627357174,2026,1,1,0,3,0,-1
Wildfire,-15.240357906061858,135.42422249954006,6.739336627357174,2026,1,1,0,3,0,-1
Wildfire,-13.010642928339438,142.37569570903457,6.739336627357174,2026,1,1,0,3,0,-1
Wildfire,-12.436222315016463,142.51785049507458,6.739336627357174,2026,1,1,0,3,0,-1
Wildfire,45.01496003139575,-119.0218122497102,6.739336627357174,2026,1,1,0,3,0,-1
Wildfire,-19.07666098637119,-57.4126623515772,6.739336627357174,2026,1,1,0,3,0,-1
Wildfire,-10.814166129729816,-60.78693072864749,6.739336627357174,2026,1,1,0,3,0,-1
Wildfire,59.231356067191385,-110.23442561571628,6.739336627357174,2026,1,1,0,3,0,-1
Wildfire,-18.404989928153785,20.796865676755807,6.739336627357174,2026,1,1,0,3,0,-1
Wildfire,53.79108280989337,114.83093364126002,6.739336627357174,2026,1,1,0,3,0,-1
Wildfire,-14.866102235244687,-60.12536889917237,6.739336627357174,2026,1,1,0,3,0,-1
Wildfire,67.81814167249811,145.37670432341068,6.739336627357174,2026,1,1,0,3,0,-1
Wildfire,-13.490715912772933,131.1040117009866,6.739336627357174,2026,1,1,0,3,0,-1
Wildfire,-7.628804273613553,-51.6824354574018,6.739336627357174,2026,1,1,0,3,0,-1
Wildfire,-8.279242677183806,-47.3400321222138,6.739336627357174,2026,1,1,0,3,0,-1
Wildfire,56.20038275943255,-97.21265772044428,6.739336627357174,2026,1,1,0,3,0,-1
Wildfire,-10.444161499229583,-64.38571531661164,6.739336627357174,2026,1,1,0,3,0,-1
Wildfire,-17.785978972739663,-59.54883079481946,6.739336627357174,2026,1,1,0,3,0,-1
Wildfire,-16.419839965189766,-60.11154626694158,6.739336627357174,2026,1,1,0,3,0,-1
Wildfire,43.57242117577472,-122.7442428410188,6.739336627357174,2026,1,1,0,3,0,-1
Wildfire,-4.514440478213921,19.18555530493501,6.739336627357174,2026,1,1,0,3,0,-1
Wildfire,-19.26443030068508,-57.28219214294828,6.739336627357174,2026,1,1,0,3,0,-1
Wildfire,-17.05109171637832,-60.57541647006635,6.739336627357174,2026,1,1,0,3,0,-1
Wildfire,-5.420225851979078,19.12052621943876,6.739336627357174,2026,1,1,0,3,0,-1
Wildfire,43.59114990493286,-122.74532121017828,6.739336627357174,2026,1,1,0,3,0,-1
Wildfire,43.6504488,-122.7917132,7.655864017616056,2026,1,1,0,3,0,-1
Wildfire,43.026833,-122.232367,6.591673732008658,2026,1,1,0,3,0,-1
Wildfire,43.5395,-122.748833,7.130098510125578,2026,1,1,0,3,0,-1
Wildfire,44.2383,-122.247917,7.304515946460155,2026,1,1,0,3,0,-1
Wildfire,44.547644,-117.477149,12.590937007930377,2026,1,1,0,3,0,-1
Wildfire,43.148289,-122.126074,6.733401891837359,2026,1,1,0,3,0,-1
Wildfire,38.483611,-112.373889,6.90875477931522,2026,1,1,0,3,0,-1
Wildfire,39.709625,-74.39522,7.0630481633881725,2026,1,1,0,3,0,-1
Wildfire,57.16819127237719,-112.74046861717176,6.739336627357174,2026,1,1,0,3,0,-1
Wildfire,-14.205312795827856,25.987702672159728,6.739336627357174,2026,1,1,0,3,0,-1
Wildfire,58.335609574090185,-121.46897917513412,6.739336627357174,2026,1,1,0,3,0,-1
Wildfire,55.5696349318209,-114.10166926492812,6.739336627357174,2026,1,1,0,3,0,-1
Wildfire,55.11279287298475,-111.20198480000543,6.739336627357174,2026,1,1,0,3,0,-1
Wildfire,57.07817278085955,-113.8996765308788,6.739336627357174,2026,1,1,0,3,0,-1
Wildfire,55.3315250256963,-107.2315147209704,6.739336627357174,2026,1,1,0,3,0,-1
Wildfire,-11.601012123653712,142.62858021256548,6.739336627357174,2026,1,1,0,3,0,-1
Wildfire,-3.881838780782189,16.741312332726455,6.739336627357174,2026,1,1,0,3,0,-1
Wildfire,-10.27966988005372,-50.23257364010564,6.739336627357174,2026,1,1,0,3,0,-1
Wildfire,-3.202467363306425,15.240771456689076,6.739336627357174,2026,1,1,0,3,0,-1
Wildfire,58.73988929857201,-114.19181541406324,6.739336627357174,2026,1,1,0,3,0,-1
Wildfire,62.597612234248885,119.39284554869886,6.739336627357174,2026,1,1,0,3,0,-1
Wildfire,-7.43975035215342,34.40814097757018,6.739336627357174,2026,1,1,0,3,0,-1
Wildfire,64.6348919217712,-120.37467769009488,6.739336627357174,2026,1,1,0,3,0,-1
Wildfire,63.19615926416024,-118.18524004868024,6.739336627357174,2026,1,1,0,3,0,-1
Wildfire,-8.868323660153862,27.071793602806903,6.739336627357174,2026,1,1,0,3,0,-1
Wildfire,-16.658109184404047,18.75567864489784,6.739336627357174,2026,1,1,0,3,0,-1
Wildfire,56.5946903215256,-107.87412366964357,6.739336627357174,2026,1,1,0,3,0,-1
Wildfire,-6.450573502397258,21.88333867727252,6.739336627357174,2026,1,1,0,3,0,-1
Wildfire,49.90809225844661,-115.44377878055,6.739336627357174,2026,1,1,0,3,0,-1
Wildfire,60.74659325077286,117.75987045604616,6.739336627357174,2026,1,1,0,3,0,-1
Wildfire,-14.45903974831676,24.039736069707992,6.739336627357174,2026,1,1,0,3,0,-1
Wildfire,-12.689790249549038,-65.86120998848062,6.739336627357174,2026,1,1,0,3,0,-1
Wildfire,58.76595344761209,111.8991459596288,6.739336627357174,2026,1,1,0,3,0,-1
Wildfire,46.038979,-117.317745,9.775824621045972,2026,1,1,0,3,0,-1
Wildfire,40.7655,-123.6425,8.885302512980633,2026,1,1,0,3,0,-1
Wildfire,35.83,-118.175333,9.12750209366718,2026,1,1,0,3,0,-1
Wildfire,46.6337,-116.5925,7.367077059881012,2026,1,1,0,3,0,-1
Wildfire,59.470262148611695,-123.3657296838813,6.739336627357174,2026,1,1,0,3,0,-1
Wildfire,60.5401497003653,-119.84440861191212,6.739336627357174,2026,1,1,0,3,0,-1
Wildfire,-15.849288250089264,143.91813969930294,6.739336627357174,2026,1,1,0,3,0,-1
Wildfire,59.004808777085714,-121.61208535159034,6.739336627357174,2026,1,1,0,3,0,-1
Wildfire,58.85901389715792,-121.77903467851908,6.739336627357174,2026,1,1,0,3,0,-1
Wildfire,63.27684545648328,121.71627155411782,6.739336627357174,2026,1,1,0,3,0,-1
Wildfire,61.14100735635262,-111.01034566442006,6.739336627357174,2026,1,1,0,3,0,-1
Wildfire,-14.198519148404763,129.73039897774316,6.739336627357174,2026,1,1,0,3,0,-1
Wildfire,-16.19381790232636,125.25851248139816,6.739336627357174,2026,1,1,0,3,0,-1
Wildfire,61.7080992483562,-108.64211502700952,6.739336627357174,2026,1,1,0,3,0,-1
Wildfire,56.47195990093738,-107.46703536640128,6.739336627357174,2026,1,1,0,3,0,-1
Wildfire,61.05963573455234,-110.7454964105377,6.739336627357174,2026,1,1,0,3,0,-1
Wildfire,-6.623630680906636,-55.68413946430202,6.739336627357174,2026,1,1,0,3,0,-1
Wildfire,-16.07684220438959,125.54960824997497,6.739336627357174,2026,1,1,0,3,0,-1
Wildfire,-11.06217978024403,17.71846008702517,6.739336627357174,2026,1,1,0,3,0,-1
Wildfire,55.668113628408456,-107.16985502555012,6.739336627357174,2026,1,1,0,3,0,-1
Wildfire,46.06482870787646,-117.38540298510198,6.739336627357174,2026,1,1,0,3,0,-1
Wildfire,-6.61948035079688,-56.35419889931293,6.739336627357174,2026,1,1,0,3,0,-1
Wildfire,53.80017554594418,114.59283600383787,6.739336627357174,2026,1,1,0,3,0,-1
Wildfire,54.13723487754439,115.27132939856924,6.739336627357174,2026,1,1,0,3,0,-1
Wildfire,55.8807334210989,-102.39934626415275,6.739336627357174,2026,1,1,0,3,0,-1
Wildfire,-15.820691647299656,-61.808658437167885,6.739336627357174,2026,1,1,0,3,0,-1
Wildfire,64.01711947036681,-114.83317272535112,6.739336627357174,2026,1,1,0,3,0,-1
Wildfire,46.796,-119.59267,6.331501849893691,2026,1,1,0,3,0,-1
Wildfire,35.953,-112.316,7.601402334583733,2026,1,1,0,3,0,-1
Wildfire,46.732667,-113.866333,7.910223707097344,2026,1,1,0,3,0,-1
Wildfire,45.030646713988816,-119.78345168571497,6.739336627357174,2026,1,1,0,3,0,-1
Wildfire,60.118626682799885,-117.07101421396496,6.739336627357174,2026,1,1,0,3,0,-1
Wildfire,59.228197322073406,-122.45443687406554,6.739336627357174,2026,1,1,0,3,0,-1
Wildfire,59.64302321327168,-119.25452163639387,6.739336627357174,2026,1,1,0,3,0,-1
Wildfire,-8.840037538545575,26.851185864796705,6.739336627357174,2026,1,1,0,3,0,-1
Wildfire,61.5674924962732,-110.07767010458168,6.739336627357174,2026,1,1,0,3,0,-1
Wildfire,-8.093034943578907,20.325309073227853,6.739336627357174,2026,1,1,0,3,0,-1
Wildfire,56.29619969842916,-107.5741281976664,6.739336627357174,2026,1,1,0,3,0,-1
Wildfire,-15.671134726062371,143.97364716300834,6.739336627357174,2026,1,1,0,3,0,-1
Wildfire,-16.123577745881477,125.6690332274654,6.739336627357174,2026,1,1,0,3,0,-1
Wildfire,-16.138010734384018,125.02013458311367,6.739336627357174,2026,1,1,0,3,0,-1
Wildfire,-10.385373297681914,-64.50253740437346,6.739336627357174,2026,1,1,0,3,0,-1
Wildfire,-15.882144066678494,25.443642200454622,6.739336627357174,2026,1,1,0,3,0,-1
Wildfire,65.33796637923817,-125.12522790719544,6.739336627357174,2026,1,1,0,3,0,-1
Wildfire,57.33264993228416,-106.21216762349626,6.739336627357174,2026,1,1,0,3,0,-1
Wildfire,-15.220482591927532,-64.40806706749018,6.739336627357174,2026,1,1,0,3,0,-1
Wildfire,-13.354877424663414,-64.74210169684618,6.739336627357174,2026,1,1,0,3,0,-1
Wildfire,-17.404075279954895,19.188054275596112,6.739336627357174,2026,1,1,0,3,0,-1
Wildfire,53.63265124836148,114.38047053150908,6.739336627357174,2026,1,1,0,3,0,-1
Wildfire,45.286573,-106.695601,8.785845337961213,2026,1,1,0,3,0,-1
Wildfire,43.238409,-105.842312,6.240275845170769,2026,1,1,0,3,0,-1
Wildfire,45.172083,-119.9615,11.829355331273485,2026,1,1,0,3,0,-1
Wildfire,57.47843831965155,-113.80821294470172,6.739336627357174,2026,1,1,0,3,0,-1
Wildfire,60.562706441520255,-120.1674722624292,6.739336627357174,2026,1,1,0,3,0,-1
Wildfire,58.46435957411563,-120.78847494542885,6.739336627357174,2026,1,1,0,3,0,-1
Wildfire,-13.719610235837632,-64.26425993734178,6.739336627357174,2026,1,1,0,3,0,-1
Wildfire,-16.407759160561646,-62.73465622405858,6.739336627357174,2026,1,1,0,3,0,-1
Wildfire,50.53114605396456,-121.39595576317744,6.739336627357174,2026,1,1,0,3,0,-1
Wildfire,-9.943983809291892,22.13090846248217,6.739336627357174,2026,1,1,0,3,0,-1
Wildfire,63.24279313074647,120.72431721254132,6.739336627357174,2026,1,1,0,3,0,-1
Wildfire,-16.55105826767309,136.92185769810118,6.739336627357174,2026,1,1,0,3,0,-1
Wildfire,-7.575430288035839,-64.54626937088878,6.739336627357174,2026,1,1,0,3,0,-1
Wildfire,56.660942690710655,-108.7639096534287,6.739336627357174,2026,1,1,0,3,0,-1
Wildfire,55.612053504174455,-102.57257100582872,6.739336627357174,2026,1,1,0,3,0,-1
Wildfire,-9.145294490039984,-66.06306252179222,6.739336627357174,2026,1,1,0,3,0,-1
Wildfire,63.981286087766485,-114.59428830900744,6.739336627357174,2026,1,1,0,3,0,-1
Wildfire,35.0591667,-118.7525,9.205428327615165,2026,1,1,0,3,0,-1
Wildfire,40.877667,-109.436694,6.573680166960646,2026,1,1,0,3,0,-1
Wildfire,45.24083,-106.82431,7.641564441260972,2026,1,1,0,3,0,-1
Wildfire,35.99505,-118.317533,10.071625664813608,2026,1,1,0,3,0,-1
Wildfire,34.9616667,-118.515,8.619208116822968,2026,1,1,0,3,0,-1
Wildfire,35.199333,-119.695667,9.449672183486918,2026,1,1,0,3,0,-1
Wildfire,45.007626,-105.925713,7.147559271189454,2026,1,1,0,3,0,-1
Wildfire,33.606167,-111.138333,9.320360017014732,2026,1,1,0,3,0,-1
Wildfire,41.90506722262116,26.354503597740813,6.739336627357174,2026,1,1,0,3,0,-1
Wildfire,-7.762980056429684,-55.09442840400445,6.739336627357174,2026,1,1,0,3,0,-1
Wildfire,62.5320018130011,-123.38480723703822,6.739336627357174,2026,1,1,0,3,0,-1
Wildfire,56.19740457510572,-108.4236245079226,6.739336627357174,2026,1,1,0,3,0,-1
Wildfire,35.982314741758465,-118.27805028760244,6.739336627357174,2026,1,1,0,3,0,-1
Wildfire,-15.859356565178544,143.92088422101557,6.739336627357174,2026,1,1,0,3,0,-1
Wildfire,-9.14077716309957,-65.87095001776127,6.739336627357174,2026,1,1,0,3,0,-1
Wildfire,-13.772682843002952,-64.28455933384858,6.739336627357174,2026,1,1,0,3,0,-1
Wildfire,56.496675340148514,-107.52140374000729,6.739336627357174,2026,1,1,0,3,0,-1
Wildfire,-6.463574300464632,-56.157100275305794,6.739336627357174,2026,1,1,0,3,0,-1
Wildfire,55.74190404170078,-107.08334853990507,6.739336627357174,2026,1,1,0,3,0,-1
Wildfire,45.26895,-106.534383,9.863914777416303,2026,1,1,0,3,0,-1
Wildfire,36.758033,-107.2602,6.35088571671474,2026,1,1,0,3,0,-1
Wildfire,45.2202,-106.622683,9.90263719108129,2026,1,1,0,3,0,-1
Wildfire,32.83725,-110.933117,10.391116194697917,2026,1,1,0,3,0,-1
Wildfire,31.7694,-111.468717,7.260522598089852,2026,1,1,0,3,0,-1
Wildfire,44.21452497644741,-117.64232423551373,6.739336627357174,2026,1,1,0,3,0,-1
Wildfire,64.9355213252926,-119.1256172361415,6.739336627357174,2026,1,1,0,3,0,-1
Wildfire,63.65335616788579,-122.15832621956028,6.739336627357174,2026,1,1,0,3,0,-1
Wildfire,62.41235815785775,-120.07562641281658,6.739336627357174,2026,1,1,0,3,0,-1
Wildfire,64.33265816115741,120.22033176399351,6.739336627357174,2026,1,1,0,3,0,-1
Wildfire,57.434620663165134,-114.927946063568,6.739336627357174,2026,1,1,0,3,0,-1
Wildfire,-9.091825522061464,18.802635979316456,6.739336627357174,2026,1,1,0,3,0,-1
Wildfire,-15.569791040946305,-61.0839515334471,6.739336627357174,2026,1,1,0,3,0,-1
Wildfire,64.21734469736465,120.80793118888764,6.739336627357174,2026,1,1,0,3,0,-1
Wildfire,44.1152,-114.961383,7.86172707782398,2026,1,1,0,3,0,-1
Wildfire,44.35675,-117.75875,11.801789338819562,2026,1,1,0,3,0,-1
Wildfire,44.216,-117.846133,7.911324018963353,2026,1,1,0,3,0,-1
Wildfire,33.349,-110.448167,7.679251425953058,2026,1,1,0,3,0,-1
Wildfire,33.546389,-109.540258,6.548219102762372,2026,1,1,0,3,0,-1
Wildfire,44.471117,-121.197417,6.445434064275761,2026,1,1,0,3,0,-1
Wildfire,57.01696648670417,-110.8091390062288,6.739336627357174,2026,1,1,0,3,0,-1
Wildfire,-15.728124102820772,-60.89547517839808,6.739336627357174,2026,1,1,0,3,0,-1
Wildfire,-17.064214464963285,-58.722144874468434,6.739336627357174,2026,1,1,0,3,0,-1
Wildfire,-9.209024710354145,-59.61893114139997,6.739336627357174,2026,1,1,0,3,0,-1
Wildfire,43.852961,-119.426758,11.868710012623817,2026,1,1,0,3,0,-1
Wildfire,59.25013139570377,-114.73321629571096,6.739336627357174,2026,1,1,0,3,0,-1
Wildfire,60.72780464085684,-119.94903658820522,6.739336627357174,2026,1,1,0,3,0,-1
Wildfire,59.03889771917481,-114.35791622063068,6.739336627357174,2026,1,1,0,3,0,-1
Wildfire,58.95702252242816,-114.52803122914128,6.739336627357174,2026,1,1,0,3,0,-1
Wildfire,57.69229511761814,-110.53121824427424,6.739336627357174,2026,1,1,0,3,0,-1
Wildfire,59.90966622669112,-118.24236514183464,6.739336627357174,2026,1,1,0,3,0,-1
Wildfire,59.880815691363786,-121.10755908405062,6.739336627357174,2026,1,1,0,3,0,-1
Wildfire,-8.135873091974625,20.01639623558029,6.739336627357174,2026,1,1,0,3,0,-1
Wildfire,-16.953884356832766,-58.92580311887019,6.739336627357174,2026,1,1,0,3,0,-1
Wildfire,43.84931747374143,-119.3823325930516,6.739336627357174,2026,1,1,0,3,0,-1
Wildfire,70.36769816821884,140.34932763206982,6.739336627357174,2026,1,1,0,3,0,-1
Wildfire,41.56492124487283,22.178071778928423,6.739336627357174,2026,1,1,0,3,0,-1
Wildfire,57.29634162916021,-110.43036233640647,6.739336627357174,2026,1,1,0,3,0,-1
Wildfire,59.56157302561505,-118.92490891314068,6.739336627357174,2026,1,1,0,3,0,-1
Wildfire,57.27573245124405,-110.46748664574618,6.739336627357174,2026,1,1,0,3,0,-1
Wildfire,-11.171675806429828,17.71869746522666,6.739336627357174,2026,1,1,0,3,0,-1
Wildfire,63.348277013332776,120.09775795254146,6.739336627357174,2026,1,1,0,3,0,-1
Wildfire,45.364333,-121.244667,9.813945703874634,2026,1,1,0,3,0,-1
Wildfire,44.242744,-90.073439,8.006700845440367,2026,1,1,0,3,0,-1
Wildfire,36.026333,-118.801528,6.218600119691729,2026,1,1,0,3,0,-1
Wildfire,-8.402797359789211,20.040227396563584,6.739336627357174,2026,1,1,0,3,0,-1
Wildfire,39.96422835666898,20.15511155528637,6.739336627357174,2026,1,1,0,3,0,-1
Wildfire,55.15831321399974,-106.86747846294456,6.739336627357174,2026,1,1,0,3,0,-1
Wildfire,-17.443246548292514,19.55565605158338,6.739336627357174,2026,1,1,0,3,0,-1
Wildfire,-11.35789665975119,132.35945627820686,6.739336627357174,2026,1,1,0,3,0,-1
Wildfire,34.519512,-110.96427,7.61085279039525,2026,1,1,0,3,0,-1
Wildfire,43.807167,-118.745667,6.99117688712121,2026,1,1,0,3,0,-1
Wildfire,42.47755,-122.603,8.319473692442186,2026,1,1,0,3,0,-1
Wildfire,-13.318416557573824,132.0712902700375,6.739336627357174,2026,1,1,0,3,0,-1
Wildfire,68.50595772140349,133.436620425346,6.739336627357174,2026,1,1,0,3,0,-1
Wildfire,53.664182767563176,128.6665423030992,6.739336627357174,2026,1,1,0,3,0,-1
Wildfire,68.53268518823295,134.39845793076623,6.739336627357174,2026,1,1,0,3,0,-1
Wildfire,63.11486862757105,121.26470088827426,6.739336627357174,2026,1,1,0,3,0,-1
Wildfire,66.87289836998059,134.09256885985812,6.739336627357174,2026,1,1,0,3,0,-1
Wildfire,58.234729049220064,-112.95185936181134,6.739336627357174,2026,1,1,0,3,0,-1
Wildfire,34.301917,-117.590867,7.98514393119862,2026,1,1,0,3,0,-1
Wildfire,-17.213401564753962,123.72588877036492,6.739336627357174,2026,1,1,0,3,0,-1
Wildfire,69.0242374938927,142.84393183949092,6.739336627357174,2026,1,1,0,3,0,-1
Wildfire,54.63589274811547,118.10483183015248,6.739336627357174,2026,1,1,0,3,0,-1
Wildfire,68.9854050570269,142.99443551913313,6.739336627357174,2026,1,1,0,3,0,-1
Wildfire,69.15569768835806,143.23699622905858,6.739336627357174,2026,1,1,0,3,0,-1
Wildfire,70.19155103145559,140.57975533256183,6.739336627357174,2026,1,1,0,3,0,-1
Wildfire,58.99523242464471,-114.96356730342256,6.739336627357174,2026,1,1,0,3,0,-1
Wildfire,51.98420855981097,130.74001231701223,6.739336627357174,2026,1,1,0,3,0,-1
Wildfire,70.06740750825142,141.7619041345812,6.739336627357174,2026,1,1,0,3,0,-1
Wildfire,-8.72574128179101,-62.41270692732354,6.739336627357174,2026,1,1,0,3,0,-1
Wildfire,-12.226765598190855,132.60806943334876,6.739336627357174,2026,1,1,0,3,0,-1
Wildfire,39.78726,-74.62619,8.366602832783736,2026,1,1,0,3,0,-1
Wildfire,34.78629581505955,-120.07555482806406,6.739336627357174,2026,1,1,0,3,0,-1
Wildfire,38.44922286238271,-112.34141932512088,6.739336627357174,2026,1,1,0,3,0,-1
Wildfire,-14.689523082076455,-59.73706139124115,6.739336627357174,2026,1,1,0,3,0,-1
Wildfire,55.290107638831145,127.3100213130656,6.739336627357174,2026,1,1,0,3,0,-1
Wildfire,-24.804582488911027,30.91203719558406,6.739336627357174,2026,1,1,0,3,0,-1
Wildfire,55.41012362039557,126.25678151002867,6.739336627357174,2026,1,1,0,3,0,-1
Wildfire,58.91785814938064,121.34365716773202,6.739336627357174,2026,1,1,0,3,0,-1
Wildfire,62.6534493743477,124.37546424240432,6.739336627357174,2026,1,1,0,3,0,-1
Wildfire,56.406962081129066,116.26141136629523,6.739336627357174,2026,1,1,0,3,0,-1
Wildfire,57.43772960229241,-110.65680395219728,6.739336627357174,2026,1,1,0,3,0,-1
Wildfire,-25.64762533732912,30.580176986390097,6.739336627357174,2026,1,1,0,3,0,-1
Wildfire,57.23717046015457,123.65952119541583,6.739336627357174,2026,1,1,0,3,0,-1
Wildfire,34.786833,-120.052,10.562690077043136,2026,1,1,0,3,0,-1
Wildfire,59.23351832179179,-114.72980486580438,6.739336627357174,2026,1,1,0,3,0,-1
Wildfire,56.86327964581063,121.53944581715722,6.739336627357174,2026,1,1,0,3,0,-1
Wildfire,59.05192074160826,-121.24692845494998,6.739336627357174,2026,1,1,0,3,0,-1
Wildfire,38.483611,-112.373889,9.810439811486056,2026,1,1,0,3,0,-1
Wildfire,29.066164,-81.450555,7.378383712996714,2026,1,1,0,3,0,-1
Wildfire,-7.728505188636456,19.626730840539693,6.739336627357174,2026,1,1,0,3,0,-1
Wildfire,55.67678636853936,125.95171674087337,6.739336627357174,2026,1,1,0,3,0,-1
Wildfire,59.7538222746665,-118.464980312419,6.739336627357174,2026,1,1,0,3,0,-1
Wildfire,51.698120207764006,129.70064371510355,6.739336627357174,2026,1,1,0,3,0,-1
Wildfire,58.58312656378959,-121.26085248589524,6.739336627357174,2026,1,1,0,3,0,-1
Wildfire,-17.103027177115678,123.63704098287424,6.739336627357174,2026,1,1,0,3,0,-1
Wildfire,56.8737410147312,121.82676309532545,6.739336627357174,2026,1,1,0,3,0,-1
Wildfire,62.54728202258036,111.49730436788296,6.739336627357174,2026,1,1,0,3,0,-1
Wildfire,58.9666712008524,130.87710583361007,6.739336627357174,2026,1,1,0,3,0,-1
Wildfire,57.69454562218578,-114.85823561610736,6.739336627357174,2026,1,1,0,3,0,-1
Wildfire,47.772037,-119.813493,6.734591659972948,2026,1,1,0,3,0,-1
Wildfire,46.56885,-118.27071,7.270312886079025,2026,1,1,0,3,0,-1
Wildfire,58.51532556514746,-121.0037411194706,6.739336627357174,2026,1,1,0,3,0,-1
Wildfire,-7.630604369758335,18.110947980356336,6.739336627357174,2026,1,1,0,3,0,-1
Wildfire,-8.563878583358886,17.070869085465944,6.739336627357174,2026,1,1,0,3,0,-1
Wildfire,56.309243806939776,129.48165678280114,6.739336627357174,2026,1,1,0,3,0,-1
Wildfire,61.99135944279007,123.17908529814872,6.739336627357174,2026,1,1,0,3,0,-1
Wildfire,-18.24719403721657,19.81906201631966,6.739336627357174,2026,1,1,0,3,0,-1
Wildfire,41.49077279598385,-123.03434875247548,6.739336627357174,2026,1,1,0,3,0,-1
Wildfire,60.358593696402295,122.1267507379162,6.739336627357174,2026,1,1,0,3,0,-1
Wildfire,59.260575568891575,-121.2377216530445,6.739336627357174,2026,1,1,0,3,0,-1
Wildfire,58.4093719792648,126.73806396915094,6.739336627357174,2026,1,1,0,3,0,-1
Wildfire,55.97187241674943,113.98910043020288,6.739336627357174,2026,1,1,0,3,0,-1
Wildfire,46.122194,-116.948,8.057060681965766,2026,1,1,0,3,0,-1
Wildfire,35.1166667,-118.405,6.7226297948554485,2026,1,1,0,3,0,-1
Wildfire,41.46505,-123.06275,9.649949224651184,2026,1,1,0,3,0,-1
Wildfire,35.6216667,-119.8583333,7.1785454837637,2026,1,1,0,3,0,-1
Wildfire,36.2930556,-98.9880556,6.678342114654332,2026,1,1,0,3,0,-1
Wildfire,-15.333950309887497,142.18881641214952,6.739336627357174,2026,1,1,0,3,0,-1
Wildfire,-9.012637429241275,20.076854960047324,6.739336627357174,2026,1,1,0,3,0,-1
Wildfire,-12.2938392495123,132.15857802425126,6.739336627357174,2026,1,1,0,3,0,-1
Wildfire,53.60052016245206,118.26208206090854,6.739336627357174,2026,1,1,0,3,0,-1
Wildfire,61.69960616460341,106.4567391959553,6.739336627357174,2026,1,1,0,3,0,-1
Wildfire,33.40515,-108.550967,8.356554845453426,2026,1,1,0,3,0,-1
Wildfire,66.067167,-157.128833,7.358512376282008,2026,1,1,0,3,0,-1
Wildfire,55.10895768591092,116.86568262735176,6.739336627357174,2026,1,1,0,3,0,-1
Wildfire,-8.14305954497777,19.599941468146824,6.739336627357174,2026,1,1,0,3,0,-1
Wildfire,54.26789945027716,118.36620612292111,6.739336627357174,2026,1,1,0,3,0,-1
Wildfire,60.07958715570167,119.04063423698396,6.739336627357174,2026,1,1,0,3,0,-1
Wildfire,-8.393720207551825,22.236107585694665,6.739336627357174,2026,1,1,0,3,0,-1
Wildfire,52.075038887207135,130.71796370388014,6.739336627357174,2026,1,1,0,3,0,-1
Wildfire,-14.125616516974649,24.519142581996054,6.739336627357174,2026,1,1,0,3,0,-1
Wildfire,55.53484614400816,129.114948548542,6.739336627357174,2026,1,1,0,3,0,-1
Wildfire,61.376073772029,120.3065585094416,6.739336627357174,2026,1,1,0,3,0,-1
Wildfire,59.11236083974352,-114.9880125262324,6.739336627357174,2026,1,1,0,3,0,-1
Wildfire,-12.990016681968592,27.25412652121741,6.739336627357174,2026,1,1,0,3,0,-1
Wildfire,59.70630390966216,117.42905526027302,6.739336627357174,2026,1,1,0,3,0,-1
Wildfire,59.14726196909645,-119.79184205498656,6.739336627357174,2026,1,1,0,3,0,-1
Wildfire,32.668151,-116.260045,7.375255778009754,2026,1,1,0,3,0,-1
Wildfire,34.394897,-112.033339,6.960347729101308,2026,1,1,0,3,0,-1
Wildfire,54.95046935423183,117.05954489112672,6.739336627357174,2026,1,1,0,3,0,-1
Wildfire,58.80601323175416,-114.65354435332851,6.739336627357174,2026,1,1,0,3,0,-1
Wildfire,-13.808023239949367,-64.50592811198683,6.739336627357174,2026,1,1,0,3,0,-1
Wildfire,-19.47139021251964,-57.3442169906278,6.739336627357174,2026,1,1,0,3,0,-1
Wildfire,58.27994823823306,118.2371309701456,6.739336627357174,2026,1,1,0,3,0,-1
Wildfire,53.76999588555629,116.22319521431857,6.739336627357174,2026,1,1,0,3,0,-1
Wildfire,59.90837016244601,132.87039915050664,6.739336627357174,2026,1,1,0,3,0,-1
Wildfire,61.08630846384652,120.77871433466976,6.739336627357174,2026,1,1,0,3,0,-1
Wildfire,57.192602282124696,121.3898493562875,6.739336627357174,2026,1,1,0,3,0,-1
Wildfire,59.08240660661877,131.610679893813,6.739336627357174,2026,1,1,0,3,0,-1
Wildfire,53.74514907509303,116.01923263038832,6.739336627357174,2026,1,1,0,3,0,-1
Wildfire,59.400939654322606,121.1629770502262,6.739336627357174,2026,1,1,0,3,0,-1
Wildfire,59.25900118796104,131.14723797367904,6.739336627357174,2026,1,1,0,3,0,-1
Wildfire,59.29337358880448,131.37222245864604,6.739336627357174,2026,1,1,0,3,0,-1
Wildfire,-16.980001433791614,-59.03800113816561,6.739336627357174,2026,1,1,0,3,0,-1
Wildfire,65.583883,-154.154167,6.851184927493743,2026,1,1,0,3,0,-1
Wildfire,65.941667,-147.55945,9.638805604313408,2026,1,1,0,3,0,-1
Wildfire,27.82,-81.9402778,6.423246963533519,2026,1,1,0,3,0,-1
Wildfire,52.98288277643283,130.44795197929963,6.739336627357174,2026,1,1,0,3,0,-1
Wildfire,54.1669786709728,129.1235033672676,6.739336627357174,2026,1,1,0,3,0,-1
Wildfire,-6.861532618138704,18.638243065851565,6.739336627357174,2026,1,1,0,3,0,-1
Wildfire,54.60639496728378,117.134114056261,6.739336627357174,2026,1,1,0,3,0,-1
Wildfire,57.48014684669023,129.48298787414578,6.739336627357174,2026,1,1,0,3,0,-1
Wildfire,53.101274789811534,116.47918390840633,6.739336627357174,2026,1,1,0,3,0,-1
Wildfire,54.47538641796441,126.68846836721404,6.739336627357174,2026,1,1,0,3,0,-1
Wildfire,66.899167,-141.31555,8.545002892055505,2026,1,1,0,3,0,-1
Wildfire,65.32955,-148.446533,8.52912176228151,2026,1,1,0,3,0,-1
Wildfire,65.403005,-148.17641,11.415301610684123,2026,1,1,0,3,0,-1
Wildfire,52.7600517655802,129.5634196905628,6.739336627357174,2026,1,1,0,3,0,-1
Wildfire,52.39471171615211,128.22380796295957,6.739336627357174,2026,1,1,0,3,0,-1
Wildfire,54.55177606293162,118.33297146775853,6.739336627357174,2026,1,1,0,3,0,-1
Wildfire,56.00732105879282,120.01220706431828,6.739336627357174,2026,1,1,0,3,0,-1
Wildfire,54.535319321618616,116.75160054585028,6.739336627357174,2026,1,1,0,3,0,-1
Wildfire,-12.267810290798476,132.34622351667733,6.739336627357174,2026,1,1,0,3,0,-1
Wildfire,-6.35266892123562,26.64990575487079,6.739336627357174,2026,1,1,0,3,0,-1
Wildfire,54.57823062928825,121.72313201006396,6.739336627357174,2026,1,1,0,3,0,-1
Wildfire,54.26216908976264,119.87025988970224,6.739336627357174,2026,1,1,0,3,0,-1
Wildfire,-5.789587845461822,26.64918630999502,6.739336627357174,2026,1,1,0,3,0,-1
Wildfire,59.0482260557738,121.52641619443024,6.739336627357174,2026,1,1,0,3,0,-1
Wildfire,59.31491272157268,121.46247914739834,6.739336627357174,2026,1,1,0,3,0,-1
Wildfire,66.22,-151.141667,6.744059186311348,2026,1,1,0,3,0,-1
Wildfire,63.901,-149.783833,7.121010097545977,2026,1,1,0,3,0,-1
Wildfire,-18.60658943579949,-58.346006110609565,6.739336627357174,2026,1,1,0,3,0,-1
Wildfire,53.48052084257064,128.22755654989567,6.739336627357174,2026,1,1,0,3,0,-1
Wildfire,52.50107868170251,130.1972888093628,6.739336627357174,2026,1,1,0,3,0,-1
Wildfire,54.13994118147742,130.54702612295588,6.739336627357174,2026,1,1,0,3,0,-1
Wildfire,54.2759907178016,121.32376753167532,6.739336627357174,2026,1,1,0,3,0,-1
Wildfire,52.69728212865558,130.19775043262487,6.739336627357174,2026,1,1,0,3,0,-1
Wildfire,-4.94753014106913,25.74838693892673,6.739336627357174,2026,1,1,0,3,0,-1
Wildfire,54.99656070785554,118.67257923245964,6.739336627357174,2026,1,1,0,3,0,-1
Wildfire,-2.4372852441939057,35.0823974430872,6.739336627357174,2026,1,1,0,3,0,-1
Wildfire,-9.033639903781983,22.00041874312137,6.739336627357174,2026,1,1,0,3,0,-1
Wildfire,52.95391753639297,129.05926009905386,6.739336627357174,2026,1,1,0,3,0,-1
Wildfire,53.423087178326426,116.953653659393,6.739336627357174,2026,1,1,0,3,0,-1
Wildfire,52.180558164180106,118.56597852200277,6.739336627357174,2026,1,1,0,3,0,-1
Wildfire,59.42060958054069,-121.14255975365332,6.739336627357174,2026,1,1,0,3,0,-1
Wildfire,55.15504300593072,128.88075083901197,6.739336627357174,2026,1,1,0,3,0,-1
Wildfire,59.50018439905896,-121.65074979068244,6.739336627357174,2026,1,1,0,3,0,-1
Wildfire,59.6367228498276,121.07815806635024,6.739336627357174,2026,1,1,0,3,0,-1
Wildfire,63.4338,-142.3305,7.014634640609233,2026,1,1,0,3,0,-1
Wildfire,66.2545,-158.422667,6.962338156752429,2026,1,1,0,3,0,-1
Wildfire,66.286833,-158.475,6.726113491092939,2026,1,1,0,3,0,-1
Wildfire,61.93,-158.77,8.031352820344155,2026,1,1,0,3,0,-1
Wildfire,63.88,-150.04,9.939366148571027,2026,1,1,0,3,0,-1
Wildfire,64.194717,-147.980833,8.752439211518078,2026,1,1,0,3,0,-1
Wildfire,37.9751,-118.674,7.678326356506885,2026,1,1,0,3,0,-1
Wildfire,68.5928039091536,133.49578197256778,6.739336627357174,2026,1,1,0,3,0,-1
Wildfire,54.80555358422646,130.33304009917524,6.739336627357174,2026,1,1,0,3,0,-1
Wildfire,59.32157845658425,-113.77145328962844,6.739336627357174,2026,1,1,0,3,0,-1
Wildfire,51.84951724163045,129.57577598909518,6.739336627357174,2026,1,1,0,3,0,-1
Wildfire,53.55263523049101,128.69208051538064,6.739336627357174,2026,1,1,0,3,0,-1
Wildfire,52.16760408064224,129.963733763662,6.739336627357174,2026,1,1,0,3,0,-1
Wildfire,51.63076424966154,130.53570595922434,6.739336627357174,2026,1,1,0,3,0,-1
Wildfire,56.66397370551943,117.98921300606538,6.739336627357174,2026,1,1,0,3,0,-1
Wildfire,56.51064245273373,117.95194760293424,6.739336627357174,2026,1,1,0,3,0,-1
Wildfire,55.62819782272302,118.73117436457107,6.739336627357174,2026,1,1,0,3,0,-1
Wildfire,55.66488124185235,118.19578614728148,6.739336627357174,2026,1,1,0,3,0,-1
Wildfire,55.30007068372867,120.206075949355,6.739336627357174,2026,1,1,0,3,0,-1
Wildfire,57.87063089527673,117.92312710760082,6.739336627357174,2026,1,1,0,3,0,-1
Wildfire,51.72003331621237,129.610917788925,6.739336627357174,2026,1,1,0,3,0,-1
Wildfire,59.40572298494237,131.98736282392002,6.739336627357174,2026,1,1,0,3,0,-1
Wildfire,53.89800530590108,119.02125970708975,6.739336627357174,2026,1,1,0,3,0,-1
Wildfire,53.589896801966574,120.00405104258616,6.739336627357174,2026,1,1,0,3,0,-1
Wildfire,66.771667,-146.420833,6.98933526597456,2026,1,1,0,3,0,-1
Wildfire,64.43055,-141.769717,6.244166900663736,2026,1,1,0,3,0,-1
Wildfire,62.92,-153.9,8.050129237089116,2026,1,1,0,3,0,-1
Wildfire,65.533883,-146.215,8.37930948405285,2026,1,1,0,3,0,-1
Wildfire,61.34,-156.72,6.985919299951491,2026,1,1,0,3,0,-1
Wildfire,-9.49162144988887,14.883199964551505,6.739336627357174,2026,1,1,0,3,0,-1
Wildfire,59.40108432493505,-120.7346489248276,6.739336627357174,2026,1,1,0,3,0,-1
Wildfire,-6.775380941707705,18.51094965022568,6.739336627357174,2026,1,1,0,3,0,-1
Wildfire,-7.051177262363505,18.29028315270093,6.739336627357174,2026,1,1,0,3,0,-1
Wildfire,-7.732206523200235,25.89332561845719,6.739336627357174,2026,1,1,0,3,0,-1
Wildfire,36.88552268495516,-119.11267357139953,6.739336627357174,2026,1,1,0,3,0,-1
Wildfire,58.88048768199795,-121.5588788450872,6.739336627357174,2026,1,1,0,3,0,-1
Wildfire,53.42621006141486,129.85064025743307,6.739336627357174,2026,1,1,0,3,0,-1
Wildfire,55.067180075116966,128.27438030450784,6.739336627357174,2026,1,1,0,3,0,-1
Wildfire,58.9589161867071,-121.2100175419895,6.739336627357174,2026,1,1,0,3,0,-1
Wildfire,54.86799057484198,128.4413510447692,6.739336627357174,2026,1,1,0,3,0,-1
Wildfire,55.38391138597561,115.69582882666012,6.739336627357174,2026,1,1,0,3,0,-1
Wildfire,-8.691952395019257,21.24654632367165,6.739336627357174,2026,1,1,0,3,0,-1
Wildfire,53.92849488890789,126.2963248629093,6.739336627357174,2026,1,1,0,3,0,-1
Wildfire,60.05666545568783,-117.13573637077478,6.739336627357174,2026,1,1,0,3,0,-1
Wildfire,53.385886856365296,131.7576346437681,6.739336627357174,2026,1,1,0,3,0,-1
Wildfire,-5.473029490258822,25.56765262475885,6.739336627357174,2026,1,1,0,3,0,-1
Wildfire,55.67916309703513,118.47924967539753,6.739336627357174,2026,1,1,0,3,0,-1
Wildfire,54.150350246409786,115.21681404143771,6.739336627357174,2026,1,1,0,3,0,-1
Wildfire,55.64001503714294,125.1994472450636,6.739336627357174,2026,1,1,0,3,0,-1
Wildfire,59.68160663805208,-121.42548053031156,6.739336627357174,2026,1,1,0,3,0,-1
Wildfire,59.65009719295304,-121.33214953903452,6.739336627357174,2026,1,1,0,3,0,-1
Wildfire,55.989322620328124,127.317982185037,6.739336627357174,2026,1,1,0,3,0,-1
Wildfire,59.4435683583049,119.74896138657834,6.739336627357174,2026,1,1,0,3,0,-1
Wildfire,63.029717,-152.25445,10.490496137034404,2026,1,1,0,3,0,-1
Wildfire,65.32,-148.05695,10.024022354164863,2026,1,1,0,3,0,-1
Wildfire,36.715565,-119.337929,9.270211769013573,2026,1,1,0,3,0,-1
Wildfire,65.2015,-148.629667,10.0915012118666,2026,1,1,0,3,0,-1
Wildfire,65.223833,-148.507333,10.18733101694996,2026,1,1,0,3,0,-1
Wildfire,39.418598,-121.482631,6.539585955617669,2026,1,1,0,3,0,-1
Wildfire,51.79184131660541,-64.11572465175655,6.739336627357174,2026,1,1,0,3,0,-1
Wildfire,-19.03758279602289,-57.12580244356508,6.739336627357174,2026,1,1,0,3,0,-1
Wildfire,36.7498605824008,-119.30346408860883,6.739336627357174,2026,1,1,0,3,0,-1
Wildfire,-3.733227237900466,23.29407696546165,6.739336627357174,2026,1,1,0,3,0,-1
Wildfire,-3.5856567728470115,23.46548876678258,6.739336627357174,2026,1,1,0,3,0,-1
Wildfire,-8.888498024362239,21.9381289105053,6.739336627357174,2026,1,1,0,3,0,-1
Wildfire,-5.956921426144892,18.49116800538968,6.739336627357174,2026,1,1,0,3,0,-1
Wildfire,-3.397247809847313,23.76623042176052,6.739336627357174,2026,1,1,0,3,0,-1
Wildfire,-5.894757624581179,27.17008792644025,6.739336627357174,2026,1,1,0,3,0,-1
Wildfire,-8.072202039236274,19.81773335969057,6.739336627357174,2026,1,1,0,3,0,-1
Wildfire,-15.938926203507142,-60.493590221334976,6.739336627357174,2026,1,1,0,3,0,-1
Wildfire,-3.6204836622996273,23.47908443888224,6.739336627357174,2026,1,1,0,3,0,-1
Wildfire,-3.7266152363818006,23.13303969507488,6.739336627357174,2026,1,1,0,3,0,-1
Wildfire,-3.877605014617591,23.632914517307,6.739336627357174,2026,1,1,0,3,0,-1
Wildfire,-3.3451660392045466,23.624144260636903,6.739336627357174,2026,1,1,0,3,0,-1
Wildfire,55.25121495792409,116.9097570778424,6.739336627357174,2026,1,1,0,3,0,-1
Wildfire,59.38274178249019,120.79517273195448,6.739336627357174,2026,1,1,0,3,0,-1
Wildfire,55.86028173257491,124.48697050068036,6.739336627357174,2026,1,1,0,3,0,-1
Wildfire,54.72211752781075,120.45135021956489,6.739336627357174,2026,1,1,0,3,0,-1
Wildfire,59.51805070140191,120.00956050980068,6.739336627357174,2026,1,1,0,3,0,-1
Wildfire,55.44046026443638,120.47286209292731,6.739336627357174,2026,1,1,0,3,0,-1
Wildfire,55.5493844600144,118.4513993560837,6.739336627357174,2026,1,1,0,3,0,-1
Wildfire,-2.3046103600292667,34.661994324469305,6.739336627357174,2026,1,1,0,3,0,-1
Wildfire,53.34539737464697,120.14650176524825,6.739336627357174,2026,1,1,0,3,0,-1
Wildfire,55.15805032347874,119.91658427573272,6.739336627357174,2026,1,1,0,3,0,-1
Wildfire,56.65830575864423,128.65712753055516,6.739336627357174,2026,1,1,0,3,0,-1
Wildfire,60.76911583358731,120.0655724370462,6.739336627357174,2026,1,1,0,3,0,-1
Wildfire,55.9513475995028,117.08896442619454,6.739336627357174,2026,1,1,0,3,0,-1
Wildfire,53.05534548681651,119.5500508088867,6.739336627357174,2026,1,1,0,3,0,-1
Wildfire,55.87135317496562,126.40580712186484,6.739336627357174,2026,1,1,0,3,0,-1
Wildfire,56.73304837431162,128.64898109214354,6.739336627357174,2026,1,1,0,3,0,-1
Wildfire,59.66519441918694,119.63305707445996,6.739336627357174,2026,1,1,0,3,0,-1
Wildfire,36.715565,-119.337929,8.188966863648876,2026,1,1,0,3,0,-1
Wildfire,36.79027,-119.308956,6.75343791859778,2026,1,1,0,3,0,-1
Wildfire,64.569667,-155.7345,10.2427273844015,2026,1,1,0,3,0,-1
Wildfire,64.611667,-155.231,6.288973180377498,2026,1,1,0,3,0,-1
Wildfire,55.38304708188419,119.85275703723518,6.739336627357174,2026,1,1,0,3,0,-1
Wildfire,55.494215899101405,120.4976743503613,6.739336627357174,2026,1,1,0,3,0,-1
Wildfire,54.70763460804475,119.10393834047224,6.739336627357174,2026,1,1,0,3,0,-1
Wildfire,54.7514598601305,119.41809624180485,6.739336627357174,2026,1,1,0,3,0,-1
Wildfire,59.73251332431367,117.82195746105154,6.739336627357174,2026,1,1,0,3,0,-1
Wildfire,65.971233,-157.246917,8.686530820651898,2026,1,1,0,3,0,-1
Wildfire,66.704833,-157.7455,7.171810420802761,2026,1,1,0,3,0,-1
Wildfire,66.789833,-157.788833,7.079184394609668,2026,1,1,0,3,0,-1
Wildfire,63.56,-154.181667,7.428749031663754,2026,1,1,0,3,0,-1
Wildfire,45.126083,-121.131392,6.932447891572509,2026,1,1,0,3,0,-1
Wildfire,66.893333,-159.615,7.273925004482659,2026,1,1,0,3,0,-1
Wildfire,53.29619395676266,129.9124134763707,6.739336627357174,2026,1,1,0,3,0,-1
Wildfire,53.24860504900902,128.52183588578012,6.739336627357174,2026,1,1,0,3,0,-1
Wildfire,53.21036741343203,130.2993798205448,6.739336627357174,2026,1,1,0,3,0,-1
Wildfire,-19.26757429971461,133.51998928110925,6.739336627357174,2026,1,1,0,3,0,-1
Wildfire,54.582285902706566,121.1772595124608,6.739336627357174,2026,1,1,0,3,0,-1
Wildfire,53.950751755395245,127.29681131551808,6.739336627357174,2026,1,1,0,3,0,-1
Wildfire,-2.8787847332460657,23.83431309218347,6.739336627357174,2026,1,1,0,3,0,-1
Wildfire,59.386487046404696,-113.90267240901204,6.739336627357174,2026,1,1,0,3,0,-1
Wildfire,-2.2522110236191213,23.39345622556056,6.739336627357174,2026,1,1,0,3,0,-1
Wildfire,55.01244391053558,121.8150784695904,6.739336627357174,2026,1,1,0,3,0,-1
Wildfire,51.81135461711229,129.55814154669096,6.739336627357174,2026,1,1,0,3,0,-1
Wildfire,54.87786120878624,127.36489605071075,6.739336627357174,2026,1,1,0,3,0,-1
Wildfire,53.99159790781088,120.41281873321748,6.739336627357174,2026,1,1,0,3,0,-1
Wildfire,63.775,-152.407217,10.103321534414714,2026,1,1,0,3,0,-1
Wildfire,38.089417,-105.038717,7.1785454837637,2026,1,1,0,3,0,-1
Wildfire,66.798833,-160.0105,10.060777585149,2026,1,1,0,3,0,-1
Wildfire,62.9479,-156.646533,7.109879463072272,2026,1,1,0,3,0,-1
Wildfire,64.574117,-147.5935,10.060952733331217,2026,1,1,0,3,0,-1
Wildfire,-19.41803679516352,-57.2659958049615,6.739336627357174,2026,1,1,0,3,0,-1
Wildfire,-20.96249847946566,-57.92698090925936,6.739336627357174,2026,1,1,0,3,0,-1
Wildfire,-19.183798299676774,-57.349130602539255,6.739336627357174,2026,1,1,0,3,0,-1
Wildfire,65.2731709257247,154.993251385669,6.739336627357174,2026,1,1,0,3,0,-1
Wildfire,66.55899655101831,147.9938368544699,6.739336627357174,2026,1,1,0,3,0,-1
Wildfire,50.60987304955028,-66.2056035463064,6.739336627357174,2026,1,1,0,3,0,-1
Wildfire,53.303182351674,128.9108094305136,6.739336627357174,2026,1,1,0,3,0,-1
Wildfire,-3.814946303613218,23.4375633321135,6.739336627357174,2026,1,1,0,3,0,-1
Wildfire,-3.372539960783056,23.50223255287777,6.739336627357174,2026,1,1,0,3,0,-1
Wildfire,55.06974931279237,120.63115678962484,6.739336627357174,2026,1,1,0,3,0,-1
Wildfire,-3.497437182739096,23.709743223224724,6.739336627357174,2026,1,1,0,3,0,-1
Wildfire,-3.396107457756759,23.771860391865065,6.739336627357174,2026,1,1,0,3,0,-1
Wildfire,-8.649685319683224,22.001458998036497,6.739336627357174,2026,1,1,0,3,0,-1
Wildfire,55.08714133728924,120.89622025105916,6.739336627357174,2026,1,1,0,3,0,-1
Wildfire,55.772183493907,120.84152498314889,6.739336627357174,2026,1,1,0,3,0,-1
Wildfire,52.92784589438778,131.41158180829086,6.739336627357174,2026,1,1,0,3,0,-1
Wildfire,56.34161388656306,128.6292867518276,6.739336627357174,2026,1,1,0,3,0,-1
Wildfire,63.259633,-151.812367,8.683791787744955,2026,1,1,0,3,0,-1
Wildfire,42.1863889,-123.0472222,7.042286171939743,2026,1,1,0,3,0,-1
Wildfire,65.08566356533524,158.27788885548992,6.739336627357174,2026,1,1,0,3,0,-1
Wildfire,-8.63949059889511,20.4045728927449,6.739336627357174,2026,1,1,0,3,0,-1
Wildfire,-23.025452875384733,-56.22150582632299,6.739336627357174,2026,1,1,0,3,0,-1
Wildfire,-19.560941842077217,-57.37673797520459,6.739336627357174,2026,1,1,0,3,0,-1
Wildfire,54.57710801255013,118.90120566973688,6.739336627357174,2026,1,1,0,3,0,-1
Wildfire,67.1616109235857,146.00772206496612,6.739336627357174,2026,1,1,0,3,0,-1
Wildfire,54.65811570767716,118.78873351729804,6.739336627357174,2026,1,1,0,3,0,-1
Wildfire,-18.56457715562435,125.1275080988405,6.739336627357174,2026,1,1,0,3,0,-1
Wildfire,-5.02515057262717,26.3930324499848,6.739336627357174,2026,1,1,0,3,0,-1
Wildfire,54.82142972591988,118.93422756761856,6.739336627357174,2026,1,1,0,3,0,-1
Wildfire,56.29478386974246,121.76063630199629,6.739336627357174,2026,1,1,0,3,0,-1
Wildfire,55.6000064903345,116.8018345373732,6.739336627357174,2026,1,1,0,3,0,-1
Wildfire,60.11837905652259,120.63826115018868,6.739336627357174,2026,1,1,0,3,0,-1
Wildfire,53.96699226740023,118.66208810881348,6.739336627357174,2026,1,1,0,3,0,-1
Wildfire,55.62371950851122,121.50908278957596,6.739336627357174,2026,1,1,0,3,0,-1
Wildfire,65.845283,-147.58945,9.532981686551842,2026,1,1,0,3,0,-1
Wildfire,65.490867,-142.317533,9.976612541720352,2026,1,1,0,3,0,-1
Wildfire,-8.191226206335127,20.11975894960893,6.739336627357174,2026,1,1,0,3,0,-1
Wildfire,67.64510201272032,158.9132200346393,6.739336627357174,2026,1,1,0,3,0,-1
Wildfire,-8.376287079385097,21.549042126505405,6.739336627357174,2026,1,1,0,3,0,-1
Wildfire,55.062059425559966,119.11759005497996,6.739336627357174,2026,1,1,0,3,0,-1
Wildfire,56.49023217200708,115.46825194024164,6.739336627357174,2026,1,1,0,3,0,-1
Wildfire,-11.878579980773123,132.94303099969986,6.739336627357174,2026,1,1,0,3,0,-1
Wildfire,67.27932140050396,161.29616766202298,6.739336627357174,2026,1,1,0,3,0,-1
Wildfire,62.86108916873582,136.68283410243507,6.739336627357174,2026,1,1,0,3,0,-1
Wildfire,55.12996750463795,116.56245842849732,6.739336627357174,2026,1,1,0,3,0,-1
Wildfire,-20.626439063208384,-57.44591907861925,6.739336627357174,2026,1,1,0,3,0,-1
Wildfire,66.90117873901512,158.4035659422523,6.739336627357174,2026,1,1,0,3,0,-1
Wildfire,-3.200197917240775,24.151360044682345,6.739336627357174,2026,1,1,0,3,0,-1
Wildfire,54.982730443668025,119.29804284003144,6.739336627357174,2026,1,1,0,3,0,-1
Wildfire,57.24779022680168,121.20773876063409,6.739336627357174,2026,1,1,0,3,0,-1
Wildfire,55.28048644433544,117.06392551170669,6.739336627357174,2026,1,1,0,3,0,-1
Wildfire,-3.53341308730493,23.306267925985388,6.739336627357174,2026,1,1,0,3,0,-1
Wildfire,56.98242747943773,120.61499793678595,6.739336627357174,2026,1,1,0,3,0,-1
Wildfire,-3.818843557151401,23.668969008390025,6.739336627357174,2026,1,1,0,3,0,-1
Wildfire,-3.341498571316761,23.611194320555565,6.739336627357174,2026,1,1,0,3,0,-1
Wildfire,59.5039934998454,119.09483660038076,6.739336627357174,2026,1,1,0,3,0,-1
Wildfire,61.29853033037048,120.34857147199116,6.739336627357174,2026,1,1,0,3,0,-1
Wildfire,-3.106235248543981,23.22535667743992,6.739336627357174,2026,1,1,0,3,0,-1
Wildfire,61.386267,-154.56365,6.782645467939293,2026,1,1,0,3,0,-1
Wildfire,66.12945,-141.079167,10.83174242776538,2026,1,1,0,3,0,-1
Wildfire,27.579722,-81.259722,6.726233402358747,2026,1,1,0,3,0,-1
Wildfire,66.50562396978965,148.24692708678575,6.739336627357174,2026,1,1,0,3,0,-1
Wildfire,-13.26977565296811,132.42429929090477,6.739336627357174,2026,1,1,0,3,0,-1
Wildfire,68.07691921719451,158.72781482284947,6.739336627357174,2026,1,1,0,3,0,-1
Wildfire,66.80037633935095,161.44811771571565,6.739336627357174,2026,1,1,0,3,0,-1
Wildfire,70.13968193835066,140.37399689802027,6.739336627357174,2026,1,1,0,3,0,-1
Wildfire,66.3251919709742,147.9735919148552,6.739336627357174,2026,1,1,0,3,0,-1
Wildfire,66.62983064262414,161.1522066717905,6.739336627357174,2026,1,1,0,3,0,-1
Wildfire,-13.071141327799609,132.52516386701282,6.739336627357174,2026,1,1,0,3,0,-1
Wildfire,54.77994935440102,118.38909381549423,6.739336627357174,2026,1,1,0,3,0,-1
Wildfire,58.34364782673421,118.23687053623586,6.739336627357174,2026,1,1,0,3,0,-1
Wildfire,-3.609621669410874,23.7181096980281,6.739336627357174,2026,1,1,0,3,0,-1
Wildfire,-3.5367833570720246,23.86920941325368,6.739336627357174,2026,1,1,0,3,0,-1
Wildfire,61.05415433293636,120.57224503789728,6.739336627357174,2026,1,1,0,3,0,-1
Wildfire,59.1030242568114,119.98001772997878,6.739336627357174,2026,1,1,0,3,0,-1
Wildfire,-3.488057315681826,23.75234301139655,6.739336627357174,2026,1,1,0,3,0,-1
Wildfire,42.006451,-103.424694,8.79133399330135,2026,1,1,0,3,0,-1
Wildfire,62.63,-158.74,7.556637043244067,2026,1,1,0,3,0,-1
Wildfire,62.59,-158.28,7.567914283715101,2026,1,1,0,3,0,-1
Wildfire,61.937117,-157.4235,8.91139510724569,2026,1,1,0,3,0,-1
Wildfire,61.80745,-157.591333,8.384963807952657,2026,1,1,0,3,0,-1
Wildfire,61.86055,-157.902383,6.714655849016304,2026,1,1,0,3,0,-1
Wildfire,63.468667,-154.790333,8.714879437837428,2026,1,1,0,3,0,-1
Wildfire,61.849517,-159.217667,7.05617528410041,2026,1,1,0,3,0,-1
Wildfire,61.55,-156.31,6.46302945692067,2026,1,1,0,3,0,-1
Wildfire,59.4431,-159.7532,6.469560346251054,2026,1,1,0,3,0,-1
Wildfire,62.061167,-161.494,6.3216671707156,2026,1,1,0,3,0,-1
Wildfire,61.6669,-158.0076,8.107542335274717,2026,1,1,0,3,0,-1
Wildfire,61.2202,-159.059039,7.537430036586509,2026,1,1,0,3,0,-1
Wildfire,-15.621904848555948,129.760891149914,6.739336627357174,2026,1,1,0,3,0,-1
Wildfire,33.27657379697286,-105.64559906199447,6.739336627357174,2026,1,1,0,3,0,-1
Wildfire,-13.043628596681506,133.5260614346419,6.739336627357174,2026,1,1,0,3,0,-1
Wildfire,39.26009852148929,-122.42967737380634,6.739336627357174,2026,1,1,0,3,0,-1
Wildfire,-19.289342140903017,-57.17370557813702,6.739336627357174,2026,1,1,0,3,0,-1
Wildfire,-5.483407883842133,25.93837186934699,6.739336627357174,2026,1,1,0,3,0,-1
Wildfire,-12.531122608190255,133.48345853995323,6.739336627357174,2026,1,1,0,3,0,-1
Wildfire,-12.99248176334612,132.12589324891877,6.739336627357174,2026,1,1,0,3,0,-1
Wildfire,-3.339812845786064,24.564823297642395,6.739336627357174,2026,1,1,0,3,0,-1
Wildfire,-3.5878300765150968,24.44278198149758,6.739336627357174,2026,1,1,0,3,0,-1
Wildfire,-3.3760737617380507,23.398607490212864,6.739336627357174,2026,1,1,0,3,0,-1
Wildfire,67.78669348339186,154.8751690049775,6.739336627357174,2026,1,1,0,3,0,-1
Wildfire,55.37493343467848,117.156384576644,6.739336627357174,2026,1,1,0,3,0,-1
Wildfire,59.3206312976344,118.12026830409896,6.739336627357174,2026,1,1,0,3,0,-1
Wildfire,-3.699912511556521,23.801068548592344,6.739336627357174,2026,1,1,0,3,0,-1
Wildfire,60.09642754978722,134.09096182505658,6.739336627357174,2026,1,1,0,3,0,-1
Wildfire,-3.235610843512533,23.991147612715384,6.739336627357174,2026,1,1,0,3,0,-1
Wildfire,-3.023625690769941,24.28559138912089,6.739336627357174,2026,1,1,0,3,0,-1
Wildfire,-3.164836302839261,23.75186361580725,6.739336627357174,2026,1,1,0,3,0,-1
Wildfire,-3.6498378131526383,23.41749658584269,6.739336627357174,2026,1,1,0,3,0,-1
Wildfire,-3.5323890912987506,23.310448021984435,6.739336627357174,2026,1,1,0,3,0,-1
Wildfire,-3.2860033291387465,23.75133375993904,6.739336627357174,2026,1,1,0,3,0,-1
Wildfire,-3.299819969105032,23.170851332567587,6.739336627357174,2026,1,1,0,3,0,-1
Wildfire,33.24295,-105.70833,8.979668554241181,2026,1,1,0,3,0,-1
Wildfire,39.308886,-122.338129,9.862457202978137,2026,1,1,0,3,0,-1
Wildfire,33.343147,-105.791419,9.773948181181144,2026,1,1,0,3,0,-1
Wildfire,34.8941667,-76.3272222,6.302618975744905,2026,1,1,0,3,0,-1
Wildfire,58.899167,-155.518,8.444945027208613,2026,1,1,0,3,0,-1
Wildfire,33.36714566463279,-105.72193942407316,6.739336627357174,2026,1,1,0,3,0,-1
Wildfire,65.7126495004195,157.9826588364988,6.739336627357174,2026,1,1,0,3,0,-1
Wildfire,66.77270863830982,146.71738424130103,6.739336627357174,2026,1,1,0,3,0,-1
Wildfire,-7.421050231095639,18.47351175871417,6.739336627357174,2026,1,1,0,3,0,-1
Wildfire,-12.79456054460986,131.8548805299909,6.739336627357174,2026,1,1,0,3,0,-1
Wildfire,59.94825539713501,132.99665993798027,6.739336627357174,2026,1,1,0,3,0,-1
Wildfire,67.70905100231123,150.03649574237724,6.739336627357174,2026,1,1,0,3,0,-1
Wildfire,-3.148334769626071,23.288364338413327,6.739336627357174,2026,1,1,0,3,0,-1
Wildfire,38.705475,-123.012253,7.0967213784947605,2026,1,1,0,3,0,-1
Wildfire,-12.709614536530443,133.57410753730048,6.739336627357174,2026,1,1,0,3,0,-1
Wildfire,54.66212330033214,118.4396590811444,6.739336627357174,2026,1,1,0,3,0,-1
Wildfire,-3.5668065626110232,23.409917982583444,6.739336627357174,2026,1,1,0,3,0,-1
Wildfire,59.21789446093333,131.01929688331307,6.739336627357174,2026,1,1,0,3,0,-1
Wildfire,53.17933465144364,127.78985848129132,6.739336627357174,2026,1,1,0,3,0,-1
Wildfire,-3.72257323448695,23.70060668169016,6.739336627357174,2026,1,1,0,3,0,-1
Wildfire,34.80285,-118.8776,9.652715834104445,2026,1,1,0,3,0,-1
Wildfire,46.43,-120.16,9.052867513151618,2026,1,1,0,3,0,-1
Wildfire,64.51608237614225,156.6579489049529,6.739336627357174,2026,1,1,0,3,0,-1
Wildfire,-12.692855290768078,133.8084295746232,6.739336627357174,2026,1,1,0,3,0,-1
Wildfire,33.645649,-109.1711,8.427049641563272,2026,1,1,0,3,0,-1
Wildfire,-17.671302478650173,-57.28393213498251,6.739336627357174,2026,1,1,0,3,0,-1
Wildfire,-20.02206700721789,24.83401145650008,6.739336627357174,2026,1,1,0,3,0,-1
Wildfire,-13.121198778578076,132.08417267814752,6.739336627357174,2026,1,1,0,3,0,-1
Wildfire,60.04986605415172,134.13260040393624,6.739336627357174,2026,1,1,0,3,0,-1
Wildfire,66.34800010503768,149.4475594202651,6.739336627357174,2026,1,1,0,3,0,-1
Wildfire,-12.750722951250086,134.01157930735363,6.739336627357174,2026,1,1,0,3,0,-1
Wildfire,66.0533143300944,137.03452360301566,6.739336627357174,2026,1,1,0,3,0,-1
Wildfire,67.915833,-162.112667,9.051872051204388,2026,1,1,0,3,0,-1
Wildfire,38.183525,-112.472923,8.588210678651517,2026,1,1,0,3,0,-1
Wildfire,67.781833,-162.4155,8.713351904998214,2026,1,1,0,3,0,-1
Wildfire,-14.774490930290243,26.46805310296068,6.739336627357174,2026,1,1,0,3,0,-1
Wildfire,-16.628472234184954,137.3280985860007,6.739336627357174,2026,1,1,0,3,0,-1
Wildfire,-16.660030796521053,137.1618343375941,6.739336627357174,2026,1,1,0,3,0,-1
Wildfire,59.16594147671801,131.4354712009206,6.739336627357174,2026,1,1,0,3,0,-1
Wildfire,-13.48843052157011,132.1889824594143,6.739336627357174,2026,1,1,0,3,0,-1
Wildfire,-16.130845497248135,-60.32042337869555,6.739336627357174,2026,1,1,0,3,0,-1
Wildfire,-3.875431894804616,23.75848167729023,6.739336627357174,2026,1,1,0,3,0,-1
Wildfire,56.14702356002943,120.11955996794964,6.739336627357174,2026,1,1,0,3,0,-1
Wildfire,65.73,-162.48,8.941165971080142,2026,1,1,0,3,0,-1
Wildfire,48.114224,-105.668216,0.4054651081081644,2026,1,1,0,3,0,-1
Wildfire,48.131857,-105.338766,1.1939224684724346,2026,1,1,0,3,0,-1
Wildfire,48.0773,-105.633388,0.6931471805599453,2026,1,1,0,3,0,-1
Wildfire,47.196479,-109.645068,1.3862943611198906,2026,1,1,0,3,0,-1
Wildfire,48.066644,-105.665969,1.1314021114911006,2026,1,1,0,3,0,-1
Wildfire,48.10491,-105.17975,0.0198026272961797,2026,1,1,0,3,0,-1
Wildfire,46.215133,-105.763867,0.9932517730102832,2026,1,1,0,3,0,-1
Wildfire,34.457199,-112.028999,0.0953101798043248,2026,1,1,0,3,0,-1
Wildfire,48.596518,-115.982966,2.341805806147327,2026,1,1,0,3,0,-1
Wildfire,37.633773,-118.925314,0.0953101798043248,2026,1,1,0,3,0,-1
Wildfire,48.949077,-115.62767,0.0953101798043248,2026,1,1,0,3,0,-1
Wildfire,48.821597,-119.688449,0.6931471805599453,2026,1,1,0,3,0,-1
Wildfire,45.148167,-105.90575,1.9095425048844383,2026,1,1,0,3,0,-1
Wildfire,48.408251,-117.860452,0.0953101798043248,2026,1,1,0,3,0,-1
Wildfire,42.20675,-121.914897,0.3148107398400335,2026,1,1,0,3,0,-1
Wildfire,41.03323,-115.82652,0.0953101798043248,2026,1,1,0,3,0,-1
Wildfire,42.26215,-110.4532,2.917770732084279,2026,1,1,0,3,0,-1
Wildfire,43.652785,-121.476282,1.9459101490553128,2026,1,1,0,3,0,-1
Wildfire,37.639667,-108.913133,0.0953101798043248,2026,1,1,0,3,0,-1
Wildfire,66.683013,-146.561998,0.0953101798043248,2026,1,1,0,3,0,-1
Wildfire,46.302211,-118.022489,0.2231435513142097,2026,1,1,0,3,0,-1
Wildfire,37.674879,-113.185101,0.9162907318741552,2026,1,1,0,3,0,-1
Wildfire,64.810283,-147.656117,0.0953101798043248,2026,1,1,0,3,0,-1
Wildfire,43.32234447,-123.5338685,0.009950330853168,2026,1,1,0,3,0,-1
Wildfire,36.031661543156666,112.13231659287176,6.739336627357174,2026,1,1,0,3,0,-1
Wildfire,53.27742275722371,128.66495544704927,6.739336627357174,2026,1,1,0,3,0,-1
Wildfire,62.769134900333306,136.2825117087701,6.739336627357174,2026,1,1,0,3,0,-1
Wildfire,-19.780401642890286,-56.33117041317782,6.739336627357174,2026,1,1,0,3,0,-1
Wildfire,-14.282982474581983,130.26648020718562,6.739336627357174,2026,1,1,0,3,0,-1
Wildfire,-18.067359525469087,22.94839428306232,6.739336627357174,2026,1,1,0,3,0,-1
Wildfire,42.600086,-114.369453,3.6635616461296463,2026,1,1,0,3,0,-1
Wildfire,42.26686509,-123.5792797,0.009950330853168,2026,1,1,0,3,0,-1
Wildfire,46.193834,-119.267871,2.3978952727983707,2026,1,1,0,3,0,-1
Wildfire,42.56046667,-122.6538,0.4382549309311553,2026,1,1,0,3,0,-1
Wildfire,66.928278,-160.695648,4.394449154672439,2026,1,1,0,3,0,-1
Wildfire,42.913761,-121.183538,0.2231435513142097,2026,1,1,0,3,0,-1
Wildfire,39.625623,-119.764023,5.187385805840755,2026,1,1,0,3,0,-1
Wildfire,47.58265,-117.487836,4.330733340286331,2026,1,1,0,3,0,-1
Wildfire,39.390536,-121.403826,1.029619417181158,2026,1,1,0,3,0,-1
Wildfire,37.783315,-119.539277,0.6931471805599453,2026,1,1,0,3,0,-1
Wildfire,42.602062,-114.458227,1.791759469228055,2026,1,1,0,3,0,-1
Wildfire,48.215485,-120.132973,0.0953101798043248,2026,1,1,0,3,0,-1
Wildfire,34.785296,-117.055431,5.860786223465865,2026,1,1,0,3,0,-1
Wildfire,43.751269,-119.227055,0.6931471805599453,2026,1,1,0,3,0,-1
Wildfire,37.253575,-107.220193,1.0986122886681098,2026,1,1,0,3,0,-1
Wildfire,42.41375,-122.7488833,0.4054651081081644,2026,1,1,0,3,0,-1
Wildfire,40.47799,-113.296123,0.0953101798043248,2026,1,1,0,3,0,-1
Wildfire,45.21458,-105.00292,0.0953101798043248,2026,1,1,0,3,0,-1
Wildfire,47.649666,-117.293534,0.0953101798043248,2026,1,1,0,3,0,-1
Wildfire,35.296944,-98.256944,0.0953101798043248,2026,1,1,0,3,0,-1
Wildfire,47.275592,-120.012476,6.542471960506805,2026,1,1,0,3,0,-1
Wildfire,37.79836,-119.96652,0.009950330853168,2026,1,1,0,3,0,-1
Wildfire,43.316,-121.476333,0.0953101798043248,2026,1,1,0,3,0,-1
Wildfire,38.238583,-122.531283,0.4054651081081644,2026,1,1,0,3,0,-1
Wildfire,38.240033,-122.533917,0.048790164169432,2026,1,1,0,3,0,-1
Wildfire,33.986,-110.529833,0.6931471805599453,2026,1,1,0,3,0,-1
Wildfire,42.21833333,-122.7138333,0.009950330853168,2026,1,1,0,3,0,-1
Wildfire,35.223745,-117.962179,0.0953101798043248,2026,1,1,0,3,0,-1
Wildfire,38.045173,-122.238293,0.009950330853168,2026,1,1,0,3,0,-1
Wildfire,-19.98358757004916,-57.96180469872408,6.739336627357174,2026,1,1,0,3,0,-1
Wildfire,-8.449158839527039,25.048072842072497,6.739336627357174,2026,1,1,0,3,0,-1
Wildfire,-17.064177309559632,128.756296444836,6.739336627357174,2026,1,1,0,3,0,-1
Wildfire,-14.453578007520829,130.11084389489514,6.739336627357174,2026,1,1,0,3,0,-1
Wildfire,53.328215689594266,128.92521909629454,6.739336627357174,2026,1,1,0,3,0,-1
Wildfire,-14.388250095459364,130.1599674966007,6.739336627357174,2026,1,1,0,3,0,-1
Wildfire,-3.3985815757509625,24.211050380988084,6.739336627357174,2026,1,1,0,3,0,-1
Wildfire,59.91720308563306,133.13202920201394,6.739336627357174,2026,1,1,0,3,0,-1
Wildfire,33.449053,-111.893383,0.0953101798043248,2026,1,1,0,3,0,-1
Wildfire,43.348265,-121.358369,1.1939224684724346,2026,1,1,0,3,0,-1
Wildfire,43.592621,-119.866325,0.009950330853168,2026,1,1,0,3,0,-1
Wildfire,42.2573,-120.8387,0.0953101798043248,2026,1,1,0,3,0,-1
Wildfire,45.58691,-89.28561,0.009950330853168,2026,1,1,0,3,0,-1
Wildfire,34.221009,-118.2059,0.0953101798043248,2026,1,1,0,3,0,-1
Wildfire,33.256332,-111.946942,0.0953101798043248,2026,1,1,0,3,0,-1
Wildfire,35.3187,-113.7994,5.545177444479562,2026,1,1,0,3,0,-1
Wildfire,36.719509,-119.376299,0.009950330853168,2026,1,1,0,3,0,-1
Wildfire,44.12105,-123.390735,0.3784364357202451,2026,1,1,0,3,0,-1
Wildfire,40.557538,-122.38896,0.009950330853168,2026,1,1,0,3,0,-1
Wildfire,35.41111,-115.768204,0.009950330853168,2026,1,1,0,3,0,-1
Wildfire,28.6035,-80.843833,0.6931471805599453,2026,1,1,0,3,0,-1
Wildfire,34.74559,-106.7646,0.4054651081081644,2026,1,1,0,3,0,-1
Wildfire,35.53435,-113.425844,0.4054651081081644,2026,1,1,0,3,0,-1
Wildfire,-6.321017773009712,19.524549447533417,6.739336627357174,2026,1,1,0,3,0,-1
Wildfire,-19.151149710433955,145.97078668581128,6.739336627357174,2026,1,1,0,3,0,-1
Wildfire,-16.609373940490848,144.90579302774964,6.739336627357174,2026,1,1,0,3,0,-1
Wildfire,-8.627310716730873,21.72731383847351,6.739336627357174,2026,1,1,0,3,0,-1
Wildfire,-8.744141171555189,27.01164841093055,6.739336627357174,2026,1,1,0,3,0,-1
Wildfire,-20.9432944839143,-57.83145858799635,6.739336627357174,2026,1,1,0,3,0,-1
Wildfire,-14.447093138560431,126.96293200047404,6.739336627357174,2026,1,1,0,3,0,-1
Wildfire,-16.531067163196745,-58.41636873092998,6.739336627357174,2026,1,1,0,3,0,-1
Wildfire,43.996779,-120.129216,0.0953101798043248,2026,1,1,0,3,0,-1
Wildfire,30.3757,-84.356583,0.0953101798043248,2026,1,1,0,3,0,-1
Wildfire,33.03132,-111.574735,0.9162907318741552,2026,1,1,0,3,0,-1
Wildfire,28.392218,-80.607713,0.6931471805599453,2026,1,1,0,3,0,-1
Wildfire,33.259701,-111.952003,0.0953101798043248,2026,1,1,0,3,0,-1
Wildfire,31.543698,-109.749395,0.0953101798043248,2026,1,1,0,3,0,-1
Wildfire,46.361331,-119.450893,1.5040773967762742,2026,1,1,0,3,0,-1
Wildfire,66.15,-142.17,9.678122786149208,2026,1,1,0,3,0,-1
Wildfire,62.79173199039873,136.05409473202397,6.739336627357174,2026,1,1,0,3,0,-1
Wildfire,-17.218158897120496,143.418907645641,6.739336627357174,2026,1,1,0,3,0,-1
Wildfire,64.364833,-147.107167,11.940603365487256,2026,1,1,0,3,0,-1
Wildfire,48.182553,-120.530919,10.427091188661334,2026,1,1,0,3,0,-1
Wildfire,39.402733,-120.88991,0.5068176023684519,2026,1,1,0,3,0,-1
Wildfire,33.3071,-110.45,0.0953101798043248,2026,1,1,0,3,0,-1
Wildfire,33.934414,-110.522289,6.102558594613569,2026,1,1,0,3,0,-1
Wildfire,39.464824,-121.073112,0.0953101798043248,2026,1,1,0,3,0,-1
Wildfire,32.840302,-112.257004,3.1780538303479458,2026,1,1,0,3,0,-1
Wildfire,32.576,-111.128,0.0953101798043248,2026,1,1,0,3,0,-1
Wildfire,41.474683,-122.520453,2.494031557565001,2026,1,1,0,3,0,-1
Wildfire,33.800217,-109.296455,3.9318256327243257,2026,1,1,0,3,0,-1
Wildfire,39.15743,-108.143062,1.4469189829363254,2026,1,1,0,3,0,-1
Wildfire,65.308,-150.934167,0.4054651081081644,2026,1,1,0,3,0,-1
Wildfire,33.887073,-107.431325,3.9318256327243257,2026,1,1,0,3,0,-1
Wildfire,39.41666,-120.144499,0.3364722366212129,2026,1,1,0,3,0,-1
Wildfire,62.90873107616096,136.20582288974563,6.739336627357174,2026,1,1,0,3,0,-1
Wildfire,-6.834666712799098,18.22438570474103,6.739336627357174,2026,1,1,0,3,0,-1
Wildfire,-7.614658790039379,22.804279480971644,6.739336627357174,2026,1,1,0,3,0,-1
Wildfire,36.991558,-119.514348,3.9889840465642745,2026,1,1,0,3,0,-1
Wildfire,35.121103,-106.284159,0.8754687373538999,2026,1,1,0,3,0,-1
Wildfire,46.633627,-120.512776,2.3978952727983707,2026,1,1,0,3,0,-1
Wildfire,48.389221,-117.315694,0.0953101798043248,2026,1,1,0,3,0,-1
Wildfire,42.781435,-105.504598,0.4054651081081644,2026,1,1,0,3,0,-1
Wildfire,46.57187,-92.204,0.009950330853168,2026,1,1,0,3,0,-1
Wildfire,46.57187,-92.204,0.009950330853168,2026,1,1,0,3,0,-1
Wildfire,33.926267,-109.251867,0.0953101798043248,2026,1,1,0,3,0,-1
Wildfire,36.561111,-96.669167,0.6931471805599453,2026,1,1,0,3,0,-1
Wildfire,41.631699,-108.350258,0.2231435513142097,2026,1,1,0,3,0,-1
Wildfire,45.97121,-91.78794,0.048790164169432,2026,1,1,0,3,0,-1
Wildfire,34.57014,-118.6884,0.4054651081081644,2026,1,1,0,3,0,-1
Wildfire,34.593929,-117.631393,0.0953101798043248,2026,1,1,0,3,0,-1
Wildfire,35.754241,-118.544794,0.0953101798043248,2026,1,1,0,3,0,-1
Wildfire,34.554691,-117.289856,1.791759469228055,2026,1,1,0,3,0,-1
Wildfire,-12.083547147354954,134.10774812831934,6.739336627357174,2026,1,1,0,3,0,-1
Wildfire,46.4214,-113.447,0.0953101798043248,2026,1,1,0,3,0,-1
Wildfire,65.476417,-147.461867,1.791759469228055,2026,1,1,0,3,0,-1
Wildfire,48.11298,-105.221493,0.0392207131532812,2026,1,1,0,3,0,-1
Wildfire,48.104646,-105.606705,0.6931471805599453,2026,1,1,0,3,0,-1
Wildfire,48.115867,-105.240582,0.0392207131532812,2026,1,1,0,3,0,-1
Wildfire,38.449172,-122.151912,0.009950330853168,2026,1,1,0,3,0,-1
Wildfire,48.107816,-105.199018,0.009950330853168,2026,1,1,0,3,0,-1
Wildfire,48.116269,-105.242624,0.048790164169432,2026,1,1,0,3,0,-1
Wildfire,48.11563,-105.19932,0.009950330853168,2026,1,1,0,3,0,-1
Wildfire,48.081875,-105.636519,0.0953101798043248,2026,1,1,0,3,0,-1
Wildfire,34.57534,-117.171494,0.0953101798043248,2026,1,1,0,3,0,-1
Wildfire,67.023,-158.3,0.0953101798043248,2026,1,1,0,3,0,-1
Wildfire,35.192143,-111.823145,6.8679744089702925,2026,1,1,0,3,0,-1
Wildfire,42.42333333,-123.2018333,0.2231435513142097,2026,1,1,0,3,0,-1
Wildfire,47.764888,-117.3563,0.0953101798043248,2026,1,1,0,3,0,-1
Wildfire,42.4256503,-123.519343,0.371563556432483,2026,1,1,0,3,0,-1
Wildfire,42.5715,-123.3718333,0.009950330853168,2026,1,1,0,3,0,-1
Wildfire,47.61855,-112.828367,0.0953101798043248,2026,1,1,0,3,0,-1
Wildfire,48.095278,-105.660833,0.8109302162163288,2026,1,1,0,3,0,-1
Wildfire,42.4878218,-123.3584315,0.0953101798043248,2026,1,1,0,3,0,-1
Wildfire,44.07816667,-122.9235,0.2231435513142097,2026,1,1,0,3,0,-1
Volcano,37.748,14.999,6.739336627357174,2026,1,1,0,3,0,-1
Wildfire,38.102942,-120.922042,0.0295588022415444,2026,1,1,0,3,0,-1
Wildfire,41.883499,-123.818001,0.009950330853168,2026,1,1,0,3,0,-1
Wildfire,33.315333,-117.195115,0.009950330853168,2026,1,1,0,3,0,-1
Wildfire,-13.848150833672523,133.73476387483976,6.739336627357174,2026,1,1,0,3,0,-1
Wildfire,-11.96769577790554,134.12150373926113,6.739336627357174,2026,1,1,0,3,0,-1
Wildfire,-22.49859268775955,150.26053553971445,6.739336627357174,2026,1,1,0,3,0,-1
Wildfire,-13.788948021841678,133.38388871959586,6.739336627357174,2026,1,1,0,3,0,-1
Wildfire,44.197902,-117.144729,0.2231435513142097,2026,1,1,0,3,0,-1
Wildfire,34.761333,-118.793017,1.791759469228055,2026,1,1,0,3,0,-1
Wildfire,42.51338333,-122.9516,0.0953101798043248,2026,1,1,0,3,0,-1
Wildfire,42.9962,-123.0326167,0.9162907318741552,2026,1,1,0,3,0,-1
Wildfire,42.558,-123.475833,0.6312717768418579,2026,1,1,0,3,0,-1
Wildfire,45.86374,-92.2693,0.2776317365982795,2026,1,1,0,3,0,-1
Wildfire,36.9679,-119.325112,0.009950330853168,2026,1,1,0,3,0,-1
Wildfire,33.471529,-113.022867,2.19722457733622,2026,1,1,0,3,0,-1
Wildfire,33.297982,-110.457244,0.2231435513142097,2026,1,1,0,3,0,-1
Wildfire,-18.814369531110685,-57.37297620876067,6.739336627357174,2026,1,1,0,3,0,-1
Wildfire,-16.06831138557582,143.61116708616163,6.739336627357174,2026,1,1,0,3,0,-1
Wildfire,-19.892361764432856,-57.84113994357956,6.739336627357174,2026,1,1,0,3,0,-1
Wildfire,39.309948,-120.89552,0.009950330853168,2026,1,1,0,3,0,-1
Wildfire,46.18035,-90.1063,0.009950330853168,2026,1,1,0,3,0,-1
Wildfire,34.440926,-117.379791,0.2231435513142097,2026,1,1,0,3,0,-1
Wildfire,42.32833333,-122.9785,0.2231435513142097,2026,1,1,0,3,0,-1
Wildfire,34.5785,-118.671,0.0953101798043248,2026,1,1,0,3,0,-1
Wildfire,36.615667,-118.7865,0.0953101798043248,2026,1,1,0,3,0,-1
Wildfire,36.032778,-118.8125,1.0986122886681098,2026,1,1,0,3,0,-1
Wildfire,33.924221,-117.617327,0.009950330853168,2026,1,1,0,3,0,-1
Wildfire,33.7365,-114.6737,0.0953101798043248,2026,1,1,0,3,0,-1
Wildfire,35.2482,-111.833233,0.0953101798043248,2026,1,1,0,3,0,-1
Wildfire,-18.89872001035809,-57.75358205652401,6.739336627357174,2026,1,1,0,3,0,-1
Wildfire,-16.90141406977167,144.6657452766051,6.739336627357174,2026,1,1,0,3,0,-1
Wildfire,-16.555345257617798,136.27170574062526,6.739336627357174,2026,1,1,0,3,0,-1
Wildfire,53.676452208880654,127.44798146132302,6.739336627357174,2026,1,1,0,3,0,-1
Wildfire,55.2918153966244,120.95407164417948,6.739336627357174,2026,1,1,0,3,0,-1
Wildfire,-17.218098619466126,144.70858120285877,6.739336627357174,2026,1,1,0,3,0,-1
Wildfire,-18.49604907313514,-57.52092101592915,6.739336627357174,2026,1,1,0,3,0,-1
Wildfire,47.313376,-120.037399,0.0953101798043248,2026,1,1,0,3,0,-1
Wildfire,34.480625,-117.016208,0.0953101798043248,2026,1,1,0,3,0,-1
Wildfire,45.83429,-91.554,0.009950330853168,2026,1,1,0,3,0,-1
Wildfire,46.10346,-91.2528,0.009950330853168,2026,1,1,0,3,0,-1
Wildfire,29.145136,-103.013203,0.2231435513142097,2026,1,1,0,3,0,-1
Wildfire,45.615,-106.521083,0.262364264467491,2026,1,1,0,3,0,-1
Wildfire,46.030067,-108.645233,0.0953101798043248,2026,1,1,0,3,0,-1
Wildfire,34.91,-118.254,5.25227342804663,2026,1,1,0,3,0,-1
Wildfire,55.401798533886925,121.9920472529964,6.739336627357174,2026,1,1,0,3,0,-1
Wildfire,-18.683203631475283,-57.47065769111315,6.739336627357174,2026,1,1,0,3,0,-1
Wildfire,54.68757331752868,119.37803475618747,6.739336627357174,2026,1,1,0,3,0,-1
Wildfire,54.34565424174289,125.55888752268412,6.739336627357174,2026,1,1,0,3,0,-1
Wildfire,54.04540726221549,124.7179045041237,6.739336627357174,2026,1,1,0,3,0,-1
Wildfire,33.898037,-109.946359,0.6931471805599453,2026,1,1,0,3,0,-1
Wildfire,33.67148,-116.10882,0.0953101798043248,2026,1,1,0,3,0,-1
Wildfire,34.507,-111.476,0.0953101798043248,2026,1,1,0,3,0,-1
Wildfire,46.730841,-120.520712,2.3978952727983707,2026,1,1,0,3,0,-1
Wildfire,34.901102,-116.85771,0.0953101798043248,2026,1,1,0,3,0,-1
Wildfire,33.8022,-110.788,0.0953101798043248,2026,1,1,0,3,0,-1
Wildfire,45.6446,-121.39124,0.2231435513142097,2026,1,1,0,3,0,-1
Wildfire,34.585419,-108.257677,1.0986122886681098,2026,1,1,0,3,0,-1
Wildfire,33.927694,-112.28096,0.009950330853168,2026,1,1,0,3,0,-1
Wildfire,56.448723974311015,126.75925037528762,6.739336627357174,2026,1,1,0,3,0,-1
Wildfire,59.06746040136188,131.02497789067206,6.739336627357174,2026,1,1,0,3,0,-1
Wildfire,32.908333,-111.981389,3.58351893845611,2026,1,1,0,3,0,-1
Wildfire,32.587,-116.853,0.0953101798043248,2026,1,1,0,3,0,-1
Wildfire,34.536701,-111.910004,0.0953101798043248,2026,1,1,0,3,0,-1
Wildfire,62.11119,-163.753967,2.9069010598473755,2026,1,1,0,3,0,-1
Wildfire,38.8182,-104.8922,0.0953101798043248,2026,1,1,0,3,0,-1
Wildfire,43.90805556,-123.4691667,4.25405120762004,2026,1,1,0,3,0,-1
Wildfire,44.92746,-88.44893,0.3435897043900769,2026,1,1,0,3,0,-1
Wildfire,43.93207,-90.67529,0.009950330853168,2026,1,1,0,3,0,-1
Wildfire,46.5665,-91.37752,0.1133286853070031,2026,1,1,0,3,0,-1
Wildfire,29.188333,-81.838,4.290459441148391,2026,1,1,0,3,0,-1
Wildfire,36.015667,-118.827696,0.0953101798043248,2026,1,1,0,3,0,-1
Wildfire,46.618872,-120.484394,3.828641396489095,2026,1,1,0,3,0,-1
Wildfire,33.3622,-110.61,0.4054651081081644,2026,1,1,0,3,0,-1
Wildfire,28.233787554897106,-108.82495967429615,6.739336627357174,2026,1,1,0,3,0,-1
Wildfire,55.01249279881896,124.10128911457812,6.739336627357174,2026,1,1,0,3,0,-1
Wildfire,-17.28776176771701,-57.18437845583988,6.739336627357174,2026,1,1,0,3,0,-1
Wildfire,37.921192,-80.205683,0.6931471805599453,2026,1,1,0,3,0,-1
Wildfire,44.09012,-89.53214,0.1823215567939546,2026,1,1,0,3,0,-1
Wildfire,25.9258,-80.89175,3.4339872044851463,2026,1,1,0,3,0,-1
Wildfire,37.07259,-119.97038,6.71901315438526,2026,1,1,0,3,0,-1
Wildfire,45.13907,-88.77384,0.0953101798043248,2026,1,1,0,3,0,-1
Wildfire,48.02657,-119.884521,0.0953101798043248,2026,1,1,0,3,0,-1
Wildfire,44.578883,-118.1877,1.0986122886681098,2026,1,1,0,3,0,-1
Wildfire,55.661517248377486,120.6966930486266,6.739336627357174,2026,1,1,0,3,0,-1
Wildfire,45.8656,-89.3302,0.009950330853168,2026,1,1,0,3,0,-1
Wildfire,45.8867,-89.3094,0.009950330853168,2026,1,1,0,3,0,-1
Wildfire,46.60237,-91.93065,0.3784364357202451,2026,1,1,0,3,0,-1
Wildfire,46.60237,-91.93065,0.3646431135879093,2026,1,1,0,3,0,-1
Wildfire,46.1266,-89.7897,0.3148107398400335,2026,1,1,0,3,0,-1
Wildfire,46.06705,-92.00624,0.6626879730752367,2026,1,1,0,3,0,-1
Wildfire,45.96995,-92.30564,0.0953101798043248,2026,1,1,0,3,0,-1
Wildfire,45.87962,-92.40662,1.3428648031925547,2026,1,1,0,3,0,-1
Wildfire,46.2226,-91.7251,0.0953101798043248,2026,1,1,0,3,0,-1
Wildfire,-15.837595514842604,-60.61688015436355,6.739336627357174,2026,1,1,0,3,0,-1
Wildfire,62.35,-162.04,7.545019702294408,2026,1,1,0,3,0,-1
Wildfire,45.4847,-89.6386,0.0295588022415444,2026,1,1,0,3,0,-1
Wildfire,33.568,-109.390167,0.0953101798043248,2026,1,1,0,3,0,-1
Wildfire,43.94386,-89.2186,0.009950330853168,2026,1,1,0,3,0,-1
Wildfire,47.625617,-108.900717,7.873826161018318,2026,1,1,0,3,0,-1
Wildfire,45.93689,-89.81415,0.173953307123438,2026,1,1,0,3,0,-1
Wildfire,45.96021,-92.1713,0.9895411936137476,2026,1,1,0,3,0,-1
Iceberg_A,-75.37,-25.55,4.948759890378168,2026,1,1,0,3,0,6516
Iceberg_A,-76.09,-28.6,4.442651256490317,2026,1,1,0,3,0,6516
Iceberg_A,-76.37,-30.23,4.442651256490317,2026,1,1,0,3,0,6516
Iceberg_A,-76.88,-33.21,4.442651256490317,2026,1,1,0,3,0,6516
Iceberg_A,-77.38,-34.86,4.442651256490317,2026,1,1,0,3,0,6516
Iceberg_A,-77.4,-38.7,4.442651256490317,2026,1,1,0,3,0,6516
Iceberg_A,-76.79,-40.37,4.442651256490317,2026,1,1,0,3,0,6516
Iceberg_A,-77.15,-41.65,4.442651256490317,2026,1,1,0,3,0,6516
Iceberg_A,-76.2,-42.16,4.442651256490317,2026,1,1,0,3,0,6516
Iceberg_A,-75.59,-41.21,4.442651256490317,2026,1,1,0,3,0,6516
Iceberg_A,-74.82,-40.74,4.442651256490317,2026,1,1,0,3,0,6516
Iceberg_A,-74.12,-40.94,4.442651256490317,2026,1,1,0,3,0,6516
Iceberg_A,-73.63,-41.21,4.442651256490317,2026,1,1,0,3,0,6516
Iceberg_A,-73.76,-43.33,4.442651256490317,2026,1,1,0,3,0,6516
Iceberg_A,-73.29,-43.92,4.442651256490317,2026,1,1,0,3,0,6516
Iceberg_A,-72.6,-45.89,4.442651256490317,2026,1,1,0,3,0,6516
Iceberg_A,-72.1,-45.93,4.442651256490317,2026,1,1,0,3,0,6516
Iceberg_A,-71.05,-46.02,4.442651256490317,2026,1,1,0,3,0,6516
Iceberg_A,-70.53,-46.21,4.442651256490317,2026,1,1,0,3,0,6516
Iceberg_A,-70.12,-48.39,4.442651256490317,2026,1,1,0,3,0,6516
Iceberg_A,-70.05,-50.1,4.442651256490317,2026,1,1,0,3,0,6516
Iceberg_A,-69.41,-50.78,4.442651256490317,2026,1,1,0,3,0,6516
Iceberg_A,-69.85,-51.5,4.442651256490317,2026,1,1,0,3,0,6516
Iceberg_A,-69.19,-52.2,4.442651256490317,2026,1,1,0,3,0,6516
Iceberg_A,-68.55,-51.87,4.442651256490317,2026,1,1,0,3,0,6516
Iceberg_A,-68.11,-52.31,4.442651256490317,2026,1,1,0,3,0,6516
Iceberg_A,-67.48,-52.08,4.442651256490317,2026,1,1,0,3,0,6516
Wildfire,32.247434,-110.666828,0.0953101798043248,2026,1,1,0,3,0,-1
Wildfire,56.28980608913218,115.24246554767954,6.739336627357174,2026,1,1,0,3,0,-1
Wildfire,33.57065,-109.37915,2.4336133554004498,2026,1,1,0,3,0,-1
Wildfire,33.074101,-111.077506,6.876264611890766,2026,1,1,0,3,0,-1
Wildfire,63.919483,-148.708183,4.950177325059141,2026,1,1,0,3,0,-1
Wildfire,54.44795607192798,116.22810877594468,6.739336627357174,2026,1,1,0,3,0,-1
Wildfire,41.2449,-120.31,6.285998094508865,2026,1,1,0,3,0,-1
Wildfire,31.8225,-92.819167,7.706612913964197,2026,1,1,0,3,0,-1
Wildfire,43.52037,-89.41511,0.0953101798043248,2026,1,1,0,3,0,-1
Wildfire,44.08636,-90.44669,0.1823215567939546,2026,1,1,0,3,0,-1
Wildfire,44.0274,-90.04768,0.009950330853168,2026,1,1,0,3,0,-1
Wildfire,36.286833,-106.701333,9.35018926709258,2026,1,1,0,3,0,-1
Wildfire,45.17314,-89.646,0.009950330853168,2026,1,1,0,3,0,-1
Wildfire,34.425859,-112.58684,0.2231435513142097,2026,1,1,0,3,0,-1
Wildfire,45.48661,-89.21769,0.0295588022415444,2026,1,1,0,3,0,-1
Wildfire,45.12345,-88.41506,0.048790164169432,2026,1,1,0,3,0,-1
Wildfire,43.78998,-89.43764,0.009950330853168,2026,1,1,0,3,0,-1
Wildfire,43.81151,-89.56022,0.1823215567939546,2026,1,1,0,3,0,-1
Wildfire,43.83121,-89.34412,0.2231435513142097,2026,1,1,0,3,0,-1
Wildfire,43.72627,-89.50894,0.0953101798043248,2026,1,1,0,3,0,-1
Wildfire,43.41412,-89.0528,1.547562508716013,2026,1,1,0,3,0,-1
Wildfire,40.039861,-111.80401,0.0953101798043248,2026,1,1,0,3,0,-1
Wildfire,47.05187,-91.63546,0.0953101798043248,2026,1,1,0,3,0,-1
Wildfire,46.04036,-89.3358,0.1397619423751587,2026,1,1,0,3,0,-1
Wildfire,46.24502,-89.77166,0.0198026272961797,2026,1,1,0,3,0,-1
Wildfire,37.560778,-108.341806,8.648221453822641,2026,1,1,0,3,0,-1
Wildfire,45.89794,-89.43543,0.3001045924503381,2026,1,1,0,3,0,-1
Wildfire,45.79809,-89.49581,1.0784095813505905,2026,1,1,0,3,0,-1
Wildfire,46.457778,-96.516667,7.575071699507561,2026,1,1,0,3,0,-1
Wildfire,32.896,-109.8,6.55250788703459,2026,1,1,0,3,0,-1
Wildfire,45.93973,-91.48288,0.5766133643039938,2026,1,1,0,3,0,-1
Wildfire,45.38623,-90.28418,1.8718021769015916,2026,1,1,0,3,0,-1
Wildfire,46.87233,-90.82506,0.009950330853168,2026,1,1,0,3,0,-1
Wildfire,45.41304,-91.18655,0.3364722366212129,2026,1,1,0,3,0,-1
Wildfire,47.072972,-93.924566,0.6931471805599453,2026,1,1,0,3,0,-1
Wildfire,47.503823,-92.253171,0.0953101798043248,2026,1,1,0,3,0,-1
Wildfire,47.453577,-92.89346,1.791759469228055,2026,1,1,0,3,0,-1
Wildfire,47.593117,-92.543592,0.4054651081081644,2026,1,1,0,3,0,-1
Wildfire,46.023333,-91.06855,0.8754687373538999,2026,1,1,0,3,0,-1
Wildfire,34.0901,-108.4065,6.85751406254539,2026,1,1,0,3,0,-1
Wildfire,47.414131,-92.957726,0.0953101798043248,2026,1,1,0,3,0,-1
Wildfire,35.278698,-119.767456,0.009950330853168,2026,1,1,0,3,0,-1
Wildfire,64.7,-156.73,0.4054651081081644,2026,1,1,0,3,0,-1
Wildfire,36.684717,-106.04545,7.898411092811599,2026,1,1,0,3,0,-1
Wildfire,32.996667,-112.271667,7.935945103353701,2026,1,1,0,3,0,-1
Wildfire,47.633879,-103.736997,0.0953101798043248,2026,1,1,0,3,0,-1
Wildfire,59.969476,-141.66544,5.427150238391005,2026,1,1,0,3,0,-1
Wildfire,46.652033,-91.299483,6.863803391452954,2026,1,1,0,3,0,-1
Wildfire,32.901733,-112.051642,0.009950330853168,2026,1,1,0,3,0,-1
Wildfire,39.73991,-74.80866,6.236369590203704,2026,1,1,0,3,0,-1
Wildfire,31.0266,-92.6282,6.406879986069314,2026,1,1,0,3,0,-1
Wildfire,36.486283,-106.414217,6.802394763324311,2026,1,1,0,3,0,-1
Wildfire,43.045373,-121.445567,8.754791763700032,2026,1,1,0,3,0,-1
Iceberg_D,-75.52,-20.02,6.739336627357174,2026,1,1,0,3,0,-1
Iceberg_D,-71.34,-53.96,4.663439094112067,2026,1,1,0,3,0,1787
Iceberg_D,-70.63,-55.73,4.663439094112067,2026,1,1,0,3,0,1787
Iceberg_D,-70.73,-57.47,4.663439094112067,2026,1,1,0,3,0,1787
Iceberg_D,-70.13,-57.93,4.663439094112067,2026,1,1,0,3,0,1787
Iceberg_D,-69.66,-58.36,4.663439094112067,2026,1,1,0,3,0,1787
Iceberg_D,-69.18,-58.53,4.663439094112067,2026,1,1,0,3,0,1787
Iceberg_D,-68.5,-58.31,4.663439094112067,2026,1,1,0,3,0,1787
Iceberg_D,-67.9,-58.42,4.663439094112067,2026,1,1,0,3,0,1787
Iceberg_D,-67.39,-58.3,4.663439094112067,2026,1,1,0,3,0,1787
Iceberg_D,-66.61,-58.34,4.663439094112067,2026,1,1,0,3,0,1787
Iceberg_D,-66.14,-58.17,4.663439094112067,2026,1,1,0,3,0,1787
Wildfire,44.08256,-115.5997,6.795705775173514,2026,1,1,0,3,0,-1
Wildfire,31.044331,-94.283295,6.841615476477592,2026,1,1,0,3,0,-1
Wildfire,30.5248,-95.1174,7.441906728051625,2026,1,1,0,3,0,-1
Wildfire,32.005333,-92.843167,7.867105500316739,2026,1,1,0,3,0,-1
Wildfire,40.618401,-111.124845,7.86940171257709,2026,1,1,0,3,0,-1
Wildfire,47.859167,-98.565278,7.219861635344442,2026,1,1,0,3,0,-1
Wildfire,33.828997,-81.194,6.226536669287466,2026,1,1,0,3,0,-1
Wildfire,32.951069,-92.783856,6.901737206656574,2026,1,1,0,3,0,-1
Wildfire,33.527833,-85.89,6.805722553416985,2026,1,1,0,3,0,-1
Wildfire,38.726383,-78.508967,6.725033642166843,2026,1,1,0,3,0,-1
Wildfire,38.759444,-78.937222,7.7702232041587855,2026,1,1,0,3,0,-1
Wildfire,39.9111,-78.9148,7.989899374942939,2026,1,1,0,3,0,-1
Wildfire,39.06605,-78.58038,8.736168065858228,2026,1,1,0,3,0,-1
Wildfire,38.917969,-79.082641,6.2166061010848646,2026,1,1,0,3,0,-1
Wildfire,38.788318,-79.074498,6.398594934535208,2026,1,1,0,3,0,-1
Wildfire,36.52673333,-83.92115,7.291656209174461,2026,1,1,0,3,0,-1
Wildfire,38.42,-78.548783,8.764053269347762,2026,1,1,0,3,0,-1
Wildfire,44.52173,-116.97623,7.131698510466912,2026,1,1,0,3,0,-1
Wildfire,31.143333,-89.0933,6.626717749249025,2026,1,1,0,3,0,-1
Wildfire,35.825155,-101.484489,8.006700845440367,2026,1,1,0,3,0,-1
Wildfire,41.48738,-100.57133,11.15354686945718,2026,1,1,0,3,0,-1
Wildfire,35.632396,-101.729965,8.297294370266917,2026,1,1,0,3,0,-1
Wildfire,34.78923,-89.31971,6.255750041753367,2026,1,1,0,3,0,-1
Iceberg_D,-69.83,21.01,5.1298987149230735,2026,1,1,0,3,0,1787
Iceberg_D,-69.29,18.24,5.1298987149230735,2026,1,1,0,3,0,1787
Iceberg_D,-69.53,16.63,5.1298987149230735,2026,1,1,0,3,0,1787
Iceberg_D,-69.36,12.63,5.1298987149230735,2026,1,1,0,3,0,1787
Iceberg_D,-69.55,11.39,5.1298987149230735,2026,1,1,0,3,0,1787
Iceberg_D,-69.77,6.81,5.1298987149230735,2026,1,1,0,3,0,1787
Iceberg_D,-69.36,12.63,5.1298987149230735,2026,1,1,0,3,0,1787
Iceberg_D,-69.95,2.31,5.1298987149230735,2026,1,1,0,3,0,1787
Iceberg_D,-69.69,-1.79,5.1298987149230735,2026,1,1,0,3,0,1787
Iceberg_D,-70.01,-5.22,5.1298987149230735,2026,1,1,0,3,0,1787
Iceberg_D,-74.57,-27.82,5.1298987149230735,2026,1,1,0,3,0,1787
Iceberg_D,-74.62,-30.73,5.1298987149230735,2026,1,1,0,3,0,1787
Iceberg_D,-74.14,-31.03,5.1298987149230735,2026,1,1,0,3,0,1787
Iceberg_D,-73.51,-32.13,5.1298987149230735,2026,1,1,0,3,0,1787
Iceberg_D,-72.73,-31.99,5.1298987149230735,2026,1,1,0,3,0,1787
Iceberg_D,-71.97,-32.52,5.1298987149230735,2026,1,1,0,3,0,1787
Iceberg_D,-71.89,-34.34,5.1298987149230735,2026,1,1,0,3,0,1787
Iceberg_D,-72.29,-35.4,5.1298987149230735,2026,1,1,0,3,0,1787
Iceberg_D,-71.87,-37.49,5.1298987149230735,2026,1,1,0,3,0,1787
Iceberg_D,-71.3,-38.79,5.1298987149230735,2026,1,1,0,3,0,1787
Iceberg_D,-70.51,-39.24,5.1298987149230735,2026,1,1,0,3,0,1787
Iceberg_D,-69.3,-40.02,5.1298987149230735,2026,1,1,0,3,0,1787
Iceberg_D,-68.69,-40.24,5.1298987149230735,2026,1,1,0,3,0,1787
Iceberg_D,-68.54,-41.71,5.1298987149230735,2026,1,1,0,3,0,1787
Iceberg_D,-68.51,-43.35,5.1298987149230735,2026,1,1,0,3,0,1787
Iceberg_D,-68.23,-44.78,5.1298987149230735,2026,1,1,0,3,0,1787
Iceberg_D,-68.28,-46.42,5.1298987149230735,2026,1,1,0,3,0,1787
Iceberg_D,-67.73,-46.79,5.1298987149230735,2026,1,1,0,3,0,1787
Iceberg_D,-67.15,-47.25,5.1298987149230735,2026,1,1,0,3,0,1787
Iceberg_D,-66.37,-47.97,5.1298987149230735,2026,1,1,0,3,0,1787
Iceberg_D,-65.87,-48.19,5.1298987149230735,2026,1,1,0,3,0,1787
Iceberg_D,-65.34,-48.55,5.1298987149230735,2026,1,1,0,3,0,1787
Volcano,-8.542,122.775,6.739336627357174,2026,1,1,0,3,0,-1
Wildfire,37.811634,-106.738281,6.736966958001855,2026,1,1,0,3,0,-1
Volcano,-0.38,100.474,6.739336627357174,2026,1,1,0,3,0,-1
Volcano,1.6992,127.8783,6.739336627357174,2026,1,1,0,3,0,-1
Wildfire,33.666175,-109.485626,8.101980731853192,2026,1,1,0,3,0,-1
Iceberg_D,-67.18,82.12,4.48863636973214,2026,1,1,0,3,0,1786
Wildfire,38.224967,-119.9105,6.731018100482083,2026,1,1,0,3,0,-1
Iceberg_D,-69.38,17.14,5.831882477283517,2026,1,1,0,3,0,1787
Iceberg_D,-69.23,14.37,5.831882477283517,2026,1,1,0,3,0,1787
Iceberg_D,-69.37,13.16,5.831882477283517,2026,1,1,0,3,0,1787
Iceberg_D,-69.58,11.84,5.831882477283517,2026,1,1,0,3,0,1787
Iceberg_D,-69.71,10.18,5.831882477283517,2026,1,1,0,3,0,1787
Iceberg_D,-69.67,7.25,5.831882477283517,2026,1,1,0,3,0,1787
Iceberg_D,-69.66,5.51,5.831882477283517,2026,1,1,0,3,0,1787
Iceberg_D,-69.58,1.4,5.831882477283517,2026,1,1,0,3,0,1787
Iceberg_D,-69.4,-0.74,5.831882477283517,2026,1,1,0,3,0,1787
Iceberg_D,-69.6,-1.94,5.831882477283517,2026,1,1,0,3,0,1787
Iceberg_D,-69.85,-3.64,5.831882477283517,2026,1,1,0,3,0,1787
Iceberg_D,-70.07,-5.14,5.831882477283517,2026,1,1,0,3,0,1787
Iceberg_D,-70.06,-8.04,5.831882477283517,2026,1,1,0,3,0,1787
Iceberg_D,-70.56,-10.27,5.831882477283517,2026,1,1,0,3,0,1787
Iceberg_D,-71.06,-12.94,5.831882477283517,2026,1,1,0,3,0,1787
Iceberg_D,-71.49,-14.77,5.831882477283517,2026,1,1,0,3,0,1787
Iceberg_D,-72.18,-17.62,5.831882477283517,2026,1,1,0,3,0,1787
Iceberg_D,-72.57,-19.7,5.831882477283517,2026,1,1,0,3,0,1787
Iceberg_D,-73.22,-21.86,5.831882477283517,2026,1,1,0,3,0,1787
Iceberg_D,-72.18,-17.62,5.831882477283517,2026,1,1,0,3,0,1787
Iceberg_D,-74.24,-26.96,5.831882477283517,2026,1,1,0,3,0,1787
Iceberg_D,-70.58,-55.49,5.831882477283517,2026,1,1,0,3,0,1787
Iceberg_D,-70.2,-56.26,5.831882477283517,2026,1,1,0,3,0,1787
Iceberg_D,-69.78,-57.35,5.831882477283517,2026,1,1,0,3,0,1787
Iceberg_D,-69.34,-57.06,5.831882477283517,2026,1,1,0,3,0,1787
Iceberg_D,-68.89,-57.32,5.831882477283517,2026,1,1,0,3,0,1787
Iceberg_D,-68.35,-57.11,5.831882477283517,2026,1,1,0,3,0,1787
Iceberg_D,-67.73,-57.17,5.831882477283517,2026,1,1,0,3,0,1787
Iceberg_D,-67.2,-57.35,5.831882477283517,2026,1,1,0,3,0,1787
Iceberg_D,-66.59,-57.21,5.831882477283517,2026,1,1,0,3,0,1787
Iceberg_D,-66.08,-57.22,5.831882477283517,2026,1,1,0,3,0,1787
Iceberg_D,-65.54,-57.08,5.831882477283517,2026,1,1,0,3,0,1787
Iceberg_D,-69.64,18.3,5.53338948872752,2026,1,1,0,3,0,1787
Iceberg_D,-69.45,16.6,5.53338948872752,2026,1,1,0,3,0,1787
Iceberg_D,-69.3,13.66,5.53338948872752,2026,1,1,0,3,0,1787
Iceberg_D,-69.47,12.22,5.53338948872752,2026,1,1,0,3,0,1787
Iceberg_D,-69.61,9.8,5.53338948872752,2026,1,1,0,3,0,1787
Iceberg_D,-69.68,8.01,5.53338948872752,2026,1,1,0,3,0,1787
Iceberg_D,-69.94,4.38,5.53338948872752,2026,1,1,0,3,0,1787
Iceberg_D,-69.84,1.94,5.53338948872752,2026,1,1,0,3,0,1787
Iceberg_D,-69.22,-2.03,5.53338948872752,2026,1,1,0,3,0,1787
Iceberg_D,-69.6,-3.15,5.53338948872752,2026,1,1,0,3,0,1787
Iceberg_D,-70.16,-4.61,5.53338948872752,2026,1,1,0,3,0,1787
Iceberg_D,-70.29,-7.49,5.53338948872752,2026,1,1,0,3,0,1787
Iceberg_D,-70.4,-9.33,5.53338948872752,2026,1,1,0,3,0,1787
Iceberg_D,-70.29,-7.49,5.53338948872752,2026,1,1,0,3,0,1787
Iceberg_D,-71.07,-12.77,5.53338948872752,2026,1,1,0,3,0,1787
Iceberg_D,-71.47,-15.11,5.53338948872752,2026,1,1,0,3,0,1787
Iceberg_D,-72.06,-16.64,5.53338948872752,2026,1,1,0,3,0,1787
Iceberg_D,-76.49,-37.79,5.53338948872752,2026,1,1,0,3,0,1787
Iceberg_D,-76.86,-39.23,5.53338948872752,2026,1,1,0,3,0,1787
Iceberg_D,-77.29,-40.28,5.53338948872752,2026,1,1,0,3,0,1787
Iceberg_D,-76.97,-42.75,5.53338948872752,2026,1,1,0,3,0,1787
Iceberg_D,-76.53,-44.03,5.53338948872752,2026,1,1,0,3,0,1787
Iceberg_D,-76.04,-42.8,5.53338948872752,2026,1,1,0,3,0,1787
Iceberg_D,-75.11,-41.99,5.53338948872752,2026,1,1,0,3,0,1787
Iceberg_D,-74.43,-41.96,5.53338948872752,2026,1,1,0,3,0,1787
Iceberg_D,-73.98,-42.53,5.53338948872752,2026,1,1,0,3,0,1787
Iceberg_D,-73.47,-42.2,5.53338948872752,2026,1,1,0,3,0,1787
Iceberg_D,-73.12,-44.43,5.53338948872752,2026,1,1,0,3,0,1787
Iceberg_D,-72.41,-46.09,5.53338948872752,2026,1,1,0,3,0,1787
Iceberg_D,-71.89,-46.13,5.53338948872752,2026,1,1,0,3,0,1787
Iceberg_D,-70.86,-46.21,5.53338948872752,2026,1,1,0,3,0,1787
Iceberg_D,-70.3,-46.34,5.53338948872752,2026,1,1,0,3,0,1787
Iceberg_D,-69.88,-48.35,5.53338948872752,2026,1,1,0,3,0,1787
Iceberg_D,-69.86,-49.85,5.53338948872752,2026,1,1,0,3,0,1787
Iceberg_D,-69.25,-50.48,5.53338948872752,2026,1,1,0,3,0,1787
Iceberg_D,-69.65,-51.23,5.53338948872752,2026,1,1,0,3,0,1787
Iceberg_D,-69.03,-51.92,5.53338948872752,2026,1,1,0,3,0,1787
Iceberg_D,-68.41,-51.83,5.53338948872752,2026,1,1,0,3,0,1787
Iceberg_D,-67.97,-52.32,5.53338948872752,2026,1,1,0,3,0,1787
Iceberg_D,-67.38,-52.33,5.53338948872752,2026,1,1,0,3,0,1787
Wildfire,39.916896,-74.313143,6.723832440821209,2026,1,1,0,3,0,-1
Wildfire,43.429829,-122.735481,7.57095858316901,2026,1,1,0,3,0,-1
Wildfire,39.786767,-74.825621,7.313886831633462,2026,1,1,0,3,0,-1
Wildfire,41.788333,-123.788333,7.893198869544609,2026,1,1,0,3,0,-1
Wildfire,41.735,-123.674,6.396929655216146,2026,1,1,0,3,0,-1
Wildfire,41.9797,-123.96,6.994849985833071,2026,1,1,0,3,0,-1
Wildfire,41.934667,-124.267,7.60000705879045,2026,1,1,0,3,0,-1
Wildfire,41.37,-123.6308333,10.823751181990987,2026,1,1,0,3,0,-1
Wildfire,41.788334,-123.91522,7.372118028337787,2026,1,1,0,3,0,-1
Wildfire,41.527778,-123.724444,9.185241001671107,2026,1,1,0,3,0,-1
Wildfire,41.432883,-123.692767,8.359600929466682,2026,1,1,0,3,0,-1
Wildfire,41.9485,-123.8995,8.863898604317479,2026,1,1,0,3,0,-1
Wildfire,40.6953,-123.695,6.962243464266207,2026,1,1,0,3,0,-1
Wildfire,41.938613,-123.951946,6.311734809152915,2026,1,1,0,3,0,-1
Wildfire,36.122497,-106.804971,7.695757990554761,2026,1,1,0,3,0,-1
Volcano,1.488,127.63,6.739336627357174,2026,1,1,0,3,0,-1
Wildfire,35.82263333,-83.15196667,6.489204931325317,2026,1,1,0,3,0,-1
Iceberg_A,-75.66,-27.16,6.55250788703459,2026,1,1,0,3,0,6516
Iceberg_A,-76.01,-28.83,6.55250788703459,2026,1,1,0,3,0,6516
Iceberg_A,-76.37,-30.79,6.55250788703459,2026,1,1,0,3,0,6516
Iceberg_A,-76.8,-33.68,6.55250788703459,2026,1,1,0,3,0,6516
Iceberg_A,-77.18,-34.92,6.55250788703459,2026,1,1,0,3,0,6516
Iceberg_A,-77.59,-36.06,6.55250788703459,2026,1,1,0,3,0,6516
Iceberg_A,-77.69,-38.53,6.55250788703459,2026,1,1,0,3,0,6516
Iceberg_A,-77.54,-40.51,6.55250788703459,2026,1,1,0,3,0,6516
Iceberg_A,-77.38,-42.95,6.55250788703459,2026,1,1,0,3,0,6516
Iceberg_A,-77.69,-39.22,6.55250788703459,2026,1,1,0,3,0,6516
Iceberg_A,-77.08,-44.49,6.55250788703459,2026,1,1,0,3,0,6516
Iceberg_A,-76.69,-45.63,6.55250788703459,2026,1,1,0,3,0,6516
Iceberg_A,-76.47,-48.51,6.55250788703459,2026,1,1,0,3,0,6516
Iceberg_A,-75.98,-47.68,6.55250788703459,2026,1,1,0,3,0,6516
Iceberg_A,-69.42,-57.72,6.55250788703459,2026,1,1,0,3,0,6516
Iceberg_A,-69.67,-58.91,6.55250788703459,2026,1,1,0,3,0,6516
Iceberg_A,-69.19,-58.84,6.55250788703459,2026,1,1,0,3,0,6516
Iceberg_A,-68.7,-58.84,6.55250788703459,2026,1,1,0,3,0,6516
Iceberg_A,-68.31,-58.15,6.55250788703459,2026,1,1,0,3,0,6516
Iceberg_A,-67.72,-58.19,6.55250788703459,2026,1,1,0,3,0,6516
Iceberg_A,-67.14,-58.02,6.55250788703459,2026,1,1,0,3,0,6516
Iceberg_A,-66.69,-58.34,6.55250788703459,2026,1,1,0,3,0,6516
Iceberg_A,-65.8,-58.33,6.55250788703459,2026,1,1,0,3,0,6516
Iceberg_A,-65.3,-57.93,6.55250788703459,2026,1,1,0,3,0,6516
Iceberg_A,-64.87,-58.32,6.55250788703459,2026,1,1,0,3,0,6516
Iceberg_A,-64.82,-57.15,6.55250788703459,2026,1,1,0,3,0,6516
Iceberg_D,-68.36,70.68,4.51085950651685,2026,1,1,0,3,0,1788
Iceberg_D,-67.87,70.97,4.51085950651685,2026,1,1,0,3,0,1788
Iceberg_D,-67.25,71.07,4.51085950651685,2026,1,1,0,3,0,1788
Iceberg_D,-66.78,70.03,4.51085950651685,2026,1,1,0,3,0,1788
Iceberg_D,-67.02,68.02,4.51085950651685,2026,1,1,0,3,0,1788
Iceberg_D,-66.69,66.44,4.51085950651685,2026,1,1,0,3,0,1788
Iceberg_D,-66.73,64.91,4.51085950651685,2026,1,1,0,3,0,1788
Iceberg_D,-66.79,61.47,4.51085950651685,2026,1,1,0,3,0,-1
Iceberg_D,-66.63,59.41,4.51085950651685,2026,1,1,0,3,0,-1
Iceberg_D,-65.95,57.37,4.51085950651685,2026,1,1,0,3,0,1789
Iceberg_D,-65.65,55.56,4.51085950651685,2026,1,1,0,3,0,1789
Iceberg_D,-65.41,53.8,4.51085950651685,2026,1,1,0,3,0,1789
Iceberg_D,-65.21,52.63,4.51085950651685,2026,1,1,0,3,0,1789
Iceberg_D,-64.71,51.95,4.51085950651685,2026,1,1,0,3,0,1789
Iceberg_D,-64.61,50.88,4.51085950651685,2026,1,1,0,3,0,1789
Iceberg_D,-65.03,50.49,4.51085950651685,2026,1,1,0,3,0,1789
Iceberg_D,-69.95,-2.1,4.007333185232471,2026,1,1,0,3,0,1787
Iceberg_D,-70.05,-4.13,4.007333185232471,2026,1,1,0,3,0,1787
Iceberg_D,-70.14,-6.05,4.007333185232471,2026,1,1,0,3,0,1787
Iceberg_D,-70.37,-7.56,4.007333185232471,2026,1,1,0,3,0,1787
Iceberg_D,-70.41,-8.92,4.007333185232471,2026,1,1,0,3,0,1787
Iceberg_D,-70.73,-9.94,4.007333185232471,2026,1,1,0,3,0,1787
Iceberg_D,-71.18,-12.58,4.007333185232471,2026,1,1,0,3,0,1787
Iceberg_D,-71.88,-16.28,4.007333185232471,2026,1,1,0,3,0,1787
Iceberg_D,-73.06,-20.64,4.007333185232471,2026,1,1,0,3,0,1787
Iceberg_D,-71.95,-15.13,4.007333185232471,2026,1,1,0,3,0,1787
Iceberg_D,-74.01,-27.02,4.007333185232471,2026,1,1,0,3,0,1787
Iceberg_D,-72.77,-28.57,4.007333185232471,2026,1,1,0,3,0,1787
Iceberg_D,-71.38,-28.37,4.007333185232471,2026,1,1,0,3,0,1787
Iceberg_D,-71.86,-29.29,4.007333185232471,2026,1,1,0,3,0,1787
Iceberg_D,-71.56,-30.55,4.007333185232471,2026,1,1,0,3,0,1787
Iceberg_D,-71.17,-32.4,4.007333185232471,2026,1,1,0,3,0,1787
Iceberg_D,-70.84,-33.47,4.007333185232471,2026,1,1,0,3,0,1787
Iceberg_D,-69.74,-34.14,4.007333185232471,2026,1,1,0,3,0,1787
Iceberg_D,-69.25,-33.22,4.007333185232471,2026,1,1,0,3,0,1787
Iceberg_D,-68.6,-33.3,4.007333185232471,2026,1,1,0,3,0,1787
Iceberg_D,-68.9,-34.27,4.007333185232471,2026,1,1,0,3,0,1787
Iceberg_D,-68.41,-34.42,4.007333185232471,2026,1,1,0,3,0,1787
Iceberg_D,-68.83,-35.47,4.007333185232471,2026,1,1,0,3,0,1787
Iceberg_D,-69.03,-37.95,4.007333185232471,2026,1,1,0,3,0,1787
Iceberg_D,-68.65,-39.6,4.007333185232471,2026,1,1,0,3,0,1787
Iceberg_D,-68.86,-41.1,4.007333185232471,2026,1,1,0,3,0,1787
Iceberg_D,-68.35,-42.29,4.007333185232471,2026,1,1,0,3,0,1787
Iceberg_D,-67.73,-43.21,4.007333185232471,2026,1,1,0,3,0,1787
Iceberg_D,-67.13,-44.33,4.007333185232471,2026,1,1,0,3,0,1787
Iceberg_D,-66.8,-45.65,4.007333185232471,2026,1,1,0,3,0,1787
Iceberg_D,-66.25,-46.3,4.007333185232471,2026,1,1,0,3,0,1787
Iceberg_D,-66.36,-47.66,4.007333185232471,2026,1,1,0,3,0,1787
Volcano,38.789,15.213,6.739336627357174,2026,1,1,0,3,0,-1
Volcano,31.593,130.657,6.739336627357174,2026,1,1,0,3,0,-1
Wildfire,33.63276,-109.3973,8.217438537730187,2026,1,1,0,3,0,-1
Iceberg_A,-76.9,-45.89,6.293419278846481,2026,1,1,0,3,0,6516
Iceberg_A,-76.75,-47.89,6.293419278846481,2026,1,1,0,3,0,6516
Iceberg_A,-76.58,-46.05,6.293419278846481,2026,1,1,0,3,0,6516
Iceberg_A,-76.1,-44.4,6.293419278846481,2026,1,1,0,3,0,6516
Iceberg_A,-76.13,-46.92,6.293419278846481,2026,1,1,0,3,0,6516
Iceberg_A,-75.91,-48.74,6.293419278846481,2026,1,1,0,3,0,6516
Iceberg_A,-75.8,-50.66,6.293419278846481,2026,1,1,0,3,0,6516
Iceberg_A,-75.25,-53.34,6.293419278846481,2026,1,1,0,3,0,6516
Iceberg_A,-74.8,-54.22,6.293419278846481,2026,1,1,0,3,0,6516
Iceberg_A,-75.93,-50.28,6.293419278846481,2026,1,1,0,3,0,6516
Iceberg_A,-73.8,-55.32,6.293419278846481,2026,1,1,0,3,0,6516
Iceberg_A,-73.28,-56.06,6.293419278846481,2026,1,1,0,3,0,6516
Iceberg_A,-72.83,-55.8,6.293419278846481,2026,1,1,0,3,0,6516
Iceberg_A,-72.27,-55.63,6.293419278846481,2026,1,1,0,3,0,6516
Iceberg_A,-71.58,-55.69,6.293419278846481,2026,1,1,0,3,0,6516
Iceberg_A,-72.11,-54.32,6.293419278846481,2026,1,1,0,3,0,6516
Iceberg_A,-72.41,-53.2,6.293419278846481,2026,1,1,0,3,0,6516
Iceberg_A,-72.38,-54.79,6.293419278846481,2026,1,1,0,3,0,6516
Iceberg_A,-70.95,-55.79,6.293419278846481,2026,1,1,0,3,0,6516
Iceberg_A,-64.82,-57.1,6.293419278846481,2026,1,1,0,3,0,6516
Iceberg_A,-64.65,-56.08,6.293419278846481,2026,1,1,0,3,0,6516
Iceberg_A,-64.89,-54.81,6.293419278846481,2026,1,1,0,3,0,6516
Iceberg_A,-64.04,-54.03,6.293419278846481,2026,1,1,0,3,0,6516
Iceberg_A,-63.49,-53.55,6.293419278846481,2026,1,1,0,3,0,6516
Iceberg_A,-62.55,-53.78,6.293419278846481,2026,1,1,0,3,0,6516
Iceberg_A,-61.73,-52.54,6.293419278846481,2026,1,1,0,3,0,6516
Iceberg_A,-61.2,-51.1,6.293419278846481,2026,1,1,0,3,0,6516
Iceberg_A,-60.59,-51.89,6.293419278846481,2026,1,1,0,3,0,6516
Iceberg_A,-60.18,-51.06,6.293419278846481,2026,1,1,0,3,0,6516
Iceberg_A,-59.55,-50.71,6.293419278846481,2026,1,1,0,3,0,6516
Iceberg_A,-59.03,-50.26,6.293419278846481,2026,1,1,0,3,0,6516
Iceberg_A,-59.66,-50.07,6.293419278846481,2026,1,1,0,3,0,6516
Iceberg_A,-58.68,-48.72,6.293419278846481,2026,1,1,0,3,0,6516
Iceberg_A,-58.51,-47.47,6.293419278846481,2026,1,1,0,3,0,6516
Iceberg_A,-57.91,-46.17,6.293419278846481,2026,1,1,0,3,0,6516
Iceberg_A,-56.68,-43.4,6.293419278846481,2026,1,1,0,3,0,6516
Iceberg_A,-55.3,-42.37,6.293419278846481,2026,1,1,0,3,0,6516
Iceberg_A,-55.26,-39.28,6.293419278846481,2026,1,1,0,3,0,6516
Iceberg_A,-55.91,-34.02,6.293419278846481,2026,1,1,0,3,0,6516
Iceberg_A,-55.48,-33.4,6.293419278846481,2026,1,1,0,3,0,6516
Iceberg_A,-54.14,-33.28,6.293419278846481,2026,1,1,0,3,0,6516
Iceberg_A,-53.61,-31.72,6.293419278846481,2026,1,1,0,3,0,6516
Iceberg_A,-53.43,-30.18,6.293419278846481,2026,1,1,0,3,0,6518
Iceberg_A,-53.44,-28.95,6.293419278846481,2026,1,1,0,3,0,6518
Iceberg_A,-54.02,-27.63,5.703782474656201,2026,1,1,0,3,0,6518
Iceberg_A,-54.65,-26.45,5.703782474656201,2026,1,1,0,3,0,6518
Iceberg_A,-55.36,-26.55,5.703782474656201,2026,1,1,0,3,0,6518
Iceberg_A,-56.63,-24.73,5.703782474656201,2026,1,1,0,3,0,-1
Iceberg_A,-57.77,-23.74,5.703782474656201,2026,1,1,0,3,0,6519
Iceberg_A,-59.18,-23.04,5.703782474656201,2026,1,1,0,3,0,6519
Iceberg_A,-58.38,-21.63,5.703782474656201,2026,1,1,0,3,0,6519
Iceberg_A,-58.25,-20.44,5.703782474656201,2026,1,1,0,3,0,6519
Iceberg_A,-58.27,-19.4,5.703782474656201,2026,1,1,0,3,0,6519
Iceberg_A,-57.66,-18.62,5.703782474656201,2026,1,1,0,3,0,6519
Iceberg_C,-65.68,99.61,4.795790545596741,2026,1,1,0,3,0,2766
Iceberg_C,-65.16,99.15,4.663439094112067,2026,1,1,0,3,0,2766
Iceberg_C,-64.78,98.37,4.795790545596741,2026,1,1,0,3,0,2766
Iceberg_C,-64.27,97.94,4.795790545596741,2026,1,1,0,3,0,2766
Iceberg_C,-64.34,95.86,4.795790545596741,2026,1,1,0,3,0,2766
Iceberg_C,-65.05,92.92,4.795790545596741,2026,1,1,0,3,0,2766
Iceberg_C,-65.46,90.81,4.795790545596741,2026,1,1,0,3,0,2766
Iceberg_C,-65.8,89.37,4.795790545596741,2026,1,1,0,3,0,2766
Iceberg_C,-65.96,85.51,4.795790545596741,2026,1,1,0,3,0,2766
Iceberg_C,-66.28,84.07,4.795790545596741,2026,1,1,0,3,0,2766
Iceberg_C,-66.03,83.06,4.795790545596741,2026,1,1,0,3,0,2766
Iceberg_C,-65.8,81.85,4.795790545596741,2026,1,1,0,3,0,2766
Iceberg_C,-66.17,80.3,4.795790545596741,2026,1,1,0,3,0,2766
Iceberg_C,-66.56,77.76,4.795790545596741,2026,1,1,0,3,0,2766
Iceberg_C,-67.03,77.22,4.795790545596741,2026,1,1,0,3,0,2766
Iceberg_C,-67.7,77.49,4.795790545596741,2026,1,1,0,3,0,2766
Iceberg_C,-68.31,77.23,3.49650756146648,2026,1,1,0,3,0,2766
Iceberg_C,-69.16,75.08,3.49650756146648,2026,1,1,0,3,0,2766
Volcano,52.076,-176.13,6.739336627357174,2026,1,1,0,3,0,-1
Iceberg_A,-75.57,-57.04,4.727387818712341,2026,1,1,0,3,0,6516
Iceberg_A,-74.98,-56.38,4.727387818712341,2026,1,1,0,3,0,6516
Iceberg_A,-74.41,-56.65,4.727387818712341,2026,1,1,0,3,0,6516
Iceberg_A,-73.85,-57.29,4.727387818712341,2026,1,1,0,3,0,6516
Iceberg_A,-72.87,-58.29,4.727387818712341,2026,1,1,0,3,0,6516
Iceberg_A,-72.03,-59.3,4.727387818712341,2026,1,1,0,3,0,6516
Iceberg_A,-71.14,-59.61,4.727387818712341,2026,1,1,0,3,0,6516
Iceberg_A,-70.66,-59.88,4.727387818712341,2026,1,1,0,3,0,6516
Iceberg_A,-69.93,-60.06,4.727387818712341,2026,1,1,0,3,0,6516
Iceberg_A,-69.42,-59.89,4.727387818712341,2026,1,1,0,3,0,6516
Iceberg_A,-68.97,-60.03,4.727387818712341,2026,1,1,0,3,0,6516
Iceberg_A,-68.41,-59.62,4.727387818712341,2026,1,1,0,3,0,6516
Iceberg_A,-67.76,-59.56,4.727387818712341,2026,1,1,0,3,0,6516
Iceberg_A,-67.18,-59.0,4.727387818712341,2026,1,1,0,3,0,6516
Iceberg_A,-66.72,-59.15,4.727387818712341,2026,1,1,0,3,0,6516
Iceberg_A,-66.27,-59.83,4.727387818712341,2026,1,1,0,3,0,6516
Iceberg_A,-66.41,-58.61,4.727387818712341,2026,1,1,0,3,0,6516
Iceberg_A,-66.08,-59.75,4.727387818712341,2026,1,1,0,3,0,6516
Iceberg_A,-65.64,-60.2,4.727387818712341,2026,1,1,0,3,0,6516
Iceberg_A,-65.38,-58.92,4.727387818712341,2026,1,1,0,3,0,6516
Iceberg_A,-65.18,-57.76,4.727387818712341,2026,1,1,0,3,0,6516
Iceberg_A,-65.1,-56.67,4.727387818712341,2026,1,1,0,3,0,6516
Iceberg_A,-64.1,-56.07,4.727387818712341,2026,1,1,0,3,0,6516
Iceberg_A,-64.42,-55.23,4.727387818712341,2026,1,1,0,3,0,6516
Iceberg_A,-63.88,-54.02,4.727387818712341,2026,1,1,0,3,0,6516
Iceberg_A,-63.79,-52.84,4.727387818712341,2026,1,1,0,3,0,6516
Iceberg_A,-63.45,-51.88,4.727387818712341,2026,1,1,0,3,0,6516
Iceberg_A,-62.97,-52.19,4.727387818712341,2026,1,1,0,3,0,6516
Iceberg_A,-62.3,-53.29,4.727387818712341,2026,1,1,0,3,0,6516
Iceberg_A,-61.86,-52.11,4.727387818712341,2026,1,1,0,3,0,6516
Iceberg_A,-61.48,-50.95,4.727387818712341,2026,1,1,0,3,0,6516
Iceberg_A,-61.09,-49.8,4.727387818712341,2026,1,1,0,3,0,6516
Iceberg_A,-60.99,-48.45,4.727387818712341,2026,1,1,0,3,0,6516
Iceberg_A,-60.59,-49.0,4.727387818712341,2026,1,1,0,3,0,6516
Iceberg_A,-60.05,-47.81,4.727387818712341,2026,1,1,0,3,0,6516
Iceberg_A,-60.08,-44.61,4.727387818712341,2026,1,1,0,3,0,6516
Iceberg_A,-60.17,-43.29,4.727387818712341,2026,1,1,0,3,0,6516
Iceberg_A,-60.45,-42.33,4.727387818712341,2026,1,1,0,3,0,6516
Iceberg_A,-60.59,-40.58,4.727387818712341,2026,1,1,0,3,0,6516
Iceberg_A,-60.37,-38.87,4.727387818712341,2026,1,1,0,3,0,6516
Iceberg_A,-59.78,-38.56,4.727387818712341,2026,1,1,0,3,0,6516
Iceberg_A,-59.12,-38.71,4.727387818712341,2026,1,1,0,3,0,6516
Iceberg_A,-59.43,-37.46,4.727387818712341,2026,1,1,0,3,0,6516
Iceberg_A,-60.2,-37.33,4.727387818712341,2026,1,1,0,3,0,6516
Iceberg_A,-60.53,-38.05,4.727387818712341,2026,1,1,0,3,0,6516
Iceberg_A,-59.79,-38.1,4.727387818712341,2026,1,1,0,3,0,6516
Iceberg_A,-59.26,-37.2,4.727387818712341,2026,1,1,0,3,0,6516
Iceberg_A,-59.0,-36.32,4.727387818712341,2026,1,1,0,3,0,6516
Iceberg_A,-59.5,-36.33,4.727387818712341,2026,1,1,0,3,0,6516
Volcano,-7.54,110.446,6.739336627357174,2026,1,1,0,3,0,-1
Volcano,14.757,-91.552,6.739336627357174,2026,1,1,0,3,0,-1
Volcano,-8.108,112.922,6.739336627357174,2026,1,1,0,3,0,-1
Volcano,-0.07,-77.65,6.739336627357174,2026,1,1,0,3,0,-1
Volcano,-2.005,-78.341,6.739336627357174,2026,1,1,0,3,0,-1
Iceberg_C,-65.47,113.9,6.739336627357174,2026,1,1,0,3,0,-1
Iceberg_C,-65.3,109.47,4.394449154672439,2026,1,1,0,3,0,-1
Iceberg_C,-64.93,108.25,4.394449154672439,2026,1,1,0,3,0,-1
Iceberg_C,-64.95,105.93,4.394449154672439,2026,1,1,0,3,0,2766
Iceberg_C,-64.65,102.16,4.394449154672439,2026,1,1,0,3,0,2766
Iceberg_C,-64.95,100.94,4.394449154672439,2026,1,1,0,3,0,2766
Iceberg_C,-64.74,99.79,4.394449154672439,2026,1,1,0,3,0,2766
Iceberg_C,-64.33,98.0,4.343805421853684,2026,1,1,0,3,0,2766
Iceberg_C,-64.38,96.02,4.343805421853684,2026,1,1,0,3,0,2766
Iceberg_C,-64.77,94.09,4.343805421853684,2026,1,1,0,3,0,2766
Iceberg_C,-65.3,94.61,4.343805421853684,2026,1,1,0,3,0,2766
Iceberg_C,-65.96,93.5,4.343805421853684,2026,1,1,0,3,0,2766
Iceberg_C,-66.25,90.98,4.343805421853684,2026,1,1,0,3,0,2766
Iceberg_C,-66.6,89.54,4.343805421853684,2026,1,1,0,3,0,2766
Iceberg_C,-66.37,88.26,4.343805421853684,2026,1,1,0,3,0,2766
Iceberg_C,-65.85,85.85,4.343805421853684,2026,1,1,0,3,0,2766
Iceberg_C,-66.12,84.3,4.343805421853684,2026,1,1,0,3,0,2766
Iceberg_C,-65.91,82.7,4.343805421853684,2026,1,1,0,3,0,2766
Iceberg_C,-65.77,81.64,4.394449154672439,2026,1,1,0,3,0,2766
Iceberg_C,-66.01,80.29,4.394449154672439,2026,1,1,0,3,0,2766
Iceberg_C,-66.48,78.96,4.394449154672439,2026,1,1,0,3,0,2766
Iceberg_C,-66.88,77.42,4.394449154672439,2026,1,1,0,3,0,2766
Iceberg_C,-66.48,78.96,4.394449154672439,2026,1,1,0,3,0,2766
Iceberg_C,-67.23,77.68,4.394449154672439,2026,1,1,0,3,0,2766
Iceberg_C,-68.28,77.58,4.394449154672439,2026,1,1,0,3,0,2766
Iceberg_C,-68.61,75.79,4.394449154672439,2026,1,1,0,3,0,2766
Iceberg_C,-68.57,74.04,4.394449154672439,2026,1,1,0,3,0,2766
Iceberg_C,-68.04,72.75,4.394449154672439,2026,1,1,0,3,0,2766
Iceberg_C,-68.03,71.19,4.394449154672439,2026,1,1,0,3,0,2766
Iceberg_C,-67.25,70.92,4.394449154672439,2026,1,1,0,3,0,2766
Iceberg_C,-66.97,69.06,4.394449154672439,2026,1,1,0,3,0,2766
Iceberg_C,-66.98,67.66,4.394449154672439,2026,1,1,0,3,0,2766
Iceberg_C,-66.91,65.4,4.394449154672439,2026,1,1,0,3,0,2766
Iceberg_C,-66.57,62.79,3.713572066704308,2026,1,1,0,3,0,2766
Iceberg_C,-66.49,61.17,3.713572066704308,2026,1,1,0,3,0,2766
Iceberg_C,-66.53,59.84,3.713572066704308,2026,1,1,0,3,0,2766
Iceberg_C,-66.02,57.65,3.713572066704308,2026,1,1,0,3,0,2766
Iceberg_C,-65.76,56.52,3.713572066704308,2026,1,1,0,3,0,2766
Iceberg_C,-65.64,54.33,3.713572066704308,2026,1,1,0,3,0,2766
Iceberg_C,-65.51,52.96,3.713572066704308,2026,1,1,0,3,0,2766
Iceberg_C,-66.11,50.29,3.713572066704308,2026,1,1,0,3,0,2766
Iceberg_C,-66.38,48.31,3.713572066704308,2026,1,1,0,3,0,2766
Iceberg_C,-66.77,47.55,3.713572066704308,2026,1,1,0,3,0,2766
Iceberg_C,-64.84,96.02,6.739336627357174,2026,1,1,0,3,0,2766
Iceberg_C,-64.78,96.3,6.739336627357174,2026,1,1,0,3,0,2766
Iceberg_C,-64.69,96.52,6.739336627357174,2026,1,1,0,3,0,2766
Iceberg_D,-69.43,74.65,6.739336627357174,2026,1,1,0,3,0,1788
Iceberg_B,-67.97,41.71,6.739336627357174,2026,1,1,0,3,0,9814
Iceberg_B,-65.98,51.31,6.739336627357174,2026,1,1,0,3,0,-1
Iceberg_B,-66.13,49.16,3.80666248977032,2026,1,1,0,3,0,9814
Iceberg_B,-66.98,45.05,3.80666248977032,2026,1,1,0,3,0,9814
Iceberg_B,-66.36,45.27,3.80666248977032,2026,1,1,0,3,0,9814
Iceberg_B,-67.03,44.44,3.80666248977032,2026,1,1,0,3,0,9814
Iceberg_B,-67.54,42.52,3.80666248977032,2026,1,1,0,3,0,9814
Iceberg_B,-68.33,36.62,3.80666248977032,2026,1,1,0,3,0,-1
Iceberg_B,-68.02,34.09,3.80666248977032,2026,1,1,0,3,0,-1
Iceberg_B,-68.53,31.9,3.80666248977032,2026,1,1,0,3,0,-1
Iceberg_B,-69.43,28.01,3.80666248977032,2026,1,1,0,3,0,-1
Iceberg_B,-69.78,21.09,3.80666248977032,2026,1,1,0,3,0,9815
Iceberg_B,-69.28,16.36,3.80666248977032,2026,1,1,0,3,0,9815
Iceberg_B,-69.44,13.05,3.80666248977032,2026,1,1,0,3,0,9815
Iceberg_B,-69.68,10.96,3.80666248977032,2026,1,1,0,3,0,9815
Iceberg_B,-69.81,7.57,3.80666248977032,2026,1,1,0,3,0,9815
Iceberg_B,-69.44,13.05,3.80666248977032,2026,1,1,0,3,0,9815
Iceberg_B,-69.94,-2.42,3.80666248977032,2026,1,1,0,3,0,-1
Iceberg_B,-70.15,-7.07,3.80666248977032,2026,1,1,0,3,0,-1
Iceberg_B,-70.71,-10.71,3.80666248977032,2026,1,1,0,3,0,-1
Iceberg_B,-69.44,13.05,3.80666248977032,2026,1,1,0,3,0,9815
Iceberg_B,-71.49,-12.59,3.80666248977032,2026,1,1,0,3,0,9816
Iceberg_B,-72.01,-15.57,3.80666248977032,2026,1,1,0,3,0,9816
Iceberg_B,-72.03,-17.51,3.80666248977032,2026,1,1,0,3,0,9816
Iceberg_B,-72.48,-18.08,3.80666248977032,2026,1,1,0,3,0,9816
Iceberg_B,-72.04,-19.45,3.80666248977032,2026,1,1,0,3,0,9816
Iceberg_B,-72.48,-18.08,3.80666248977032,2026,1,1,0,3,0,9816
Iceberg_B,-74.3,-28.0,3.80666248977032,2026,1,1,0,3,0,-1
Iceberg_B,-68.94,-54.78,3.713572066704308,2026,1,1,0,3,0,9817
Iceberg_B,-68.08,-55.35,3.713572066704308,2026,1,1,0,3,0,9817
Iceberg_B,-67.53,-55.89,3.713572066704308,2026,1,1,0,3,0,9817
Iceberg_B,-67.02,-56.03,3.713572066704308,2026,1,1,0,3,0,9817
Iceberg_B,-66.35,-55.72,3.713572066704308,2026,1,1,0,3,0,9817
Iceberg_B,-66.0,-54.46,3.713572066704308,2026,1,1,0,3,0,9817
Iceberg_B,-65.54,-53.44,3.713572066704308,2026,1,1,0,3,0,9817
Iceberg_B,-64.6,-54.03,3.713572066704308,2026,1,1,0,3,0,9817
Iceberg_B,-64.16,-53.45,3.713572066704308,2026,1,1,0,3,0,9817
Iceberg_B,-63.52,-53.2,3.713572066704308,2026,1,1,0,3,0,9817
Iceberg_B,-63.22,-52.42,3.713572066704308,2026,1,1,0,3,0,9817
Iceberg_B,-62.61,-53.32,3.713572066704308,2026,1,1,0,3,0,9817
Iceberg_B,-61.78,-52.52,3.713572066704308,2026,1,1,0,3,0,9817
Iceberg_B,-61.22,-52.15,3.713572066704308,2026,1,1,0,3,0,9817
Iceberg_B,-61.37,-53.39,3.713572066704308,2026,1,1,0,3,0,9817
Iceberg_B,-60.43,-52.99,3.713572066704308,2026,1,1,0,3,0,9817
Iceberg_B,-58.92,-50.72,3.713572066704308,2026,1,1,0,3,0,9818
Iceberg_B,-57.76,-48.75,3.713572066704308,2026,1,1,0,3,0,9818
Iceberg_B,-58.15,-48.2,3.713572066704308,2026,1,1,0,3,0,9818
Iceberg_B,-58.66,-47.08,3.713572066704308,2026,1,1,0,3,0,9818
Iceberg_B,-59.4,-46.53,3.713572066704308,2026,1,1,0,3,0,9818
Iceberg_B,-58.62,-45.21,3.713572066704308,2026,1,1,0,3,0,9818
Iceberg_B,-58.15,-46.26,3.713572066704308,2026,1,1,0,3,0,9818
Iceberg_B,-57.23,-44.22,3.713572066704308,2026,1,1,0,3,0,9818
Iceberg_B,-57.07,-43.04,3.713572066704308,2026,1,1,0,3,0,-1
Iceberg_B,-58.0,-39.43,3.713572066704308,2026,1,1,0,3,0,9819
Iceberg_B,-57.68,-37.84,3.713572066704308,2026,1,1,0,3,0,9819
Iceberg_B,-56.77,-38.14,3.713572066704308,2026,1,1,0,3,0,9819
Iceberg_B,-56.39,-37.34,3.713572066704308,2026,1,1,0,3,0,9819
Iceberg_B,-57.62,-35.11,3.713572066704308,2026,1,1,0,3,0,9819
Iceberg_B,-56.11,-33.86,3.713572066704308,2026,1,1,0,3,0,-1
Iceberg_B,-54.98,-33.86,3.713572066704308,2026,1,1,0,3,0,-1
Iceberg_B,-53.63,-34.56,3.713572066704308,2026,1,1,0,3,0,-1
Iceberg_B,-53.33,-33.75,2.70805020110221,2026,1,1,0,3,0,-1
Iceberg_C,-68.13,147.83,6.739336627357174,2026,1,1,0,3,0,2767
Iceberg_C,-67.76,147.04,5.910796644040527,2026,1,1,0,3,0,2767
Iceberg_D,-67.0,81.633,6.739336627357174,2026,1,1,0,3,0,1786
Iceberg_D,-67.08,81.76,6.739336627357174,2026,1,1,0,3,0,1786
Iceberg_D,-66.7,81.9167,6.739336627357174,2026,1,1,0,3,0,1786
Iceberg_A,-75.8853,-41.4727,6.739336627357174,2026,1,1,0,3,0,6516
Iceberg_A,-75.7,-39.74,7.215975002651466,2026,1,1,0,3,0,6516
Iceberg_A,-75.55,-37.63,7.215975002651466,2026,1,1,0,3,0,6516
Iceberg_A,-75.08,-37.38,7.215975002651466,2026,1,1,0,3,0,6516
Iceberg_A,-74.79,-38.83,7.215975002651466,2026,1,1,0,3,0,6516
Iceberg_A,-74.31,-39.92,7.215975002651466,2026,1,1,0,3,0,6516
Iceberg_A,-73.89,-40.86,7.215975002651466,2026,1,1,0,3,0,6516
Iceberg_A,-73.66,-42.91,7.215975002651466,2026,1,1,0,3,0,6516
Iceberg_A,-73.26,-43.85,7.215975002651466,2026,1,1,0,3,0,6516
Iceberg_A,-72.85,-44.88,7.215975002651466,2026,1,1,0,3,0,6516
Iceberg_A,-72.52,-45.99,7.215975002651466,2026,1,1,0,3,0,6516
Iceberg_A,-72.15,-46.97,7.215975002651466,2026,1,1,0,3,0,6516
Iceberg_A,-71.97,-48.51,7.215975002651466,2026,1,1,0,3,0,6516
Iceberg_A,-71.88,-50.08,7.215975002651466,2026,1,1,0,3,0,6516
Iceberg_A,-71.68,-51.9,7.215975002651466,2026,1,1,0,3,0,6516
Iceberg_A,-71.02,-54.13,7.215975002651466,2026,1,1,0,3,0,6516
Iceberg_A,-70.5,-55.05,7.215975002651466,2026,1,1,0,3,0,6516
Iceberg_A,-69.44,-56.07,7.155396301896734,2026,1,1,0,3,0,6516
Iceberg_A,-70.5,-55.05,7.215975002651466,2026,1,1,0,3,0,6516
Iceberg_A,-68.33,-55.95,7.155396301896734,2026,1,1,0,3,0,6516
Iceberg_A,-67.81,-55.55,7.155396301896734,2026,1,1,0,3,0,6516
Iceberg_A,-70.5,-55.05,7.215975002651466,2026,1,1,0,3,0,6516
Iceberg_A,-66.57,-55.05,7.155396301896734,2026,1,1,0,3,0,6516
Iceberg_A,-66.0,-54.0,7.155396301896734,2026,1,1,0,3,0,6516
Iceberg_A,-65.46,-53.63,7.155396301896734,2026,1,1,0,3,0,6516
Iceberg_A,-64.64,-53.96,7.155396301896734,2026,1,1,0,3,0,6516
Iceberg_A,-64.07,-53.11,7.155396301896734,2026,1,1,0,3,0,6516
Iceberg_A,-63.78,-52.03,7.155396301896734,2026,1,1,0,3,0,6516
Iceberg_A,-63.34,-51.68,7.155396301896734,2026,1,1,0,3,0,6516
Iceberg_A,-62.82,-52.44,7.155396301896734,2026,1,1,0,3,0,6516
Iceberg_A,-62.39,-53.05,7.155396301896734,2026,1,1,0,3,0,6516
Iceberg_A,-62.02,-52.23,7.155396301896734,2026,1,1,0,3,0,6516
Iceberg_A,-61.42,-50.86,7.155396301896734,2026,1,1,0,3,0,6516
Iceberg_A,-61.05,-50.27,7.155396301896734,2026,1,1,0,3,0,6516
Iceberg_A,-60.8,-51.64,7.155396301896734,2026,1,1,0,3,0,6516
Iceberg_A,-60.29,-50.28,7.155396301896734,2026,1,1,0,3,0,6516
Iceberg_A,-60.05,-49.43,7.155396301896734,2026,1,1,0,3,0,6516
Iceberg_A,-60.56,-51.22,7.155396301896734,2026,1,1,0,3,0,6516
Iceberg_A,-59.65,-45.37,7.155396301896734,2026,1,1,0,3,0,6516
Iceberg_A,-58.89,-44.79,7.155396301896734,2026,1,1,0,3,0,6516
Iceberg_A,-57.37,-42.12,7.155396301896734,2026,1,1,0,3,0,6516
Iceberg_A,-57.37,-40.46,7.155396301896734,2026,1,1,0,3,0,6516
Iceberg_A,-57.74,-39.56,7.155396301896734,2026,1,1,0,3,0,6516
Iceberg_A,-57.46,-38.63,7.155396301896734,2026,1,1,0,3,0,6516
Iceberg_A,-56.88,-39.34,7.155396301896734,2026,1,1,0,3,0,6516
Iceberg_A,-56.79,-40.31,7.155396301896734,2026,1,1,0,3,0,6516
Iceberg_A,-56.45,-40.92,7.155396301896734,2026,1,1,0,3,0,6516
Iceberg_A,-55.65,-40.38,7.155396301896734,2026,1,1,0,3,0,6516
Iceberg_A,-54.78,-39.13,7.155396301896734,2026,1,1,0,3,0,6516
Iceberg_A,-55.39,-37.77,7.155396301896734,2026,1,1,0,3,0,6516
Iceberg_A,-56.36,-36.52,7.155396301896734,2026,1,1,0,3,0,6516
Iceberg_A,-56.74,-35.2,7.155396301896734,2026,1,1,0,3,0,6516
Iceberg_A,-56.68,-34.07,7.155396301896734,2026,1,1,0,3,0,6516
Iceberg_A,-56.19,-33.8,7.155396301896734,2026,1,1,0,3,0,6516
Iceberg_A,-55.33,-33.77,7.155396301896734,2026,1,1,0,3,0,6516
Iceberg_A,-54.0,-35.0,6.963189985870238,2026,1,1,0,3,0,6516
Iceberg_A,-53.3,-36.78,6.963189985870238,2026,1,1,0,3,0,6516
Iceberg_A,-52.77,-36.8,6.963189985870238,2026,1,1,0,3,0,6516
Iceberg_A,-53.26,-37.04,6.963189985870238,2026,1,1,0,3,0,6516
Iceberg_A,-53.43,-38.75,6.963189985870238,2026,1,1,0,3,0,6516
Iceberg_A,-53.06,-40.23,6.963189985870238,2026,1,1,0,3,0,6516
Iceberg_A,-52.42,-40.48,6.35088571671474,2026,1,1,0,3,0,6516
Iceberg_A,-52.74,-39.89,6.35088571671474,2026,1,1,0,3,0,6516
Iceberg_A,-52.98,-40.88,6.35088571671474,2026,1,1,0,3,0,6516
Iceberg_A,-52.31,-41.49,6.35088571671474,2026,1,1,0,3,0,6516
Iceberg_A,-51.64,-41.41,6.35088571671474,2026,1,1,0,3,0,6516
Iceberg_A,-49.76,-40.26,6.35088571671474,2026,1,1,0,3,0,-1
Iceberg_A,-48.95,-40.64,6.35088571671474,2026,1,1,0,3,0,-1
Iceberg_A,-48.02,-34.61,6.35088571671474,2026,1,1,0,3,0,-1
Iceberg_A,-47.17,-31.83,5.1298987149230735,2026,1,1,0,3,0,-1
Iceberg_A,-48.6,-33.43,4.158883083359672,2026,1,1,0,3,0,-1
Iceberg_A,-48.95,-31.79,4.158883083359672,2026,1,1,0,3,0,-1
Iceberg_B,-74.2006,-108.5265,6.739336627357174,2026,1,1,0,3,0,9820
Iceberg_B,-73.82,-109.44,6.816735880594968,2026,1,1,0,3,0,9820
Iceberg_B,-73.39,-108.78,6.816735880594968,2026,1,1,0,3,0,9820
Iceberg_B,-72.76,-108.24,6.816735880594968,2026,1,1,0,3,0,9820
Iceberg_B,-72.33,-108.85,6.816735880594968,2026,1,1,0,3,0,9820
Iceberg_B,-72.2,-111.09,6.816735880594968,2026,1,1,0,3,0,9820
Iceberg_B,-72.1,-113.27,6.816735880594968,2026,1,1,0,3,0,9820
Iceberg_B,-72.02,-115.09,6.963189985870238,2026,1,1,0,3,0,9820
Iceberg_B,-72.13,-113.47,6.816735880594968,2026,1,1,0,3,0,9820
Iceberg_B,-71.72,-112.4,6.963189985870238,2026,1,1,0,3,0,9820
Iceberg_B,-71.47,-114.38,6.963189985870238,2026,1,1,0,3,0,9820
Iceberg_B,-71.5,-116.41,6.963189985870238,2026,1,1,0,3,0,9820
Iceberg_B,-71.81,-117.78,6.963189985870238,2026,1,1,0,3,0,9820
Iceberg_B,-72.15,-119.18,6.963189985870238,2026,1,1,0,3,0,9820
Iceberg_B,-74.32,-143.26,6.755768921984255,2026,1,1,0,3,0,9813
Iceberg_B,-74.54,-145.28,6.755768921984255,2026,1,1,0,3,0,9813
Iceberg_B,-74.93,-147.2,6.755768921984255,2026,1,1,0,3,0,9813
Iceberg_B,-75.29,-149.39,6.755768921984255,2026,1,1,0,3,0,9813
Iceberg_B,-75.62,-151.53,6.755768921984255,2026,1,1,0,3,0,9813
Iceberg_B,-75.86,-153.91,6.755768921984255,2026,1,1,0,3,0,9813
Iceberg_B,-76.31,-155.77,6.755768921984255,2026,1,1,0,3,0,9813
Iceberg_B,-76.29,-158.09,6.755768921984255,2026,1,1,0,3,0,9813
Iceberg_B,-76.16,-160.03,6.755768921984255,2026,1,1,0,3,0,9813
Iceberg_B,-75.8,-161.95,6.755768921984255,2026,1,1,0,3,0,9813
Iceberg_B,-75.3,-162.46,6.755768921984255,2026,1,1,0,3,0,9813
Iceberg_B,-75.08,-165.18,6.755768921984255,2026,1,1,0,3,0,9813
Iceberg_B,-74.62,-167.15,6.755768921984255,2026,1,1,0,3,0,9813
Iceberg_B,-74.24,-168.96,6.755768921984255,2026,1,1,0,3,0,9813
Iceberg_B,-73.66,-169.91,6.587550014824796,2026,1,1,0,3,0,9813
Iceberg_B,-72.85,-170.36,6.587550014824796,2026,1,1,0,3,0,9813
Iceberg_B,-72.31,-171.01,6.587550014824796,2026,1,1,0,3,0,9813
Iceberg_B,-72.15,-172.53,6.587550014824796,2026,1,1,0,3,0,9813
Iceberg_B,-71.69,-173.47,6.587550014824796,2026,1,1,0,3,0,9813
Iceberg_B,-71.1,-174.64,6.587550014824796,2026,1,1,0,3,0,9813
Iceberg_B,-70.78,-175.65,6.587550014824796,2026,1,1,0,3,0,9813
Iceberg_B,-70.62,-177.22,6.587550014824796,2026,1,1,0,3,0,9813
Iceberg_B,-70.25,-178.57,6.587550014824796,2026,1,1,0,3,0,9813
Iceberg_B,-70.7,-178.6,6.587550014824796,2026,1,1,0,3,0,9813
Iceberg_C,-67.6323,146.7084,6.739336627357174,2026,1,1,0,3,0,2767
Iceberg_C,-67.1938,146.3216,6.739336627357174,2026,1,1,0,3,0,2767
Iceberg_C,-66.8472,145.4999,6.739336627357174,2026,1,1,0,3,0,2767
Iceberg_C,-66.6613,144.2684,6.739336627357174,2026,1,1,0,3,0,2767
Iceberg_C,-66.5038,143.1912,6.739336627357174,2026,1,1,0,3,0,2767
Iceberg_C,-66.25,143.36,6.739336627357174,2026,1,1,0,3,0,2767
Iceberg_B,-66.366,143.3638,6.739336627357174,2026,1,1,0,3,0,-1
Iceberg_B,-66.7354,142.6649,6.739336627357174,2026,1,1,0,3,0,-1
Iceberg_B,-66.37,143.39,6.739336627357174,2026,1,1,0,3,0,-1
Iceberg_C,-64.9955,96.18,6.739336627357174,2026,1,1,0,3,0,2766
Volcano,14.473,-90.88,6.739336627357174,2026,1,1,0,3,0,-1
